Handle,Title,Body (HTML),Vendor,Product Category,Type,Tags,Published,Option1 Name,Option1 Value,Option1 Linked To,Option2 Name,Option2 Value,Option2 Linked To,Option3 Name,Option3 Value,Option3 Linked To,Variant SKU,Variant Grams,Variant Inventory Tracker,Variant Inventory Qty,Variant Inventory Policy,Variant Fulfillment Service,Variant Price,Variant Compare At Price,Variant Requires Shipping,Variant Taxable,Unit Price Total Measure,Unit Price Total Measure Unit,Unit Price Base Measure,Unit Price Base Measure Unit,Variant Barcode,Image Src,Image Position,Image Alt Text,Gift Card,SEO Title,SEO Description,Google Shopping / Google Product Category,Google Shopping / Gender,Google Shopping / Age Group,Google Shopping / MPN,Google Shopping / Condition,Google Shopping / Custom Product,Google Shopping / Custom Label 0,Google Shopping / Custom Label 1,Google Shopping / Custom Label 2,Google Shopping / Custom Label 3,Google Shopping / Custom Label 4,Autres couleurs (product.metafields.custom.autres_couleurs),Autres couleurs disponibles waffle (product.metafields.custom.autres_couleurs_disponibles_waffle),Linked colors (product.metafields.custom.linked_colors),Restock badge (product.metafields.custom.restock_badge),Google: Custom Product (product.metafields.mm-google-shopping.custom_product),Nombre d’évaluations de produit (product.metafields.reviews.rating_count),Tranche d’âge (product.metafields.shopify.age-group),Caractéristiques des vêtements (product.metafields.shopify.clothing-features),Couleur (product.metafields.shopify.color-pattern),Tissu (product.metafields.shopify.fabric),Décolleté (product.metafields.shopify.neckline),Taille (product.metafields.shopify.size),Type de longueur du manche (product.metafields.shopify.sleeve-length-type),Sexe cible (product.metafields.shopify.target-gender),Type de longueur du haut (product.metafields.shopify.top-length-type),Produits complémentaires (product.metafields.shopify--discovery--product_recommendation.complementary_products),Produits connexes (product.metafields.shopify--discovery--product_recommendation.related_products),Paramètres des produits connexes (product.metafields.shopify--discovery--product_recommendation.related_products_display),Mises en avant de produits dans la recherche (product.metafields.shopify--discovery--product_search_boost.queries),Variant Image,Variant Weight Unit,Variant Tax Code,Cost per item,Status
calecon-noir-1,Caleçon Noir,"",Noclout,Apparel & Accessories,"","",false,SIZE,XS,,,,,,,,CLN-XS-NOIR,0.0,shopify,1,deny,manual,0.00,,true,true,,,,,CLN-XS-NOIR,,,,false,,,166,,,,,,,,,,,,,,,,,,,,,,,,,,,,,,,kg,,,draft
calecon-noir-1,,,,,,,,,S,,,,,,,,CLN-S-NOIR,0.0,shopify,1,deny,manual,0.00,,true,true,,,,,CLN-S-NOIR,,,,,,,,,,,,,,,,,,,,,,,,,,,,,,,,,,,,,,kg,,,
calecon-noir-1,,,,,,,,,M,,,,,,,,CLN-M-NOIR,0.0,shopify,1,deny,manual,0.00,,true,true,,,,,CLN-M-NOIR,,,,,,,,,,,,,,,,,,,,,,,,,,,,,,,,,,,,,,kg,,,
calecon-noir-1,,,,,,,,,L,,,,,,,,CLN-L-NOIR,0.0,shopify,1,deny,manual,0.00,,true,true,,,,,CLN-L-NOIR,,,,,,,,,,,,,,,,,,,,,,,,,,,,,,,,,,,,,,kg,,,
calecon-noir-1,,,,,,,,,XL,,,,,,,,CLN-XL-NOIR,0.0,shopify,1,deny,manual,0.00,,true,true,,,,,CLN-XL-NOIR,,,,,,,,,,,,,,,,,,,,,,,,,,,,,,,,,,,,,,kg,,,
veste-pearl,Pearl - V,"<p>Structured and precise, finished with hand-applied pearl elements.<br>A balance between raw and refined.</p>
<p> </p>
<ul>
<li>100% cotton</li>
<li>14 oz denim (450GSM)</li>
<li>Red inner lining (100% polyester)</li>
<li>Regular fit</li>
<li>Riveted pearl detailing, built to last</li>
<li>Custom-designed inner label</li>
<li>Front pockets</li>
<li>Each piece includes exclusive goodies &lt;3</li>
</ul>",Noclout,Apparel & Accessories > Clothing > Clothing Tops,"","",false,Size,XS,,,,,,,,JKT-XS-PRL,950.0,shopify,1,deny,manual,119.99,,true,true,,,,,JKT-XS-PRL,https://cdn.shopify.com/s/files/1/0654/3828/6065/files/Pearl-Jacket-1.jpg?v=1774537828,1,"",false,,,173,,,,,,,,,,,,,,,,,,,,,,,,,,,,,,,kg,,,draft
veste-pearl,,,,,,,,,S,,,,,,,,JKT-S-PRL,1010.0,shopify,1,deny,manual,119.99,,true,true,,,,,JKT-S-PRL,https://cdn.shopify.com/s/files/1/0654/3828/6065/files/Pearl-Jacket-2.jpg?v=1774537828,2,"",,,,,,,,,,,,,,,,,,,,,,,,,,,,,,,,,,,kg,,,
veste-pearl,,,,,,,,,M,,,,,,,,JKT-M-PRL,1070.0,shopify,1,deny,manual,119.99,,true,true,,,,,JKT-M-PRL,https://cdn.shopify.com/s/files/1/0654/3828/6065/files/Pearl-Jacket-4.jpg?v=1774537828,3,"",,,,,,,,,,,,,,,,,,,,,,,,,,,,,,,,,,,kg,,,
veste-pearl,,,,,,,,,L,,,,,,,,JKT-L-PRL,1130.0,shopify,1,deny,manual,119.99,,true,true,,,,,JKT-L-PRL,https://cdn.shopify.com/s/files/1/0654/3828/6065/files/Pearl-Jacket-5.jpg?v=1774537829,4,"",,,,,,,,,,,,,,,,,,,,,,,,,,,,,,,,,,,kg,,,
veste-pearl,,,,,,,,,XL,,,,,,,,JKT-XL-PRL,1180.0,shopify,1,deny,manual,119.99,,true,true,,,,,JKT-XL-PRL,https://cdn.shopify.com/s/files/1/0654/3828/6065/files/Pearl-Jacket-3.jpg?v=1774537828,5,"",,,,,,,,,,,,,,,,,,,,,,,,,,,,,,,,,,,kg,,,
jean-pearl,Pearl - J,"<p>Classic denim, enhanced with pearl accents.<br>A timeless base with a refined edge.</p>
<p> </p>
<ul>
<li>100% cotton denim (non-stretch)</li>
<li>14 oz denim (450GSM)</li>
<li>Flare fit</li>
<li>Riveted pearl detailing, built to last</li>
<li>Woven fabric</li>
<li>Embroidered details</li>
<li>Custom jacron patch</li>
<li>Each piece includes exclusive goodies &lt;3</li>
</ul>",Noclout,Apparel & Accessories > Clothing > Pants > Jeans,"","",false,Size,XS,,,,,,,,JNS-XS-PRL,950.0,shopify,1,deny,manual,94.99,,true,true,,,,,JNS-XS-PRL,https://cdn.shopify.com/s/files/1/0654/3828/6065/files/Pearl-Jeans-1.jpg?v=1774537808,1,"",false,,,173,,,,,,,,,,,,,,,,,,,,,,,,,,,,,,,kg,,,draft
jean-pearl,,,,,,,,,S,,,,,,,,JNS-S-PRL,1010.0,shopify,1,deny,manual,94.99,,true,true,,,,,JNS-S-PRL,https://cdn.shopify.com/s/files/1/0654/3828/6065/files/Pearl-Jeans-2.jpg?v=1774537808,2,"",,,,,,,,,,,,,,,,,,,,,,,,,,,,,,,,,,,kg,,,
jean-pearl,,,,,,,,,M,,,,,,,,JNS-M-PRL,1070.0,shopify,1,deny,manual,94.99,,true,true,,,,,JNS-M-PRL,https://cdn.shopify.com/s/files/1/0654/3828/6065/files/Pearl-Jeans-3.jpg?v=1774537809,3,"",,,,,,,,,,,,,,,,,,,,,,,,,,,,,,,,,,,kg,,,
jean-pearl,,,,,,,,,L,,,,,,,,JNS-L-PRL,1130.0,shopify,1,deny,manual,94.99,,true,true,,,,,JNS-L-PRL,https://cdn.shopify.com/s/files/1/0654/3828/6065/files/Pearl-Jeans-4.jpg?v=1774537809,4,"",,,,,,,,,,,,,,,,,,,,,,,,,,,,,,,,,,,kg,,,
jean-pearl,,,,,,,,,XL,,,,,,,,JNS-XL-PRL,1180.0,shopify,1,deny,manual,94.99,,true,true,,,,,JNS-XL-PRL,https://cdn.shopify.com/s/files/1/0654/3828/6065/files/Pearl-Jeans-5.jpg?v=1774537808,5,"",,,,,,,,,,,,,,,,,,,,,,,,,,,,,,,,,,,kg,,,
jean-pearl,,,,,,,,,,,,,,,,,,,,,,,,,,,,,,,,https://cdn.shopify.com/s/files/1/0654/3828/6065/files/Pearl-Jeans-6.jpg?v=1774537808,6,"",,,,,,,,,,,,,,,,,,,,,,,,,,,,,,,,,,,,,,
jean-pearl,,,,,,,,,,,,,,,,,,,,,,,,,,,,,,,,https://cdn.shopify.com/s/files/1/0654/3828/6065/files/Pearl-Jeans-7.jpg?v=1774537808,7,"",,,,,,,,,,,,,,,,,,,,,,,,,,,,,,,,,,,,,,
tee-pearl,Pearl - T,"<p style=""text-align: left;"">An everyday piece, reworked with pearl accents.<br>Familiar shape, unexpected finish.<br></p>
<p style=""text-align: left;""> </p>
<ul>
<li style=""text-align: left;"">330 gsm cotton fabric</li>
<li style=""text-align: left;"">100% cotton</li>
<li style=""text-align: left;"">Relaxed fit</li>
<li style=""text-align: left;"">Front embroidery</li>
<li style=""text-align: left;"">Hand-sewn pearl detailing, built to last</li>
<li style=""text-align: left;"">Each piece features a slightly unique pearl placement</li>
<li style=""text-align: left;"">Each piece includes exclusive goodies &lt;3</li>
</ul>",Noclout,Apparel & Accessories > Clothing > Clothing Tops > T-Shirts,"","",false,Size,XS,,,,,,,,TEE-XS-PRL,950.0,shopify,1,deny,manual,49.99,,true,true,,,,,TEE-XS-PRL,https://cdn.shopify.com/s/files/1/0654/3828/6065/files/Pearl-Tee-1.jpg?v=1774537773,1,"",false,,,173,,,,,,,,,,,,,,,,,,,,,,,,,,,,,,,kg,,,draft
tee-pearl,,,,,,,,,S,,,,,,,,TEE-S-PRL,1010.0,shopify,1,deny,manual,49.99,,true,true,,,,,TEE-S-PRL,https://cdn.shopify.com/s/files/1/0654/3828/6065/files/Pearl-Tee-2.jpg?v=1774537773,2,"",,,,,,,,,,,,,,,,,,,,,,,,,,,,,,,,,,,kg,,,
tee-pearl,,,,,,,,,M,,,,,,,,TEE-M-PRL,1070.0,shopify,1,deny,manual,49.99,,true,true,,,,,TEE-M-PRL,https://cdn.shopify.com/s/files/1/0654/3828/6065/files/Pearl-Tee-3.jpg?v=1774537774,3,"",,,,,,,,,,,,,,,,,,,,,,,,,,,,,,,,,,,kg,,,
tee-pearl,,,,,,,,,L,,,,,,,,TEE-L-PRL,1130.0,shopify,1,deny,manual,49.99,,true,true,,,,,TEE-L-PRL,https://cdn.shopify.com/s/files/1/0654/3828/6065/files/Pearl-Tee-4.jpg?v=1774537773,4,"",,,,,,,,,,,,,,,,,,,,,,,,,,,,,,,,,,,kg,,,
tee-pearl,,,,,,,,,XL,,,,,,,,TEE-XL-PRL,1180.0,shopify,1,deny,manual,49.99,,true,true,,,,,TEE-XL-PRL,https://cdn.shopify.com/s/files/1/0654/3828/6065/files/Pearl-Tee-5.jpg?v=1774537774,5,"",,,,,,,,,,,,,,,,,,,,,,,,,,,,,,,,,,,kg,,,
zip-pearl,Pearl - Z,"<p><span class=""s1"">A heavyweight zip, detailed with hand-applied pearls.<br></span><span class=""s1"">Structure and softness in the same piece.</span></p>
<p> </p>
<ul>
<li class=""p1"">
<span class=""s1"">Color :</span> Grey</li>
<li class=""p1"">
<span class=""s1"">Material :</span> 100% cotton French Terry</li>
<li class=""p1"">450 GSM</li>
<li class=""p2"">White embroidered front &amp; back logo</li>
<li class=""p2"">YKK zipper</li>
<li class=""p2"">Every order comes with exclusive goodies &lt;3<br>
</li>
</ul>",Noclout,Apparel & Accessories > Clothing > Clothing Tops > Hoodies,"","",false,Size,XS,,,,,,,,ZIP-XS-PRL,950.0,shopify,1,deny,manual,94.99,,true,true,,,,,ZIP-XS-PRL,https://cdn.shopify.com/s/files/1/0654/3828/6065/files/Pearl-Zip-1.jpg?v=1774537745,1,"",false,,,173,,,,,,,,,,,,,,,,,,,,,,,,,,,,,,,kg,,,draft
zip-pearl,,,,,,,,,S,,,,,,,,ZIP-S-PRL,1010.0,shopify,1,deny,manual,94.99,,true,true,,,,,ZIP-S-PRL,https://cdn.shopify.com/s/files/1/0654/3828/6065/files/Pearl-Zip-2.jpg?v=1774537745,2,"",,,,,,,,,,,,,,,,,,,,,,,,,,,,,,,,,,,kg,,,
zip-pearl,,,,,,,,,M,,,,,,,,ZIP-M-PRL,1070.0,shopify,1,deny,manual,94.99,,true,true,,,,,ZIP-M-PRL,https://cdn.shopify.com/s/files/1/0654/3828/6065/files/Pearl-Zip-3_e5fdc7c2-95f8-4339-a48f-e8cb8a81acbd.jpg?v=1774540858,3,"",,,,,,,,,,,,,,,,,,,,,,,,,,,,,,,,,,,kg,,,
zip-pearl,,,,,,,,,L,,,,,,,,ZIP-L-PRL,1130.0,shopify,1,deny,manual,94.99,,true,true,,,,,ZIP-L-PRL,https://cdn.shopify.com/s/files/1/0654/3828/6065/files/Pearl-Zip-4.jpg?v=1774540858,4,"",,,,,,,,,,,,,,,,,,,,,,,,,,,,,,,,,,,kg,,,
zip-pearl,,,,,,,,,XL,,,,,,,,ZIP-XL-PRL,1180.0,shopify,1,deny,manual,94.99,,true,true,,,,,ZIP-XL-PRL,https://cdn.shopify.com/s/files/1/0654/3828/6065/files/Pearl-Zip-5.jpg?v=1774540858,5,"",,,,,,,,,,,,,,,,,,,,,,,,,,,,,,,,,,,kg,,,
zip-pearl,,,,,,,,,,,,,,,,,,,,,,,,,,,,,,,,https://cdn.shopify.com/s/files/1/0654/3828/6065/files/Pearl-Zip-6.jpg?v=1774540858,6,"",,,,,,,,,,,,,,,,,,,,,,,,,,,,,,,,,,,,,,
darker-link-zip,Darker Link Zip,"<ul>
<li class=""p2""><span class=""s1""></span></li>
</ul>",Noclout,Apparel & Accessories > Clothing > Clothing Tops > Hoodies,"","",false,Size,XS,,,,,,,,ZIP-XS-LDKR,950.0,shopify,1,deny,manual,94.99,,true,true,,,,,ZIP-XS-LDKR,,,,false,,,173,,,,,,,,,,,,,,,,,,,,,,,,,,,,,,,kg,,,draft
darker-link-zip,,,,,,,,,S,,,,,,,,ZIP-S-LDKR,1010.0,shopify,1,deny,manual,94.99,,true,true,,,,,ZIP-S-LDKR,,,,,,,,,,,,,,,,,,,,,,,,,,,,,,,,,,,,,,kg,,,
darker-link-zip,,,,,,,,,M,,,,,,,,ZIP-M-LDKR,1070.0,shopify,1,deny,manual,94.99,,true,true,,,,,ZIP-M-LDKR,,,,,,,,,,,,,,,,,,,,,,,,,,,,,,,,,,,,,,kg,,,
darker-link-zip,,,,,,,,,L,,,,,,,,ZIP-L-LDKR,1130.0,shopify,1,deny,manual,94.99,,true,true,,,,,ZIP-L-LDKR,,,,,,,,,,,,,,,,,,,,,,,,,,,,,,,,,,,,,,kg,,,
darker-link-zip,,,,,,,,,XL,,,,,,,,ZIP-XL-LDKR,1180.0,shopify,1,deny,manual,94.99,,true,true,,,,,ZIP-XL-LDKR,,,,,,,,,,,,,,,,,,,,,,,,,,,,,,,,,,,,,,kg,,,
pinky-link-zip,Pinky Link Zip,"<ul>
<li class=""p2""><span class=""s1""></span></li>
</ul>",Noclout,Apparel & Accessories > Clothing > Clothing Tops > Hoodies,"","",false,Size,XS,,,,,,,,ZIP-XS-LPNK,950.0,shopify,1,deny,manual,94.99,,true,true,,,,,ZIP-XS-LPNK,,,,false,,,173,,,,,,,,,,,,,,,,,,,,,,,,,,,,,,,kg,,,draft
pinky-link-zip,,,,,,,,,S,,,,,,,,ZIP-S-LPNK,1010.0,shopify,1,deny,manual,94.99,,true,true,,,,,ZIP-S-LPNK,,,,,,,,,,,,,,,,,,,,,,,,,,,,,,,,,,,,,,kg,,,
pinky-link-zip,,,,,,,,,M,,,,,,,,ZIP-M-LPNK,1070.0,shopify,1,deny,manual,94.99,,true,true,,,,,ZIP-M-LPNK,,,,,,,,,,,,,,,,,,,,,,,,,,,,,,,,,,,,,,kg,,,
pinky-link-zip,,,,,,,,,L,,,,,,,,ZIP-L-LPNK,1130.0,shopify,1,deny,manual,94.99,,true,true,,,,,ZIP-L-LPNK,,,,,,,,,,,,,,,,,,,,,,,,,,,,,,,,,,,,,,kg,,,
pinky-link-zip,,,,,,,,,XL,,,,,,,,ZIP-XL-LPNK,1180.0,shopify,1,deny,manual,94.99,,true,true,,,,,ZIP-XL-LPNK,,,,,,,,,,,,,,,,,,,,,,,,,,,,,,,,,,,,,,kg,,,
pinky-link-tee,Pinky link tee,"",Noclout,Apparel & Accessories > Clothing > Clothing Tops > T-Shirts,"","",false,Taille,xs,product.metafields.shopify.size,,,,,,,TEE-XS-PKYL,470.0,shopify,1,deny,manual,39.99,,true,true,,,,,TEE-XS-PKYL,,,,false,,,212,,,,,,,,,,,,,,,,,,,,,,xs; s; m; l; xl,,,,,,,,,kg,,,draft
pinky-link-tee,,,,,,,,,s,,,,,,,,TEE-S-PKYL,480.0,shopify,1,deny,manual,39.99,,true,true,,,,,TEE-S-PKYL,,,,,,,,,,,,,,,,,,,,,,,,,,,,,,,,,,,,,,kg,,,
pinky-link-tee,,,,,,,,,m,,,,,,,,TEE-M-PKYL,490.0,shopify,1,deny,manual,39.99,,true,true,,,,,TEE-M-PKYL,,,,,,,,,,,,,,,,,,,,,,,,,,,,,,,,,,,,,,kg,,,
pinky-link-tee,,,,,,,,,l,,,,,,,,TEE-L-PKYL,500.0,shopify,1,deny,manual,39.99,,true,true,,,,,TEE-L-PKYL,,,,,,,,,,,,,,,,,,,,,,,,,,,,,,,,,,,,,,kg,,,
pinky-link-tee,,,,,,,,,xl,,,,,,,,TEE-XL-PKYL,510.0,shopify,1,deny,manual,39.99,,true,true,,,,,TEE-XL-PKYL,,,,,,,,,,,,,,,,,,,,,,,,,,,,,,,,,,,,,,kg,,,
noir-cart-holder,Noir Card Holder,"<ul>
<li class=""p1"">
<span class=""s1"">Color :</span> Black</li>
<li class=""p1"">
<span class=""s1"">Material :</span> 100% genuine leather</li>
<li class=""p2"">Metallic logo — secured with rivets (no glue), built to last</li>
<li class=""p2"">White stitching on the back </li>
<li class=""p2"">Includes a care instruction card</li>
<li class=""p2"">Delivered in a custom box</li>
<li class=""p2"">Every order comes with exclusive goodies &lt;3<br>
</li>
</ul>",Noclout,Apparel & Accessories,"","",true,Title,Default Title,,,,,,,,ACS-PC-NOIR,120.0,shopify,243,deny,manual,44.99,,true,true,,,,,ACS-PC-NOIR,https://cdn.shopify.com/s/files/1/0654/3828/6065/files/BLACK_PORTE_CARTE_-_1_4.jpg?v=1770809284,1,"",false,,,,,,,,,,,,,,,,,,,,,,,,,,,,,,,,,,kg,,,active
noir-cart-holder,,,,,,,,,,,,,,,,,,,,,,,,,,,,,,,,https://cdn.shopify.com/s/files/1/0654/3828/6065/files/BLACK_PORTE_CARTE_-_2_4.jpg?v=1770809284,2,"",,,,,,,,,,,,,,,,,,,,,,,,,,,,,,,,,,,,,,
noir-cart-holder,,,,,,,,,,,,,,,,,,,,,,,,,,,,,,,,https://cdn.shopify.com/s/files/1/0654/3828/6065/files/BLACK_PORTE_CARTE_-_4_4.jpg?v=1770809284,3,"",,,,,,,,,,,,,,,,,,,,,,,,,,,,,,,,,,,,,,
noir-cart-holder,,,,,,,,,,,,,,,,,,,,,,,,,,,,,,,,https://cdn.shopify.com/s/files/1/0654/3828/6065/files/BLACK_PORTE_CARTE_-_3_4.jpg?v=1770809284,4,"",,,,,,,,,,,,,,,,,,,,,,,,,,,,,,,,,,,,,,
noir-trucker-hat,Noir Trucker Hat,"<ul>
<li class=""p1"">
<span class=""s1"">Color :</span> Black</li>
<li class=""p1"">
<span class=""s1"">Material :</span> 100% polyester</li>
<li class=""p2"">One size — fully adjustable</li>
<li class=""p2"">Embroidered front logo</li>
<li class=""p2"">3D embroidery under the visor</li>
<li class=""p2"">Branded interior taping</li>
<li class=""p2"">Every order comes with exclusive goodies &lt;3<br>
</li>
</ul>",Noclout,Apparel & Accessories,"","",true,Title,Default Title,,,,,,,,ACS-HT-NOIR,200.0,shopify,9,deny,manual,34.99,,true,true,,,,,ACS-HT-NOIR,https://cdn.shopify.com/s/files/1/0654/3828/6065/files/BLACK_CAP_-_1.jpg?v=1770809248,1,"",false,,,,,,,,,,,,,,,,,,,,,,,,,,,,,,,,,,kg,,,active
noir-trucker-hat,,,,,,,,,,,,,,,,,,,,,,,,,,,,,,,,https://cdn.shopify.com/s/files/1/0654/3828/6065/files/BLACK_CAP_-_2.jpg?v=1770809248,2,"",,,,,,,,,,,,,,,,,,,,,,,,,,,,,,,,,,,,,,
noir-trucker-hat,,,,,,,,,,,,,,,,,,,,,,,,,,,,,,,,https://cdn.shopify.com/s/files/1/0654/3828/6065/files/BLACK_CAP_-_3.jpg?v=1770809248,3,"",,,,,,,,,,,,,,,,,,,,,,,,,,,,,,,,,,,,,,
noir-trucker-hat,,,,,,,,,,,,,,,,,,,,,,,,,,,,,,,,https://cdn.shopify.com/s/files/1/0654/3828/6065/files/Cap_Black_Portee1.jpg?v=1772700847,4,"",,,,,,,,,,,,,,,,,,,,,,,,,,,,,,,,,,,,,,
noir-waffle-1,Noir Waffle,"<ul>
<li class=""p1"">
<span class=""s1"">Color :</span> Black</li>
<li class=""p1"">
<span class=""s1"">Material :</span> 65% cotton, 35% polyester</li>
<li class=""p2"">Waffle texture</li>
<li class=""p2"">Embroidered front logo</li>
<li class=""p2"">Embroidered logo on back collar</li>
<li class=""p2"">Every order comes with exclusive goodies &lt;3<br>
</li>
</ul>",Noclout,Apparel & Accessories > Clothing Accessories > Hats,"","",true,Size,XS,,,,,,,,WFL-XS-NOIR,540.0,shopify,4,deny,manual,49.99,,true,true,,,,,WFL-XS-NOIR,https://cdn.shopify.com/s/files/1/0654/3828/6065/files/BLACK_WAFFLE_-_1.jpg?v=1770809285,1,"",false,,,173,,,,,,,,,,,citrus-waffle; flamingo-waffle; lilas-waffle; noir-waffle-1; sky-waffle; pure-white-waffle,,,,,,,,,,,,,,,,,,,,kg,,,active
noir-waffle-1,,,,,,,,,S,,,,,,,,WFL-S-NOIR,580.0,shopify,4,deny,manual,49.99,,true,true,,,,,WFL-S-NOIR,https://cdn.shopify.com/s/files/1/0654/3828/6065/files/BLACK_WAFFLE_-_2.jpg?v=1770809285,2,"",,,,,,,,,,,,,,,,,,,,,,,,,,,,,,,,,,,kg,,,
noir-waffle-1,,,,,,,,,M,,,,,,,,WFL-M-NOIR,620.0,shopify,0,deny,manual,49.99,,true,true,,,,,WFL-M-NOIR,https://cdn.shopify.com/s/files/1/0654/3828/6065/files/Waffle_Portee1.jpg?v=1772700906,3,"",,,,,,,,,,,,,,,,,,,,,,,,,,,,,,,,,,,kg,,,
noir-waffle-1,,,,,,,,,L,,,,,,,,WFL-L-NOIR,660.0,shopify,7,deny,manual,49.99,,true,true,,,,,WFL-L-NOIR,https://cdn.shopify.com/s/files/1/0654/3828/6065/files/Waffle_Portee2.jpg?v=1772700906,4,"",,,,,,,,,,,,,,,,,,,,,,,,,,,,,,,,,,,kg,,,
noir-waffle-1,,,,,,,,,XL,,,,,,,,WFL-XL-NOIR,700.0,shopify,14,deny,manual,49.99,,true,true,,,,,WFL-XL-NOIR,https://cdn.shopify.com/s/files/1/0654/3828/6065/files/Waffle_Portee3.jpg?v=1772700906,5,"",,,,,,,,,,,,,,,,,,,,,,,,,,,,,,,,,,,kg,,,
noir-waffle-1,,,,,,,,,XXL,,,,,,,,WFL-XXL-NOIR,540.0,shopify,9,deny,manual,49.99,,true,true,,,,,WFL-XXL-NOIR,,,,,,,,,,,,,,,,,,,,,,,,,,,,,,,,,,,,,,kg,,,
structure-tracksuits-1,Structure Tracksuits,"<ul>
<li class=""p1"">
<span class=""s1"">Color :</span> Black</li>
<li class=""p1"">
<span class=""s1"">Material :</span> 100% cotton</li>
<li class=""p1"">380 GSM</li>
<li class=""p1"">Paneled construction on front and back legs</li>
<li class=""p2"">3D embroidered logo on back pocket</li>
<li class=""p2"">Adjustable drawstrings at waist and cuffs</li>
<li class=""p2"">Every order comes with exclusive goodies &lt;3</li>
<li class=""p2"">Pre-order item — ships in 5 to 6 weeks</li>
</ul>",Noclout,Apparel & Accessories > Clothing Accessories > Hats,"","",true,Size,XS,,,,,,,,TKS-XS-SRCT,730.0,shopify,5,deny,manual,84.99,,true,true,,,,,TKS-XS-SRCT,https://cdn.shopify.com/s/files/1/0654/3828/6065/files/BLACK_JOGGING_-_1.jpg?v=1770812547,1,"",false,,,173,,,,,,,,,,,,,,,,'1,,,,,,,,,,,,,,,kg,,,active
structure-tracksuits-1,,,,,,,,,S,,,,,,,,TKS-S-SRCT,780.0,shopify,1,deny,manual,84.99,,true,true,,,,,TKS-S-SRCT,https://cdn.shopify.com/s/files/1/0654/3828/6065/files/BLACK_JOGGING_-_2.jpg?v=1770812547,2,"",,,,,,,,,,,,,,,,,,,,,,,,,,,,,,,,,,,kg,,,
structure-tracksuits-1,,,,,,,,,M,,,,,,,,TKS-M-SRCT,830.0,shopify,6,deny,manual,84.99,,true,true,,,,,TKS-M-SRCT,https://cdn.shopify.com/s/files/1/0654/3828/6065/files/Structure_Hoodie_Portee1.jpg?v=1772701259,3,"",,,,,,,,,,,,,,,,,,,,,,,,,,,,,,,,,,,kg,,,
structure-tracksuits-1,,,,,,,,,L,,,,,,,,TKS-L-SRCT,880.0,shopify,0,deny,manual,84.99,,true,true,,,,,TKS-L-SRCT,https://cdn.shopify.com/s/files/1/0654/3828/6065/files/Structure_Hoodie_Portee2.jpg?v=1772701259,4,"",,,,,,,,,,,,,,,,,,,,,,,,,,,,,,,,,,,kg,,,
structure-tracksuits-1,,,,,,,,,XL,,,,,,,,TKS-XL-SRCT,930.0,shopify,2,deny,manual,84.99,,true,true,,,,,TKS-XL-SRCT,https://cdn.shopify.com/s/files/1/0654/3828/6065/files/Structure_Hoodie_Portee3.jpg?v=1772701259,5,"",,,,,,,,,,,,,,,,,,,,,,,,,,,,,,,,,,,kg,,,
silver-fade-knit-1,Silver Fade Knit,"<ul>
<li class=""p1"">
<span class=""s1"">Colors :</span> Black, Grey</li>
<li class=""p2"">Acid-washed finish</li>
<li class=""p1"">
<span class=""s1"">Material:</span> 100% cotton</li>
<li class=""p1"">Each piece weights around 1kg</li>
<li class=""p2"">Hand-sewn metallic logo<br>
</li>
<li class=""p2"">Fitted collar</li>
<li class=""p2"">Every order comes with exclusive goodies &lt;3</li>
</ul>",Noclout,Apparel & Accessories > Clothing Accessories > Hats,"","",true,Size,XS,,,,,,,,KNT-XS-SRFE,860.0,shopify,5,deny,manual,89.99,,true,true,,,,,KNT-XS-SRFE,https://cdn.shopify.com/s/files/1/0654/3828/6065/files/BLACK_KNIT_METAL_-_1.jpg?v=1770809285,1,"",false,,,173,,,,,,,,,,,,,,,,,,,,,,,,,,,,,,,kg,,,active
silver-fade-knit-1,,,,,,,,,S,,,,,,,,KNT-S-SRFE,910.0,shopify,5,deny,manual,89.99,,true,true,,,,,KNT-S-SRFE,https://cdn.shopify.com/s/files/1/0654/3828/6065/files/BLACK_KNIT_METAL_-_2.jpg?v=1770809285,2,"",,,,,,,,,,,,,,,,,,,,,,,,,,,,,,,,,,,kg,,,
silver-fade-knit-1,,,,,,,,,M,,,,,,,,KNT-M-SRFE,960.0,shopify,7,deny,manual,89.99,,true,true,,,,,KNT-M-SRFE,https://cdn.shopify.com/s/files/1/0654/3828/6065/files/Silver_Knit_Portee1.jpg?v=1772700848,3,"",,,,,,,,,,,,,,,,,,,,,,,,,,,,,,,,,,,kg,,,
silver-fade-knit-1,,,,,,,,,L,,,,,,,,KNT-L-SRFE,1010.0,shopify,3,deny,manual,89.99,,true,true,,,,,KNT-L-SRFE,https://cdn.shopify.com/s/files/1/0654/3828/6065/files/Silver_Knit_Portee2.jpg?v=1772700848,4,"",,,,,,,,,,,,,,,,,,,,,,,,,,,,,,,,,,,kg,,,
silver-fade-knit-1,,,,,,,,,XL,,,,,,,,KNT-XL-SRFE,1060.0,shopify,3,deny,manual,89.99,,true,true,,,,,KNT-XL-SRFE,https://cdn.shopify.com/s/files/1/0654/3828/6065/files/Silver_Knit_Portee3.jpg?v=1772700848,5,"",,,,,,,,,,,,,,,,,,,,,,,,,,,,,,,,,,,kg,,,
spectre-knitted-zip-1,Spectre Knitted Zip,"<ul>
<li class=""p1"">
<span class=""s1"">Color :</span> Black</li>
<li class=""p1"">
<span class=""s1"">Material :</span> 100% cotton</li>
<li class=""p2"">White embroidered front logo</li>
<li class=""p2"">YKK zipper</li>
<li class=""p2"">Every order comes with exclusive goodies &lt;3<br>
</li>
</ul>",Noclout,Apparel & Accessories > Clothing Accessories > Hats,"","",true,Size,XS,,,,,,,,KNT-XS-SPCT,950.0,shopify,2,deny,manual,94.99,,true,true,,,,,KNT-XS-SPCT,https://cdn.shopify.com/s/files/1/0654/3828/6065/files/BLACK_KNIT_ZIP_-_1.jpg?v=1770809284,1,"",false,,,173,,,,,,,,,,,,,,,,,,,,,,,,,,,,,,,kg,,,active
spectre-knitted-zip-1,,,,,,,,,S,,,,,,,,KNT-S-SPCT,1010.0,shopify,3,deny,manual,94.99,,true,true,,,,,KNT-S-SPCT,https://cdn.shopify.com/s/files/1/0654/3828/6065/files/BLACK_KNIT_ZIP_-_2.jpg?v=1770809284,2,"",,,,,,,,,,,,,,,,,,,,,,,,,,,,,,,,,,,kg,,,
spectre-knitted-zip-1,,,,,,,,,M,,,,,,,,KNT-M-SPCT,1070.0,shopify,2,deny,manual,94.99,,true,true,,,,,KNT-M-SPCT,https://cdn.shopify.com/s/files/1/0654/3828/6065/files/Knit_Zip_Black_Portee1.jpg?v=1772700848,3,"",,,,,,,,,,,,,,,,,,,,,,,,,,,,,,,,,,,kg,,,
spectre-knitted-zip-1,,,,,,,,,L,,,,,,,,KNT-L-SPCT,1130.0,shopify,1,deny,manual,94.99,,true,true,,,,,KNT-L-SPCT,https://cdn.shopify.com/s/files/1/0654/3828/6065/files/Knit_Zip_Black_Portee2.jpg?v=1772700848,4,"",,,,,,,,,,,,,,,,,,,,,,,,,,,,,,,,,,,kg,,,
spectre-knitted-zip-1,,,,,,,,,XL,,,,,,,,KNT-XL-SPCT,1180.0,shopify,0,deny,manual,94.99,,true,true,,,,,KNT-XL-SPCT,https://cdn.shopify.com/s/files/1/0654/3828/6065/files/Knit_Zip_Black_Portee3.jpg?v=1772700848,5,"",,,,,,,,,,,,,,,,,,,,,,,,,,,,,,,,,,,kg,,,
arkham-denim-1,Arkham Denim,"<ul>
<li class=""p1"">
<span class=""s1"">Color :</span> Faded black</li>
<li class=""p1"">
<span class=""s1"">Material :</span> 100% cotton (non-stretch denim)</li>
<li class=""p2"">Woven denim fabric</li>
<li class=""p2"">Double leg panels that unfold and fasten open with rivets (checked lining inside)</li>
<li class=""p2"">Double pockets</li>
<li class=""p2"">Flared fit</li>
<li class=""p2"">Custom leather patch</li>
<li class=""p2"">Custom metal button</li>
<li class=""p2"">Every order comes with exclusive goodies &lt;3</li>
<li class=""p2"">Pre-order item — ships in 5 to 6 weeks</li>
</ul>",Noclout,Uncategorized,"","",true,Size,XS,,,,,,,,JNS-XS-ARKM,1150.0,shopify,4,deny,manual,109.99,,true,true,,,,,JNS-XS-ARKM,https://cdn.shopify.com/s/files/1/0654/3828/6065/files/BLACK_PRESSION_-_1.jpg?v=1770809285,1,"",false,,,,,,,,,,,,,,,,,,,,,,,,,,,,,,,,,,kg,,,active
arkham-denim-1,,,,,,,,,S,,,,,,,,JNS-S-ARKM,1200.0,shopify,2,deny,manual,109.99,,true,true,,,,,JNS-S-ARKM,https://cdn.shopify.com/s/files/1/0654/3828/6065/files/BLACK_PRESSION_-_2.jpg?v=1770809285,2,"",,,,,,,,,,,,,,,,,,,,,,,,,,,,,,,,,,,kg,,,
arkham-denim-1,,,,,,,,,M,,,,,,,,JNS-M-ARKM,1250.0,shopify,4,deny,manual,109.99,,true,true,,,,,JNS-M-ARKM,https://cdn.shopify.com/s/files/1/0654/3828/6065/files/BLACK_PRESSION_-_3.jpg?v=1770809284,3,"",,,,,,,,,,,,,,,,,,,,,,,,,,,,,,,,,,,kg,,,
arkham-denim-1,,,,,,,,,L,,,,,,,,JNS-L-ARKM,1300.0,shopify,4,deny,manual,109.99,,true,true,,,,,JNS-L-ARKM,,,,,,,,,,,,,,,,,,,,,,,,,,,,,,,,,,,,,,kg,,,
arkham-denim-1,,,,,,,,,XL,,,,,,,,JNS-XL-ARKM,1350.0,shopify,5,deny,manual,109.99,,true,true,,,,,JNS-XL-ARKM,,,,,,,,,,,,,,,,,,,,,,,,,,,,,,,,,,,,,,kg,,,
graphite-rainjacket-1,Graphite Rainjacket,"<ul>
<li>
<p>Colors : black, gray (checkered pattern all over)<br></p>
</li>
<li>
<p>100% Polyester</p>
</li>
<li>
<p>Water resistance : 10 000 Schmerber (high performance)</p>
</li>
<li>
<p>Embroidered front logo</p>
</li>
<li>
<p>Heat pressed logo on velcro</p>
</li>
<li>
<p>Adjustement with drawstrings at the hood and waist</p>
</li>
<li>
<p>2 front pockets</p>
</li>
<li>
<p>Every order includes exclusive goodies &lt;3</p>
</li>
<li>
<p>This product is pre-order : 5 - 6 weeks before shipping</p>
</li>
</ul>",Noclout,Apparel & Accessories > Clothing > Clothing Tops > T-Shirts,"","",true,Size,xs,product.metafields.shopify.size,,,,,,,,530.0,shopify,4,deny,manual,109.99,,true,true,,,,,,https://cdn.shopify.com/s/files/1/0654/3828/6065/files/BLACK_KWAY_-_1.jpg?v=1770809285,1,"",false,,,212,,,,,,,,,,,,,,,,,,,,,,xs; s; m; l; xl,,,,,,,,,kg,,,active
graphite-rainjacket-1,,,,,,,,,s,,,,,,,,,580.0,shopify,6,deny,manual,109.99,,true,true,,,,,,https://cdn.shopify.com/s/files/1/0654/3828/6065/files/BLACK_KWAY_-_2.jpg?v=1770809285,2,"",,,,,,,,,,,,,,,,,,,,,,,,,,,,,,,,,,,kg,,,
graphite-rainjacket-1,,,,,,,,,m,,,,,,,,,630.0,shopify,9,deny,manual,109.99,,true,true,,,,,,https://cdn.shopify.com/s/files/1/0654/3828/6065/files/Graphite_Portee1.jpg?v=1772700848,3,"",,,,,,,,,,,,,,,,,,,,,,,,,,,,,,,,,,,kg,,,
graphite-rainjacket-1,,,,,,,,,l,,,,,,,,,680.0,shopify,8,deny,manual,109.99,,true,true,,,,,,https://cdn.shopify.com/s/files/1/0654/3828/6065/files/Graphite_Portee3.jpg?v=1772700848,4,"",,,,,,,,,,,,,,,,,,,,,,,,,,,,,,,,,,,kg,,,
graphite-rainjacket-1,,,,,,,,,xl,,,,,,,,,730.0,shopify,3,deny,manual,109.99,,true,true,,,,,,https://cdn.shopify.com/s/files/1/0654/3828/6065/files/Graphite_Portee4.jpg?v=1772700848,5,"",,,,,,,,,,,,,,,,,,,,,,,,,,,,,,,,,,,kg,,,
graphite-rainjacket-1,,,,,,,,,,,,,,,,,,,,,,,,,,,,,,,,https://cdn.shopify.com/s/files/1/0654/3828/6065/files/Graphite_Portee5.jpg?v=1772700848,6,"",,,,,,,,,,,,,,,,,,,,,,,,,,,,,,,,,,,,,,
graphite-rainjacket-1,,,,,,,,,,,,,,,,,,,,,,,,,,,,,,,,https://cdn.shopify.com/s/files/1/0654/3828/6065/files/Graphite_Portee6.jpg?v=1772700848,7,"",,,,,,,,,,,,,,,,,,,,,,,,,,,,,,,,,,,,,,
structure-hoodie-1,Structure Hoodie,"<ul>
<li>
<p>Colors : black, white<br></p>
</li>
<li>
<p>Lining on the hood and the kangaroo pocket</p>
</li>
<li>
<p>380 GSM</p>
</li>
<li>
<p>80% cotton 20% Polyester</p>
</li>
<li>
<p>Front logo embroidered</p>
</li>
<li>
<p>Front and back sleeve panels <br></p>
</li>
<li>
<p>Every order includes exclusive goodies &lt;3</p>
</li>
<li>
<p>This product is pre-order : 5 - 6 weeks before shipping</p>
</li>
</ul>",Noclout,Apparel & Accessories,"",PRECO,true,Size,XS,,,,,,,,HDE-XS-STRE,760.0,shopify,15,deny,manual,89.99,,true,true,,,,,HDE-XS-STRE,https://cdn.shopify.com/s/files/1/0654/3828/6065/files/Structure_Hoodie_Face.jpg?v=1771509584,1,"",false,,,,,,,,,,,,,,,,,,,'1,,,,,,,,,,,,,,,kg,,,active
structure-hoodie-1,,,,,,,,,S,,,,,,,,HDE-S-STRE,810.0,shopify,4,deny,manual,89.99,,true,true,,,,,HDE-S-STRE,https://cdn.shopify.com/s/files/1/0654/3828/6065/files/Structure_Hoodie_Dos.jpg?v=1771509584,2,"",,,,,,,,,,,,,,,,,,,,,,,,,,,,,,,,,,,kg,,,
structure-hoodie-1,,,,,,,,,M,,,,,,,,HDE-M-STRE,860.0,shopify,3,deny,manual,89.99,,true,true,,,,,HDE-M-STRE,https://cdn.shopify.com/s/files/1/0654/3828/6065/files/Structure_Hoodie_Portee1.jpg?v=1772701259,3,"",,,,,,,,,,,,,,,,,,,,,,,,,,,,,,,,,,,kg,,,
structure-hoodie-1,,,,,,,,,L,,,,,,,,HDE-L-STRE,900.0,shopify,4,deny,manual,89.99,,true,true,,,,,HDE-L-STRE,https://cdn.shopify.com/s/files/1/0654/3828/6065/files/Structure_Hoodie_Portee2.jpg?v=1772701259,4,"",,,,,,,,,,,,,,,,,,,,,,,,,,,,,,,,,,,kg,,,
structure-hoodie-1,,,,,,,,,XL,,,,,,,,HDE-XL-STRE,940.0,shopify,2,deny,manual,89.99,,true,true,,,,,HDE-XL-STRE,https://cdn.shopify.com/s/files/1/0654/3828/6065/files/Structure_Hoodie_Portee3.jpg?v=1772701259,5,"",,,,,,,,,,,,,,,,,,,,,,,,,,,,,,,,,,,kg,,,
burn-zip-1,Burn Zip,"<ul>
<li class=""p1"">
<span class=""s1"">Color :</span> Black</li>
<li class=""p1"">
<span class=""s1"">Material :</span> 100% cotton</li>
<li class=""p2"">French Terry fabric</li>
<li class=""p2"">420 GSM</li>
<li class=""p2"">Full acid-wash finish</li>
<li class=""p2"">
<strong>Distressed</strong> <strong>details</strong> on hood, sleeves and pockets</li>
<li class=""p2"">Embroidered + printed front logo</li>
<li class=""p2"">Double YKK zipper<br>
</li>
<li class=""p2"">Every order comes with exclusive goodies &lt;3</li>
<li class=""p2"">Pre-order item — ships in 5 to 6 weeks</li>
</ul>",Noclout,Apparel & Accessories > Clothing Accessories > Hats,"","",true,Size,XS,,NFC,Yes (+5€),,,,,ZIP-XS-BURNP,1090.0,shopify,3,deny,manual,99.99,,true,true,,,,,ZIP-XS-BURNP,https://cdn.shopify.com/s/files/1/0654/3828/6065/files/BLACK_ZIP_FACE_-_1.jpg?v=1770809284,1,"",false,,,173,,,,,,,,,,,,,,,,'1,,,,,,,,,,,,,,,kg,,,active
burn-zip-1,,,,,,,,,XS,,,No,,,,,ZIP-XS-BURN,1090.0,shopify,5,deny,manual,94.99,,true,true,,,,,ZIP-XS-BURN,https://cdn.shopify.com/s/files/1/0654/3828/6065/files/BurnZip_Portee2.jpg?v=1772700848,2,"",,,,,,,,,,,,,,,,,,,,,,,,,,,,,,,,,,,kg,,,
burn-zip-1,,,,,,,,,S,,,Yes (+5€),,,,,ZIP-S-BURNP,1140.0,shopify,0,deny,manual,99.99,,true,true,,,,,ZIP-S-BURNP,https://cdn.shopify.com/s/files/1/0654/3828/6065/files/BurnZip_Portee1.jpg?v=1772700848,3,"",,,,,,,,,,,,,,,,,,,,,,,,,,,,,,,,,,,kg,,,
burn-zip-1,,,,,,,,,S,,,No,,,,,ZIP-S-BURN,1090.0,shopify,2,deny,manual,94.99,,true,true,,,,,ZIP-S-BURN,https://cdn.shopify.com/s/files/1/0654/3828/6065/files/BurnZip_Portee3.jpg?v=1772700847,4,"",,,,,,,,,,,,,,,,,,,,,,,,,,,,,,,,,,,kg,,,
burn-zip-1,,,,,,,,,M,,,Yes (+5€),,,,,ZIP-M-BURNP,1190.0,shopify,4,deny,manual,99.99,,true,true,,,,,ZIP-M-BURNP,,,,,,,,,,,,,,,,,,,,,,,,,,,,,,,,,,,,,,kg,,,
burn-zip-1,,,,,,,,,M,,,No,,,,,ZIP-M-BURN,1090.0,shopify,7,deny,manual,94.99,,true,true,,,,,ZIP-M-BURN,,,,,,,,,,,,,,,,,,,,,,,,,,,,,,,,,,,,,,kg,,,
burn-zip-1,,,,,,,,,L,,,Yes (+5€),,,,,ZIP-L-BURNP,1240.0,shopify,0,deny,manual,99.99,,true,true,,,,,ZIP-L-BURNP,,,,,,,,,,,,,,,,,,,,,,,,,,,,,,,,,,,,,,kg,,,
burn-zip-1,,,,,,,,,L,,,No,,,,,ZIP-L-BURN,1090.0,shopify,1,deny,manual,94.99,,true,true,,,,,ZIP-L-BURN,,,,,,,,,,,,,,,,,,,,,,,,,,,,,,,,,,,,,,kg,,,
burn-zip-1,,,,,,,,,XL,,,Yes (+5€),,,,,ZIP-XL-BURNP,1290.0,shopify,2,deny,manual,99.99,,true,true,,,,,ZIP-XL-BURNP,,,,,,,,,,,,,,,,,,,,,,,,,,,,,,,,,,,,,,kg,,,
burn-zip-1,,,,,,,,,XL,,,No,,,,,ZIP-XL-BURN,1090.0,shopify,3,deny,manual,94.99,,true,true,,,,,ZIP-XL-BURN,,,,,,,,,,,,,,,,,,,,,,,,,,,,,,,,,,,,,,kg,,,
mystery-box-10,Mystery Box - Zips,"",Noclout,Uncategorized,"","",false,Size,xs,product.metafields.shopify.size,,,,,,,,1090.0,shopify,2,deny,manual,55.00,94.99,true,true,,,,,"",https://cdn.shopify.com/s/files/1/0654/3828/6065/files/Mystery_Drop_Zips.webp?v=1768991087,1,"",false,,,,,,,,,,,,,,,,,,,'2,,,,,,xs; s; m; l; xl,,,,,,,,,kg,,,draft
mystery-box-10,,,,,,,,,s,,,,,,,,,1140.0,shopify,1,deny,manual,55.00,94.99,true,true,,,,,"",https://cdn.shopify.com/s/files/1/0654/3828/6065/files/Place.jpg?v=1769528257,2,"",,,,,,,,,,,,,,,,,,,,,,,,,,,,,,,,,,,kg,,,
mystery-box-10,,,,,,,,,m,,,,,,,,,1190.0,shopify,1,deny,manual,55.00,94.99,true,true,,,,,"",,,,,,,,,,,,,,,,,,,,,,,,,,,,,,,,,,,,,,kg,,,
mystery-box-10,,,,,,,,,l,,,,,,,,,1240.0,shopify,0,deny,manual,55.00,94.99,true,true,,,,,"",,,,,,,,,,,,,,,,,,,,,,,,,,,,,,,,,,,,,,kg,,,
mystery-box-10,,,,,,,,,xl,,,,,,,,,1290.0,shopify,0,deny,manual,55.00,94.99,true,true,,,,,"",,,,,,,,,,,,,,,,,,,,,,,,,,,,,,,,,,,,,,kg,,,
mystery-box-9,Mystery Box - Long sleeves,"",Noclout,Uncategorized,"","",false,Size,xs,product.metafields.shopify.size,,,,,,,,540.0,shopify,55,deny,manual,30.00,53.99,true,true,,,,,"",https://cdn.shopify.com/s/files/1/0654/3828/6065/files/Mystery_Drop_Longsleeves.webp?v=1768991086,1,"",false,,,,,,,,,,,,,,,,,,,'3,,,,,,xs; s; m; l; xl; xxl,,,,,,,,,kg,,,draft
mystery-box-9,,,,,,,,,s,,,,,,,,,580.0,shopify,0,deny,manual,30.00,53.99,true,true,,,,,"",https://cdn.shopify.com/s/files/1/0654/3828/6065/files/Place_-_8.jpg?v=1769528257,2,"",,,,,,,,,,,,,,,,,,,,,,,,,,,,,,,,,,,kg,,,
mystery-box-9,,,,,,,,,m,,,,,,,,,620.0,shopify,1,deny,manual,30.00,53.99,true,true,,,,,"",,,,,,,,,,,,,,,,,,,,,,,,,,,,,,,,,,,,,,kg,,,
mystery-box-9,,,,,,,,,l,,,,,,,,,660.0,shopify,0,deny,manual,30.00,53.99,true,true,,,,,"",,,,,,,,,,,,,,,,,,,,,,,,,,,,,,,,,,,,,,kg,,,
mystery-box-9,,,,,,,,,xl,,,,,,,,,700.0,shopify,50,deny,manual,30.00,53.99,true,true,,,,,"",,,,,,,,,,,,,,,,,,,,,,,,,,,,,,,,,,,,,,kg,,,
mystery-box-9,,,,,,,,,xxl,,,,,,,,,740.0,shopify,14,deny,manual,30.00,53.99,true,true,,,,,"",,,,,,,,,,,,,,,,,,,,,,,,,,,,,,,,,,,,,,kg,,,
mystery-box-8,Mystery Box - Hoodies,"",Noclout,Uncategorized,"","",false,Size,xs,product.metafields.shopify.size,,,,,,,,800.0,shopify,0,deny,manual,40.00,89.99,true,true,,,,,"",https://cdn.shopify.com/s/files/1/0654/3828/6065/files/Mystery_Drop_Hoodies.webp?v=1768991087,1,"",false,,,,,,,,,,,,,,,,,,,,,,,,,xs; s; m; l; xl,,,,,,,,,kg,,,draft
mystery-box-8,,,,,,,,,s,,,,,,,,,870.0,shopify,0,deny,manual,40.00,89.99,true,true,,,,,"",https://cdn.shopify.com/s/files/1/0654/3828/6065/files/Place_-_2.jpg?v=1769528257,2,"",,,,,,,,,,,,,,,,,,,,,,,,,,,,,,,,,,,kg,,,
mystery-box-8,,,,,,,,,m,,,,,,,,,880.0,shopify,0,deny,manual,40.00,89.99,true,true,,,,,"",,,,,,,,,,,,,,,,,,,,,,,,,,,,,,,,,,,,,,kg,,,
mystery-box-8,,,,,,,,,l,,,,,,,,,900.0,shopify,0,deny,manual,40.00,89.99,true,true,,,,,"",,,,,,,,,,,,,,,,,,,,,,,,,,,,,,,,,,,,,,kg,,,
mystery-box-8,,,,,,,,,xl,,,,,,,,,960.0,shopify,0,deny,manual,40.00,89.99,true,true,,,,,"",,,,,,,,,,,,,,,,,,,,,,,,,,,,,,,,,,,,,,kg,,,
mystery-box-7,Mystery Box - Knits,"",Noclout,Uncategorized,"","",false,Size,xs,product.metafields.shopify.size,,,,,,,,850.0,shopify,0,deny,manual,55.00,94.99,true,true,,,,,"",https://cdn.shopify.com/s/files/1/0654/3828/6065/files/Mystery_Drop_Knits.webp?v=1768991086,1,"",false,,,,,,,,,,,,,,,,,,,,,,,,,xs; s; m; l; xl,,,,,,,,,kg,,,draft
mystery-box-7,,,,,,,,,s,,,,,,,,,940.0,shopify,9,deny,manual,55.00,94.99,true,true,,,,,"",https://cdn.shopify.com/s/files/1/0654/3828/6065/files/Place_-_3.jpg?v=1769528257,2,"",,,,,,,,,,,,,,,,,,,,,,,,,,,,,,,,,,,kg,,,
mystery-box-7,,,,,,,,,m,,,,,,,,,980.0,shopify,1,deny,manual,55.00,94.99,true,true,,,,,"",,,,,,,,,,,,,,,,,,,,,,,,,,,,,,,,,,,,,,kg,,,
mystery-box-7,,,,,,,,,l,,,,,,,,,1030.0,shopify,0,deny,manual,55.00,94.99,true,true,,,,,"",,,,,,,,,,,,,,,,,,,,,,,,,,,,,,,,,,,,,,kg,,,
mystery-box-7,,,,,,,,,xl,,,,,,,,,1080.0,shopify,0,deny,manual,55.00,94.99,true,true,,,,,"",,,,,,,,,,,,,,,,,,,,,,,,,,,,,,,,,,,,,,kg,,,
mystery-box-6,Mystery Box - Swim Shorts,"",Noclout,Uncategorized,"","",false,Size,xs,product.metafields.shopify.size,,,,,,,,280.0,shopify,43,deny,manual,10.00,34.99,true,true,,,,,"",https://cdn.shopify.com/s/files/1/0654/3828/6065/files/Mystery_Drop_Swim.webp?v=1768991087,1,"",false,,,,,,,,,,,,,,,,,,,,,,,,,xs; s; m; l; xl,,,,,,,,,kg,,,draft
mystery-box-6,,,,,,,,,s,,,,,,,,,290.0,shopify,0,deny,manual,10.00,34.99,true,true,,,,,"",https://cdn.shopify.com/s/files/1/0654/3828/6065/files/Place_-_7.jpg?v=1769528257,2,"",,,,,,,,,,,,,,,,,,,,,,,,,,,,,,,,,,,kg,,,
mystery-box-6,,,,,,,,,m,,,,,,,,,300.0,shopify,0,deny,manual,10.00,34.99,true,true,,,,,"",,,,,,,,,,,,,,,,,,,,,,,,,,,,,,,,,,,,,,kg,,,
mystery-box-6,,,,,,,,,l,,,,,,,,,310.0,shopify,0,deny,manual,10.00,34.99,true,true,,,,,"",,,,,,,,,,,,,,,,,,,,,,,,,,,,,,,,,,,,,,kg,,,
mystery-box-6,,,,,,,,,xl,,,,,,,,,320.0,shopify,0,deny,manual,10.00,34.99,true,true,,,,,"",,,,,,,,,,,,,,,,,,,,,,,,,,,,,,,,,,,,,,kg,,,
mystery-box-5,Mystery Box - Jackets,"",Noclout,Uncategorized,"","",false,Size,xs,product.metafields.shopify.size,,,,,,,,530.0,shopify,13,deny,manual,70.00,129.99,true,true,,,,,"",https://cdn.shopify.com/s/files/1/0654/3828/6065/files/Mystery_Drop_Jackets.webp?v=1768991087,1,"",false,,,,,,,,,,,,,,,,,,,,,,,,,xs; s; m; l; xl,,,,,,,,,kg,,,draft
mystery-box-5,,,,,,,,,s,,,,,,,,,580.0,shopify,29,deny,manual,70.00,129.99,true,true,,,,,"",https://cdn.shopify.com/s/files/1/0654/3828/6065/files/Jackets_et_training.jpg?v=1769789542,2,"",,,,,,,,,,,,,,,,,,,,,,,,,,,,,,,,,,,kg,,,
mystery-box-5,,,,,,,,,m,,,,,,,,,630.0,shopify,24,deny,manual,70.00,129.99,true,true,,,,,"",,,,,,,,,,,,,,,,,,,,,,,,,,,,,,,,,,,,,,kg,,,
mystery-box-5,,,,,,,,,l,,,,,,,,,680.0,shopify,0,deny,manual,70.00,129.99,true,true,,,,,"",,,,,,,,,,,,,,,,,,,,,,,,,,,,,,,,,,,,,,kg,,,
mystery-box-5,,,,,,,,,xl,,,,,,,,,730.0,shopify,6,deny,manual,70.00,129.99,true,true,,,,,"",,,,,,,,,,,,,,,,,,,,,,,,,,,,,,,,,,,,,,kg,,,
mystery-box-4,Mystery Box - Jorts,"",Noclout,Uncategorized,"","",false,Size,xs,product.metafields.shopify.size,,,,,,,,730.0,shopify,20,deny,manual,35.00,69.99,true,true,,,,,"",https://cdn.shopify.com/s/files/1/0654/3828/6065/files/Mystery_Drop_Jorts.webp?v=1768991086,1,"",false,,,,,,,,,,,,,,,,,,,'1,,,,,,xs; s; m; l; xl,,,,,,,,,kg,,,draft
mystery-box-4,,,,,,,,,s,,,,,,,,,760.0,shopify,0,deny,manual,35.00,69.99,true,true,,,,,"",https://cdn.shopify.com/s/files/1/0654/3828/6065/files/Place_-_6.jpg?v=1769528258,2,"",,,,,,,,,,,,,,,,,,,,,,,,,,,,,,,,,,,kg,,,
mystery-box-4,,,,,,,,,m,,,,,,,,,790.0,shopify,0,deny,manual,35.00,69.99,true,true,,,,,"",,,,,,,,,,,,,,,,,,,,,,,,,,,,,,,,,,,,,,kg,,,
mystery-box-4,,,,,,,,,l,,,,,,,,,820.0,shopify,0,deny,manual,35.00,69.99,true,true,,,,,"",,,,,,,,,,,,,,,,,,,,,,,,,,,,,,,,,,,,,,kg,,,
mystery-box-4,,,,,,,,,xl,,,,,,,,,850.0,shopify,31,deny,manual,35.00,69.99,true,true,,,,,"",,,,,,,,,,,,,,,,,,,,,,,,,,,,,,,,,,,,,,kg,,,
mystery-box-3,Mystery Box - Tee-shirts,"",Noclout,Uncategorized,"","",false,Size,xs,product.metafields.shopify.size,,,,,,,,300.0,shopify,64,deny,manual,25.00,49.99,true,true,,,,,"",https://cdn.shopify.com/s/files/1/0654/3828/6065/files/Mystery_Drop_Tees.webp?v=1768991087,1,"",false,,,,,,,,,,,,,,,,,,,,,,,,,xs; s; m; l; xl,,,,,,,,,kg,,,draft
mystery-box-3,,,,,,,,,s,,,,,,,,,300.0,shopify,126,deny,manual,25.00,49.99,true,true,,,,,"",https://cdn.shopify.com/s/files/1/0654/3828/6065/files/Place_-_4.jpg?v=1769528257,2,"",,,,,,,,,,,,,,,,,,,,,,,,,,,,,,,,,,,kg,,,
mystery-box-3,,,,,,,,,m,,,,,,,,,300.0,shopify,0,deny,manual,25.00,49.99,true,true,,,,,"",,,,,,,,,,,,,,,,,,,,,,,,,,,,,,,,,,,,,,kg,,,
mystery-box-3,,,,,,,,,l,,,,,,,,,300.0,shopify,114,deny,manual,25.00,49.99,true,true,,,,,"",,,,,,,,,,,,,,,,,,,,,,,,,,,,,,,,,,,,,,kg,,,
mystery-box-3,,,,,,,,,xl,,,,,,,,,300.0,shopify,29,deny,manual,25.00,49.99,true,true,,,,,"",,,,,,,,,,,,,,,,,,,,,,,,,,,,,,,,,,,,,,kg,,,
mystery-box-2,Mystery Box - Bottoms,"",Noclout,Uncategorized,"","",false,Size,xs,product.metafields.shopify.size,,,,,,,,1150.0,shopify,21,deny,manual,65.00,119.99,true,true,,,,,"",https://cdn.shopify.com/s/files/1/0654/3828/6065/files/Mystery_Drop_Bottoms.webp?v=1768991086,1,"",false,,,,,,,,,,,,,,,,,,,,,,,,,xs; s; m; l; xl,,,,,,,,,kg,,,draft
mystery-box-2,,,,,,,,,s,,,,,,,,,1200.0,shopify,14,deny,manual,65.00,119.99,true,true,,,,,"",https://cdn.shopify.com/s/files/1/0654/3828/6065/files/Place_-_5.jpg?v=1769528258,2,"",,,,,,,,,,,,,,,,,,,,,,,,,,,,,,,,,,,kg,,,
mystery-box-2,,,,,,,,,m,,,,,,,,,1250.0,shopify,0,deny,manual,65.00,119.99,true,true,,,,,"",,,,,,,,,,,,,,,,,,,,,,,,,,,,,,,,,,,,,,kg,,,
mystery-box-2,,,,,,,,,l,,,,,,,,,1300.0,shopify,0,deny,manual,65.00,119.99,true,true,,,,,"",,,,,,,,,,,,,,,,,,,,,,,,,,,,,,,,,,,,,,kg,,,
mystery-box-2,,,,,,,,,xl,,,,,,,,,1350.0,shopify,9,deny,manual,65.00,119.99,true,true,,,,,"",,,,,,,,,,,,,,,,,,,,,,,,,,,,,,,,,,,,,,kg,,,
mystery-box-1,Mystery Box - Accessories,"",Noclout,Uncategorized,"","",false,Title,Default Title,,,,,,,,,300.0,shopify,160,deny,manual,15.00,59.99,true,true,,,,,"",https://cdn.shopify.com/s/files/1/0654/3828/6065/files/Mystery_Drop_Accessories.webp?v=1768991145,1,"",false,,,,,,,,,,,,,,,,,,,,,,,,,,,,,,,,,,kg,,,draft
mystery-box-1,,,,,,,,,,,,,,,,,,,,,,,,,,,,,,,,https://cdn.shopify.com/s/files/1/0654/3828/6065/files/Place_-_10.jpg?v=1769528258,2,"",,,,,,,,,,,,,,,,,,,,,,,,,,,,,,,,,,,,,,
ebene-set-training-jacket,Brown & Blue Set - Training Jacket,"<ul>
<li class=""p1"">
<span class=""s1"">Colors :</span> Brown, Blue</li>
<li class=""p1"">
<span class=""s1"">Material :</span> 46% cotton, 47% polyester, 7% spandex</li>
<li class=""p1"">320 GSM</li>
<li class=""p2"">Perfect fit for a training jacket</li>
<li class=""p2"">Blue embroidered front &amp; back logo<br>
</li>
<li class=""p2"">Every order comes with exclusive goodies &lt;3<br>
</li>
</ul>",Noclout,Apparel & Accessories > Clothing Accessories > Hats,"","",true,Size,XS,,,,,,,,,460.0,shopify,0,deny,manual,94.99,,true,true,,,,,,https://cdn.shopify.com/s/files/1/0654/3828/6065/files/COLORS_-_VESTE_MARRON_1.jpg?v=1765798695,1,"",false,,,173,,,,,,,,,,,,,,,,'3,,,,,,,,,,,,,,,kg,,,active
ebene-set-training-jacket,,,,,,,,,S,,,,,,,,,470.0,shopify,0,deny,manual,94.99,,true,true,,,,,,https://cdn.shopify.com/s/files/1/0654/3828/6065/files/COLORS_-_VESTE_MARRON_2.jpg?v=1765798695,2,"",,,,,,,,,,,,,,,,,,,,,,,,,,,,,,,,,,,kg,,,
ebene-set-training-jacket,,,,,,,,,M,,,,,,,,,480.0,shopify,0,deny,manual,94.99,,true,true,,,,,,https://cdn.shopify.com/s/files/1/0654/3828/6065/files/COLORS_-_VESTE_MARRON_3.jpg?v=1765798696,3,"",,,,,,,,,,,,,,,,,,,,,,,,,,,,,,,,,,,kg,,,
ebene-set-training-jacket,,,,,,,,,L,,,,,,,,,490.0,shopify,0,deny,manual,94.99,,true,true,,,,,,https://cdn.shopify.com/s/files/1/0654/3828/6065/files/COLORS_-_VESTE_MARRON_5.jpg?v=1765798695,4,"",,,,,,,,,,,,,,,,,,,,,,,,,,,,,,,,,,,kg,,,
ebene-set-training-jacket,,,,,,,,,XL,,,,,,,,,500.0,shopify,1,deny,manual,94.99,,true,true,,,,,,https://cdn.shopify.com/s/files/1/0654/3828/6065/files/COLORS_-_VESTE_MARRON_7.jpg?v=1765798695,5,"",,,,,,,,,,,,,,,,,,,,,,,,,,,,,,,,,,,kg,,,
bright-wash-denim,Bright Wash Denim,"<ul>
<li>
<p class=""p1"">Faded light blue-white denim</p>
</li>
<li>
<p class=""p1"">100% cotton (non-stretch)</p>
</li>
<li>
<p class=""p1"">Woven denim fabric</p>
</li>
<li>
<p class=""p1"">3D embroidered cream logo on back left pocket</p>
</li>
<li>
<p class=""p1"">Cream embroidery on front right pocket</p>
</li>
<li>
<p class=""p1"">Custom jacron patch<meta charset=""utf-8""></p>
</li>
<li>
<meta charset=""utf-8"">
<p>Every order includes exclusive goodies &lt;3</p>
</li>
</ul>",Noclout,Uncategorized,"","",true,Size,XS,,,,,,,,,1150.0,shopify,3,deny,manual,89.99,,true,true,,,,,,https://cdn.shopify.com/s/files/1/0654/3828/6065/files/COLORS_-_JEAN_CIEL_1.jpg?v=1765798713,1,"",false,,,,,,,,,,,,,,,,,,,'2,,,,,,,,,,,,,,,kg,,,active
bright-wash-denim,,,,,,,,,S,,,,,,,,,1200.0,shopify,3,deny,manual,89.99,,true,true,,,,,,https://cdn.shopify.com/s/files/1/0654/3828/6065/files/COLORS_-_JEAN_CIEL_2.jpg?v=1765798714,2,"",,,,,,,,,,,,,,,,,,,,,,,,,,,,,,,,,,,kg,,,
bright-wash-denim,,,,,,,,,M,,,,,,,,,1250.0,shopify,0,deny,manual,89.99,,true,true,,,,,,https://cdn.shopify.com/s/files/1/0654/3828/6065/files/COLORS_-_JEAN_CIEL_3.jpg?v=1765798713,3,"",,,,,,,,,,,,,,,,,,,,,,,,,,,,,,,,,,,kg,,,
bright-wash-denim,,,,,,,,,L,,,,,,,,,1300.0,shopify,0,deny,manual,89.99,,true,true,,,,,,https://cdn.shopify.com/s/files/1/0654/3828/6065/files/COLORS_-_JEAN_CIEL_4.jpg?v=1765798712,4,"",,,,,,,,,,,,,,,,,,,,,,,,,,,,,,,,,,,kg,,,
bright-wash-denim,,,,,,,,,XL,,,,,,,,,1350.0,shopify,0,deny,manual,89.99,,true,true,,,,,,https://cdn.shopify.com/s/files/1/0654/3828/6065/files/COLORS_-_JEAN_CIEL_5.jpg?v=1765798713,5,"",,,,,,,,,,,,,,,,,,,,,,,,,,,,,,,,,,,kg,,,
arc-selvege-denim,Arc Selvedge Denim,"<ul>
<li class=""p1"">
<span class=""s1"">Color :</span> Navy Blue</li>
<li class=""p1"">Raw Red Selvedge Denim (16OZ)</li>
<li class=""p1"">
<span class=""s1"">Material :</span> 100% cotton (non-stretch denim)</li>
<li class=""p1"">Double front &amp; back yoke</li>
<li class=""p2"">Round double pockets</li>
<li class=""p2"">Regular Cut</li>
<li class=""p2"">Custom leather patch</li>
<li class=""p2"">Custom metal button</li>
<li class=""p2"">Every order comes with exclusive goodies &lt;3<br>
</li>
</ul>",Noclout,Uncategorized,"","",true,Size,XS,,,,,,,,JNS-XS-ASVD,1150.0,shopify,7,deny,manual,119.99,,true,true,,,,,JNS-XS-ASVD,https://cdn.shopify.com/s/files/1/0654/3828/6065/files/COLORS_-_SELVEDGE_1.jpg?v=1765798677,1,"",false,,,,,,,,,,,,,,,,,,,,,,,,,,,,,,,,,,kg,,,active
arc-selvege-denim,,,,,,,,,S,,,,,,,,JNS-S-ASVD,1200.0,shopify,4,deny,manual,119.99,,true,true,,,,,JNS-S-ASVD,https://cdn.shopify.com/s/files/1/0654/3828/6065/files/COLORS_-_SELVEDGE_2.jpg?v=1765798677,2,"",,,,,,,,,,,,,,,,,,,,,,,,,,,,,,,,,,,kg,,,
arc-selvege-denim,,,,,,,,,M,,,,,,,,JNS-M-ASVD,1250.0,shopify,0,deny,manual,119.99,,true,true,,,,,JNS-M-ASVD,https://cdn.shopify.com/s/files/1/0654/3828/6065/files/PANTS.jpg?v=1765819152,3,"",,,,,,,,,,,,,,,,,,,,,,,,,,,,,,,,,,,kg,,,
arc-selvege-denim,,,,,,,,,L,,,,,,,,JNS-L-ASVD,1300.0,shopify,0,deny,manual,119.99,,true,true,,,,,JNS-L-ASVD,https://cdn.shopify.com/s/files/1/0654/3828/6065/files/COLORS_-_SELVEDGE_3.jpg?v=1765819152,4,"",,,,,,,,,,,,,,,,,,,,,,,,,,,,,,,,,,,kg,,,
arc-selvege-denim,,,,,,,,,XL,,,,,,,,JNS-XL-ASVD,1350.0,shopify,3,deny,manual,119.99,,true,true,,,,,JNS-XL-ASVD,https://cdn.shopify.com/s/files/1/0654/3828/6065/files/COLORS_-_SELVEDGE_4.jpg?v=1765819152,5,"",,,,,,,,,,,,,,,,,,,,,,,,,,,,,,,,,,,kg,,,
arc-selvege-denim,,,,,,,,,,,,,,,,,,,,,,,,,,,,,,,,https://cdn.shopify.com/s/files/1/0654/3828/6065/files/COLORS_-_SELVEDGE_5.jpg?v=1765819152,6,"",,,,,,,,,,,,,,,,,,,,,,,,,,,,,,,,,,,,,,
shade-denim,Shade Denim,"<ul>
<li class=""p1"">
<span class=""s1"">Color :</span> Faded blue</li>
<li class=""p1"">
<span class=""s1"">Material :</span> 100% cotton (non-stretch denim)</li>
<li class=""p2"">Woven denim fabric</li>
<li class=""p2"">Double leg panels that unfold and fasten open with rivets (checked lining inside)</li>
<li class=""p2"">Double pockets</li>
<li class=""p2"">Flared fit</li>
<li class=""p2"">Custom leather patch</li>
<li class=""p2"">Custom metal button</li>
<li class=""p2"">Every order comes with exclusive goodies &lt;3<br>
</li>
</ul>",Noclout,Apparel & Accessories > Clothing > Pants > Jeans,"","",true,Size,XS,,Color,Red Checks,,,,,JNS-XS-RSDE,1150.0,shopify,3,deny,manual,109.99,,true,true,,,,,JNS-XS-RSDE,https://cdn.shopify.com/s/files/1/0654/3828/6065/files/COLORS_-_PRESSION_ROUGE_2.jpg?v=1765798731,1,Alt = Common,false,,,204,,,,,,,,,,,,,,,,'1,,,,,,,,,,,,,,https://cdn.shopify.com/s/files/1/0654/3828/6065/files/COLORS_-_PRESSION_ROUGE_1.jpg?v=1765798732,kg,,,active
shade-denim,,,,,,,,,XS,,,Blue Checks,,,,,JNS-XS-BSDE,1150.0,shopify,0,deny,manual,109.99,,true,true,,,,,JNS-XS-BSDE,https://cdn.shopify.com/s/files/1/0654/3828/6065/files/COLORS_-_PRESSION_ROUGE_3.jpg?v=1765798732,2,Alt = Common,,,,,,,,,,,,,,,,,,,,,,,,,,,,,,,,,,https://cdn.shopify.com/s/files/1/0654/3828/6065/files/COLORS_-_PRESSION_BLEU_1.jpg?v=1765812635,kg,,,
shade-denim,,,,,,,,,S,,,Red Checks,,,,,JNS-S-RSDE,1200.0,shopify,0,deny,manual,109.99,,true,true,,,,,JNS-S-RSDE,https://cdn.shopify.com/s/files/1/0654/3828/6065/files/COLORS_-_PRESSION_ROUGE_1.jpg?v=1765798732,3,Alt = Red Checks,,,,,,,,,,,,,,,,,,,,,,,,,,,,,,,,,,https://cdn.shopify.com/s/files/1/0654/3828/6065/files/COLORS_-_PRESSION_ROUGE_1.jpg?v=1765798732,kg,,,
shade-denim,,,,,,,,,S,,,Blue Checks,,,,,JNS-S-BSDE,1150.0,shopify,2,deny,manual,109.99,,true,true,,,,,JNS-S-BSDE,https://cdn.shopify.com/s/files/1/0654/3828/6065/files/COLORS_-_PRESSION_BLEU_1.jpg?v=1765812635,4,Alt = Blue Checks,,,,,,,,,,,,,,,,,,,,,,,,,,,,,,,,,,https://cdn.shopify.com/s/files/1/0654/3828/6065/files/COLORS_-_PRESSION_BLEU_1.jpg?v=1765812635,kg,,,
shade-denim,,,,,,,,,M,,,Red Checks,,,,,JNS-M-RSDE,1250.0,shopify,0,deny,manual,109.99,,true,true,,,,,JNS-M-RSDE,https://cdn.shopify.com/s/files/1/0654/3828/6065/files/COLORS_-_PRESSION_ROUGE_4.jpg?v=1765812635,5,Alt = Red Checks,,,,,,,,,,,,,,,,,,,,,,,,,,,,,,,,,,https://cdn.shopify.com/s/files/1/0654/3828/6065/files/COLORS_-_PRESSION_ROUGE_1.jpg?v=1765798732,kg,,,
shade-denim,,,,,,,,,M,,,Blue Checks,,,,,JNS-M-BSDE,1150.0,shopify,0,deny,manual,109.99,,true,true,,,,,JNS-M-BSDE,https://cdn.shopify.com/s/files/1/0654/3828/6065/files/COLORS_-_PRESSION_ROUGE_5.jpg?v=1765812635,6,Alt = Red Checks,,,,,,,,,,,,,,,,,,,,,,,,,,,,,,,,,,https://cdn.shopify.com/s/files/1/0654/3828/6065/files/COLORS_-_PRESSION_BLEU_1.jpg?v=1765812635,kg,,,
shade-denim,,,,,,,,,L,,,Red Checks,,,,,JNS-L-RSDE,1300.0,shopify,0,deny,manual,109.99,,true,true,,,,,JNS-L-RSDE,https://cdn.shopify.com/s/files/1/0654/3828/6065/files/COLORS_-_PRESSION_BLEU_5.jpg?v=1765808498,7,Alt = Blue Checks,,,,,,,,,,,,,,,,,,,,,,,,,,,,,,,,,,https://cdn.shopify.com/s/files/1/0654/3828/6065/files/COLORS_-_PRESSION_ROUGE_1.jpg?v=1765798732,kg,,,
shade-denim,,,,,,,,,L,,,Blue Checks,,,,,JNS-L-BSDE,1150.0,shopify,0,deny,manual,109.99,,true,true,,,,,JNS-L-BSDE,https://cdn.shopify.com/s/files/1/0654/3828/6065/files/COLORS_-_PRESSION_BLEU_4.jpg?v=1765808498,8,Alt = Blue Checks,,,,,,,,,,,,,,,,,,,,,,,,,,,,,,,,,,https://cdn.shopify.com/s/files/1/0654/3828/6065/files/COLORS_-_PRESSION_BLEU_1.jpg?v=1765812635,kg,,,
shade-denim,,,,,,,,,XL,,,Red Checks,,,,,JNS-XL-RSDE,1350.0,shopify,1,deny,manual,109.99,,true,true,,,,,JNS-XL-RSDE,,,,,,,,,,,,,,,,,,,,,,,,,,,,,,,,,,,,,https://cdn.shopify.com/s/files/1/0654/3828/6065/files/COLORS_-_PRESSION_ROUGE_1.jpg?v=1765798732,kg,,,
shade-denim,,,,,,,,,XL,,,Blue Checks,,,,,JNS-XL-BSDE,1150.0,shopify,0,deny,manual,109.99,,true,true,,,,,JNS-XL-BSDE,,,,,,,,,,,,,,,,,,,,,,,,,,,,,,,,,,,,,https://cdn.shopify.com/s/files/1/0654/3828/6065/files/COLORS_-_PRESSION_BLEU_1.jpg?v=1765812635,kg,,,
quartz-rainjacket,Quartz Rainjacket,"<ul>
<li>
<p>Colors : Pink, White (checkered pattern all over)<br></p>
</li>
<li>
<p>100% Polyester</p>
</li>
<li>
<p>Water resistance : 10 000 Schmerber (high performance)</p>
</li>
<li>
<p>Embroidered front logo</p>
</li>
<li>
<p>Heat pressed logo on velcro</p>
</li>
<li>
<p>Adjustement with drawstrings at the hood and waist</p>
</li>
<li>
<p>2 front pockets</p>
</li>
<li>
<p>Every order includes exclusive goodies &lt;3<br></p>
</li>
</ul>",Noclout,Apparel & Accessories > Clothing > Clothing Tops > T-Shirts,"","",true,Size,xs,product.metafields.shopify.size,,,,,,,RJT-XS-QRTZ,530.0,shopify,3,deny,manual,109.99,,true,true,,,,,RJT-XS-QRTZ,https://cdn.shopify.com/s/files/1/0654/3828/6065/files/COLORS_-_KWAY_ROSE_1.jpg?v=1765798395,1,"",false,,,212,,,,,,,,,,,glacial-rainjacket,,,,,,,,,,,xs; s; m; l; xl,,,,,,,,,kg,,,active
quartz-rainjacket,,,,,,,,,s,,,,,,,,RJT-S-QRTZ,580.0,shopify,15,deny,manual,109.99,,true,true,,,,,RJT-S-QRTZ,https://cdn.shopify.com/s/files/1/0654/3828/6065/files/COLORS_-_KWAY_ROSE_2.jpg?v=1765798395,2,"",,,,,,,,,,,,,,,,,,,,,,,,,,,,,,,,,,,kg,,,
quartz-rainjacket,,,,,,,,,m,,,,,,,,RJT-M-QRTZ,630.0,shopify,1,deny,manual,109.99,,true,true,,,,,RJT-M-QRTZ,https://cdn.shopify.com/s/files/1/0654/3828/6065/files/COLORS_-_KWAY_ROSE_3.jpg?v=1765798393,3,"",,,,,,,,,,,,,,,,,,,,,,,,,,,,,,,,,,,kg,,,
quartz-rainjacket,,,,,,,,,l,,,,,,,,RJT-L-QRTZ,680.0,shopify,2,deny,manual,109.99,,true,true,,,,,RJT-L-QRTZ,https://cdn.shopify.com/s/files/1/0654/3828/6065/files/COLORS_-_KWAY_ROSE_4.jpg?v=1765798394,4,"",,,,,,,,,,,,,,,,,,,,,,,,,,,,,,,,,,,kg,,,
quartz-rainjacket,,,,,,,,,xl,,,,,,,,RJT-XL-QRTZ,730.0,shopify,3,deny,manual,109.99,,true,true,,,,,RJT-XL-QRTZ,https://cdn.shopify.com/s/files/1/0654/3828/6065/files/COLORS_-_KWAY_ROSE_5.jpg?v=1765798393,5,"",,,,,,,,,,,,,,,,,,,,,,,,,,,,,,,,,,,kg,,,
glacial-rainjacket,Glacial Rainjacket,"<ul>
<li>
<p>Colors : Blue, White (checkered pattern all over)<br></p>
</li>
<li>
<p>100% Polyester</p>
</li>
<li>
<p>Water resistance : 10 000 Schmerber (high performance)</p>
</li>
<li>
<p>Embroidered front logo</p>
</li>
<li>
<p>Heat pressed logo on velcro</p>
</li>
<li>
<p>Adjustement with drawstrings at the hood and waist</p>
</li>
<li>
<p>2 front pockets</p>
</li>
<li>
<p>Every order includes exclusive goodies &lt;3<br></p>
</li>
</ul>",Noclout,Apparel & Accessories > Clothing > Clothing Tops > T-Shirts,"","",true,Size,xs,product.metafields.shopify.size,,,,,,,RJT-XS-GLCL,530.0,shopify,4,deny,manual,109.99,,true,true,,,,,RJT-XS-GLCL,https://cdn.shopify.com/s/files/1/0654/3828/6065/files/COLORS_-_KWAY_BLEU_1.jpg?v=1765798462,1,"",false,,,212,,,,,,,,,,,,,,,,,,,,,,xs; s; m; l; xl,,,,,,,,,kg,,,active
glacial-rainjacket,,,,,,,,,s,,,,,,,,RJT-S-GLCL,580.0,shopify,19,deny,manual,109.99,,true,true,,,,,RJT-S-GLCL,https://cdn.shopify.com/s/files/1/0654/3828/6065/files/COLORS_-_KWAY_BLEU_2.jpg?v=1765798462,2,"",,,,,,,,,,,,,,,,,,,,,,,,,,,,,,,,,,,kg,,,
glacial-rainjacket,,,,,,,,,m,,,,,,,,RJT-M-GLCL,630.0,shopify,6,deny,manual,109.99,,true,true,,,,,RJT-M-GLCL,https://cdn.shopify.com/s/files/1/0654/3828/6065/files/COLORS_-_KWAY_BLEU_3.jpg?v=1765808407,3,"",,,,,,,,,,,,,,,,,,,,,,,,,,,,,,,,,,,kg,,,
glacial-rainjacket,,,,,,,,,l,,,,,,,,RJT-L-GLCL,680.0,shopify,0,deny,manual,109.99,,true,true,,,,,RJT-L-GLCL,https://cdn.shopify.com/s/files/1/0654/3828/6065/files/COLORS_-_KWAY_BLEU_4.jpg?v=1765808407,4,"",,,,,,,,,,,,,,,,,,,,,,,,,,,,,,,,,,,kg,,,
glacial-rainjacket,,,,,,,,,xl,,,,,,,,RJT-XL-GLCL,730.0,shopify,1,deny,manual,109.99,,true,true,,,,,RJT-XL-GLCL,https://cdn.shopify.com/s/files/1/0654/3828/6065/files/COLORS_-_KWAY_BLEU_5.jpg?v=1765808407,5,"",,,,,,,,,,,,,,,,,,,,,,,,,,,,,,,,,,,kg,,,
bleak-zip,Bleak Zip,"<ul>
<li class=""p1"">
<span class=""s1"">Color :</span> Blue</li>
<li class=""p1"">
<span class=""s1"">Material :</span> 100% cotton</li>
<li class=""p2"">French Terry fabric</li>
<li class=""p2"">420 GSM</li>
<li class=""p2"">Full acid-wash finish</li>
<li class=""p2"">
<strong>Distressed details</strong> on hood, sleeves and pockets</li>
<li class=""p2"">Embroidered + printed front logo</li>
<li class=""p2"">Double YKK zipper</li>
<li class=""p2"">Every order comes with exclusive goodies &lt;3<br>
</li>
</ul>",Noclout,Apparel & Accessories > Clothing Accessories > Hats,"","",true,Size,XS,,NFC,Yes (+5€),,,,,ZIP-XS-BLKP,1090.0,shopify,0,deny,manual,99.99,,true,true,,,,,ZIP-XS-BLKP,https://cdn.shopify.com/s/files/1/0654/3828/6065/files/COLORS_-_ZIP_BLEU_1.jpg?v=1765798327,1,"",false,,,173,,,,,,,,,,,,,,,,'1,,,,,,,,,,,,,,,kg,,,active
bleak-zip,,,,,,,,,XS,,,No,,,,,ZIP-XS-BLK,1090.0,shopify,1,deny,manual,94.99,,true,true,,,,,ZIP-XS-BLK,https://cdn.shopify.com/s/files/1/0654/3828/6065/files/COLORS_-_ZIP_BLEU_2.jpg?v=1765798327,2,"",,,,,,,,,,,,,,,,,,,,,,,,,,,,,,,,,,,kg,,,
bleak-zip,,,,,,,,,S,,,Yes (+5€),,,,,ZIP-S-BLKP,1140.0,shopify,0,deny,manual,99.99,,true,true,,,,,ZIP-S-BLKP,https://cdn.shopify.com/s/files/1/0654/3828/6065/files/COLORS_-_ZIP_BLEU_3.jpg?v=1765798327,3,"",,,,,,,,,,,,,,,,,,,,,,,,,,,,,,,,,,,kg,,,
bleak-zip,,,,,,,,,S,,,No,,,,,ZIP-S-BLK,1140.0,shopify,0,deny,manual,94.99,,true,true,,,,,ZIP-S-BLK,https://cdn.shopify.com/s/files/1/0654/3828/6065/files/COLORS_-_ZIP_BLEU_4.jpg?v=1765798327,4,"",,,,,,,,,,,,,,,,,,,,,,,,,,,,,,,,,,,kg,,,
bleak-zip,,,,,,,,,M,,,Yes (+5€),,,,,ZIP-M-BLKP,1190.0,shopify,1,deny,manual,99.99,,true,true,,,,,ZIP-M-BLKP,,,,,,,,,,,,,,,,,,,,,,,,,,,,,,,,,,,,,,kg,,,
bleak-zip,,,,,,,,,M,,,No,,,,,ZIP-M-BLK,1190.0,shopify,0,deny,manual,94.99,,true,true,,,,,ZIP-M-BLK,,,,,,,,,,,,,,,,,,,,,,,,,,,,,,,,,,,,,,kg,,,
bleak-zip,,,,,,,,,L,,,Yes (+5€),,,,,ZIP-L-BLKP,1240.0,shopify,0,deny,manual,99.99,,true,true,,,,,ZIP-L-BLKP,,,,,,,,,,,,,,,,,,,,,,,,,,,,,,,,,,,,,,kg,,,
bleak-zip,,,,,,,,,L,,,No,,,,,ZIP-L-BLK,1240.0,shopify,0,deny,manual,94.99,,true,true,,,,,ZIP-L-BLK,,,,,,,,,,,,,,,,,,,,,,,,,,,,,,,,,,,,,,kg,,,
bleak-zip,,,,,,,,,XL,,,Yes (+5€),,,,,ZIP-XL-BLKP,1290.0,shopify,0,deny,manual,99.99,,true,true,,,,,ZIP-XL-BLKP,,,,,,,,,,,,,,,,,,,,,,,,,,,,,,,,,,,,,,kg,,,
bleak-zip,,,,,,,,,XL,,,No,,,,,ZIP-XL-BLK,1290.0,shopify,0,deny,manual,94.99,,true,true,,,,,ZIP-XL-BLK,,,,,,,,,,,,,,,,,,,,,,,,,,,,,,,,,,,,,,kg,,,
passion-zip,Passion Zip,"<ul>
<li class=""p1"">
<span class=""s1"">Color :</span> Red</li>
<li class=""p1"">
<span class=""s1"">Material :</span> 100% cotton</li>
<li class=""p2"">French Terry fabric</li>
<li class=""p2"">420 GSM</li>
<li class=""p2"">Full acid-wash finish</li>
<li class=""p2"">
<strong>Distressed details</strong> on hood, sleeves and pockets</li>
<li class=""p2"">Embroidered + printed front logo</li>
<li class=""p2"">Double YKK zipper<br>
</li>
<li class=""p2"">Every order comes with exclusive goodies &lt;3<br>
</li>
</ul>",Noclout,Apparel & Accessories > Clothing Accessories > Hats,"","",true,Size,XS,,NFC,Yes (+5€),,,,,ZIP-XS-PSNP,1090.0,shopify,0,deny,manual,99.99,,true,true,,,,,ZIP-XS-PSNP,https://cdn.shopify.com/s/files/1/0654/3828/6065/files/COLORS_-_ZIP_ROUGE_1.jpg?v=1765798346,1,"",false,,,173,,,,,,,,,,,,,,,,,,,,,,,,,,,,,,,kg,,,active
passion-zip,,,,,,,,,XS,,,No,,,,,ZIP-XS-PSN,1090.0,shopify,2,deny,manual,94.99,,true,true,,,,,ZIP-XS-PSN,https://cdn.shopify.com/s/files/1/0654/3828/6065/files/COLORS_-_ZIP_ROUGE_2.jpg?v=1765798346,2,"",,,,,,,,,,,,,,,,,,,,,,,,,,,,,,,,,,,kg,,,
passion-zip,,,,,,,,,S,,,Yes (+5€),,,,,ZIP-S-PSNP,1140.0,shopify,0,deny,manual,99.99,,true,true,,,,,ZIP-S-PSNP,https://cdn.shopify.com/s/files/1/0654/3828/6065/files/COLORS_-_ZIP_ROUGE_3.jpg?v=1765798346,3,"",,,,,,,,,,,,,,,,,,,,,,,,,,,,,,,,,,,kg,,,
passion-zip,,,,,,,,,S,,,No,,,,,ZIP-S-PSN,1140.0,shopify,1,deny,manual,94.99,,true,true,,,,,ZIP-S-PSN,https://cdn.shopify.com/s/files/1/0654/3828/6065/files/COLORS_-_ZIP_ROUGE_4.jpg?v=1765798345,4,"",,,,,,,,,,,,,,,,,,,,,,,,,,,,,,,,,,,kg,,,
passion-zip,,,,,,,,,M,,,Yes (+5€),,,,,ZIP-M-PSNP,1190.0,shopify,0,deny,manual,99.99,,true,true,,,,,ZIP-M-PSNP,,,,,,,,,,,,,,,,,,,,,,,,,,,,,,,,,,,,,,kg,,,
passion-zip,,,,,,,,,M,,,No,,,,,ZIP-M-PSN,1190.0,shopify,0,deny,manual,94.99,,true,true,,,,,ZIP-M-PSN,,,,,,,,,,,,,,,,,,,,,,,,,,,,,,,,,,,,,,kg,,,
passion-zip,,,,,,,,,L,,,Yes (+5€),,,,,ZIP-L-PSNP,1240.0,shopify,0,deny,manual,99.99,,true,true,,,,,ZIP-L-PSNP,,,,,,,,,,,,,,,,,,,,,,,,,,,,,,,,,,,,,,kg,,,
passion-zip,,,,,,,,,L,,,No,,,,,ZIP-L-PSN,1240.0,shopify,0,deny,manual,94.99,,true,true,,,,,ZIP-L-PSN,,,,,,,,,,,,,,,,,,,,,,,,,,,,,,,,,,,,,,kg,,,
passion-zip,,,,,,,,,XL,,,Yes (+5€),,,,,ZIP-XL-PSNP,1290.0,shopify,0,deny,manual,99.99,,true,true,,,,,ZIP-XL-PSNP,,,,,,,,,,,,,,,,,,,,,,,,,,,,,,,,,,,,,,kg,,,
passion-zip,,,,,,,,,XL,,,No,,,,,ZIP-XL-PSN,1290.0,shopify,0,deny,manual,94.99,,true,true,,,,,ZIP-XL-PSN,,,,,,,,,,,,,,,,,,,,,,,,,,,,,,,,,,,,,,kg,,,
plume-hoodie,Plume Hoodie,"<ul>
<li>
<p>Colors : Gray<br></p>
</li>
<li>
<p>Lining on the hood and the kangaroo pocket</p>
</li>
<li>
<p>380 GSM</p>
</li>
<li>
<p>80% cotton 20% Polyester</p>
</li>
<li>
<p>Front logo embroidered</p>
</li>
<li>
<p>Front and back sleeve panels <br></p>
</li>
<li>
<p>Every order includes exclusive goodies &lt;3<br></p>
</li>
</ul>",Noclout,Apparel & Accessories,"",PRECO,true,Size,XS,,Color,Red Checks,,,,,HDE-XS-PLMR,760.0,shopify,0,deny,manual,89.99,,true,true,,,,,HDE-XS-PLMR,https://cdn.shopify.com/s/files/1/0654/3828/6065/files/Plume_Hoodie_Face_Bleu.jpg?v=1771509888,1,"",false,,,,,,,,,,,,,,,,,,,'1,,,,,,,,,,,,,,https://cdn.shopify.com/s/files/1/0654/3828/6065/files/Plume_Hoodie_Face_Rouge.jpg?v=1771509888,kg,,,active
plume-hoodie,,,,,,,,,XS,,,Blue Checks,,,,,HDE-XS-PLMB,760.0,shopify,0,deny,manual,89.99,,true,true,,,,,HDE-XS-PLMB,https://cdn.shopify.com/s/files/1/0654/3828/6065/files/Plume_Hoodie_Face_Rouge.jpg?v=1771509888,2,"",,,,,,,,,,,,,,,,,,,,,,,,,,,,,,,,,,https://cdn.shopify.com/s/files/1/0654/3828/6065/files/Plume_Hoodie_Face_Bleu.jpg?v=1771509888,kg,,,
plume-hoodie,,,,,,,,,S,,,Red Checks,,,,,HDE-S-PLMR,810.0,shopify,0,deny,manual,89.99,,true,true,,,,,HDE-S-PLMR,https://cdn.shopify.com/s/files/1/0654/3828/6065/files/Plume_Hoodie_Dos.jpg?v=1771509888,3,"",,,,,,,,,,,,,,,,,,,,,,,,,,,,,,,,,,https://cdn.shopify.com/s/files/1/0654/3828/6065/files/Plume_Hoodie_Face_Rouge.jpg?v=1771509888,kg,,,
plume-hoodie,,,,,,,,,S,,,Blue Checks,,,,,HDE-S-PLMB,810.0,shopify,0,deny,manual,89.99,,true,true,,,,,HDE-S-PLMB,https://cdn.shopify.com/s/files/1/0654/3828/6065/files/COLORS_-_HOODIE_GRIS_ROUGE_3.jpg?v=1771509888,4,"",,,,,,,,,,,,,,,,,,,,,,,,,,,,,,,,,,https://cdn.shopify.com/s/files/1/0654/3828/6065/files/Plume_Hoodie_Face_Bleu.jpg?v=1771509888,kg,,,
plume-hoodie,,,,,,,,,M,,,Red Checks,,,,,HDE-M-PLMR,860.0,shopify,0,deny,manual,89.99,,true,true,,,,,HDE-M-PLMR,https://cdn.shopify.com/s/files/1/0654/3828/6065/files/COLORS_-_HOODIE_GRIS_ROUGE_4.jpg?v=1771509888,5,"",,,,,,,,,,,,,,,,,,,,,,,,,,,,,,,,,,https://cdn.shopify.com/s/files/1/0654/3828/6065/files/Plume_Hoodie_Face_Rouge.jpg?v=1771509888,kg,,,
plume-hoodie,,,,,,,,,M,,,Blue Checks,,,,,HDE-M-PLMB,860.0,shopify,0,deny,manual,89.99,,true,true,,,,,HDE-M-PLMB,https://cdn.shopify.com/s/files/1/0654/3828/6065/files/COLORS_-_HOODIE_GRIS_ROUGE_5.jpg?v=1771509888,6,"",,,,,,,,,,,,,,,,,,,,,,,,,,,,,,,,,,https://cdn.shopify.com/s/files/1/0654/3828/6065/files/Plume_Hoodie_Face_Bleu.jpg?v=1771509888,kg,,,
plume-hoodie,,,,,,,,,L,,,Red Checks,,,,,HDE-L-PLMR,900.0,shopify,0,deny,manual,89.99,,true,true,,,,,HDE-L-PLMR,,,,,,,,,,,,,,,,,,,,,,,,,,,,,,,,,,,,,https://cdn.shopify.com/s/files/1/0654/3828/6065/files/Plume_Hoodie_Face_Rouge.jpg?v=1771509888,kg,,,
plume-hoodie,,,,,,,,,L,,,Blue Checks,,,,,HDE-L-PLMB,900.0,shopify,0,deny,manual,89.99,,true,true,,,,,HDE-L-PLMB,,,,,,,,,,,,,,,,,,,,,,,,,,,,,,,,,,,,,https://cdn.shopify.com/s/files/1/0654/3828/6065/files/Plume_Hoodie_Face_Bleu.jpg?v=1771509888,kg,,,
plume-hoodie,,,,,,,,,XL,,,Red Checks,,,,,HDE-XL-PLMR,940.0,shopify,0,deny,manual,89.99,,true,true,,,,,HDE-XL-PLMR,,,,,,,,,,,,,,,,,,,,,,,,,,,,,,,,,,,,,https://cdn.shopify.com/s/files/1/0654/3828/6065/files/Plume_Hoodie_Face_Rouge.jpg?v=1771509888,kg,,,
plume-hoodie,,,,,,,,,XL,,,Blue Checks,,,,,HDE-XL-PLMB,940.0,shopify,0,deny,manual,89.99,,true,true,,,,,HDE-XL-PLMB,,,,,,,,,,,,,,,,,,,,,,,,,,,,,,,,,,,,,https://cdn.shopify.com/s/files/1/0654/3828/6065/files/Plume_Hoodie_Face_Bleu.jpg?v=1771509888,kg,,,
plume-tracksuits,Plume Tracksuits,"<ul>
<li class=""p1"">
<span class=""s1"">Color :</span> Gray</li>
<li class=""p1"">
<span class=""s1"">Material :</span> 100% cotton</li>
<li class=""p1"">380 GSM</li>
<li class=""p1"">Paneled construction on front and back legs</li>
<li class=""p2"">3D embroidered logo on back pocket</li>
<li class=""p2"">Adjustable drawstrings at waist and cuffs</li>
<li class=""p2"">Every order comes with exclusive goodies &lt;3<br>
</li>
</ul>",Noclout,Uncategorized,"","",true,Size,XS,,,,,,,,TKS-XS-PLUM,1150.0,shopify,1,deny,manual,84.99,,true,true,,,,,TKS-XS-PLUM,https://cdn.shopify.com/s/files/1/0654/3828/6065/files/COLORS_-_JOGGING_GRIS_2.jpg?v=1765798571,1,"",false,,,,,,,,,,,,,,,,,,,'2,,,,,,,,,,,,,,,kg,,,active
plume-tracksuits,,,,,,,,,S,,,,,,,,TKS-S-PLUM,1200.0,shopify,4,deny,manual,84.99,,true,true,,,,,TKS-S-PLUM,https://cdn.shopify.com/s/files/1/0654/3828/6065/files/COLORS_-_JOGGING_GRIS_1.jpg?v=1765798571,2,"",,,,,,,,,,,,,,,,,,,,,,,,,,,,,,,,,,,kg,,,
plume-tracksuits,,,,,,,,,M,,,,,,,,TKS-M-PLUM,1250.0,shopify,0,deny,manual,84.99,,true,true,,,,,TKS-M-PLUM,https://cdn.shopify.com/s/files/1/0654/3828/6065/files/COLORS_-_JOGGING_GRIS_3.jpg?v=1765798571,3,"",,,,,,,,,,,,,,,,,,,,,,,,,,,,,,,,,,,kg,,,
plume-tracksuits,,,,,,,,,L,,,,,,,,TKS-L-PLUM,1300.0,shopify,0,deny,manual,84.99,,true,true,,,,,TKS-L-PLUM,https://cdn.shopify.com/s/files/1/0654/3828/6065/files/COLORS_-_JOGGING_GRIS_4.jpg?v=1765798570,4,"",,,,,,,,,,,,,,,,,,,,,,,,,,,,,,,,,,,kg,,,
plume-tracksuits,,,,,,,,,XL,,,,,,,,TKS-XL-PLUM,1350.0,shopify,4,deny,manual,84.99,,true,true,,,,,TKS-XL-PLUM,https://cdn.shopify.com/s/files/1/0654/3828/6065/files/COLORS_-_JOGGING_GRIS_5.jpg?v=1765798571,5,"",,,,,,,,,,,,,,,,,,,,,,,,,,,,,,,,,,,kg,,,
ebene-set-tee,Brown & Blue Set - Tee,"<ul>
<li class=""p1"">
<span class=""s1"">Colors :</span> Brown, Blue</li>
<li class=""p1"">
<span class=""s1"">Material :</span> 100% cotton</li>
<li class=""p1"">305 GSM</li>
<li class=""p2"">Blue topstitching details on the tee-shirt</li>
<li class=""p2"">Embroidered back logo</li>
<li class=""p2"">Fitted collar</li>
<li class=""p2"">Every order comes with exclusive goodies &lt;3<br>
</li>
</ul>",Noclout,Apparel & Accessories > Clothing Accessories > Hats,"","",true,Size,XS,,,,,,,,TEE-XS-SBB,460.0,shopify,1,deny,manual,49.99,,true,true,,,,,TEE-XS-SBB,https://cdn.shopify.com/s/files/1/0654/3828/6065/files/COLORS_-_TEE_MARRON_1.jpg?v=1765798648,1,"",false,,,173,,,,,,,,,,,,,,,,,,,,,,,,,,,,,,,kg,,,active
ebene-set-tee,,,,,,,,,S,,,,,,,,TEE-S-SBB,470.0,shopify,6,deny,manual,49.99,,true,true,,,,,TEE-S-SBB,https://cdn.shopify.com/s/files/1/0654/3828/6065/files/COLORS_-_TEE_MARRON_2.jpg?v=1765798648,2,"",,,,,,,,,,,,,,,,,,,,,,,,,,,,,,,,,,,kg,,,
ebene-set-tee,,,,,,,,,M,,,,,,,,TEE-M-SBB,480.0,shopify,1,deny,manual,49.99,,true,true,,,,,TEE-M-SBB,https://cdn.shopify.com/s/files/1/0654/3828/6065/files/COLORS_-_TEE_MARRON_3.jpg?v=1765798647,3,"",,,,,,,,,,,,,,,,,,,,,,,,,,,,,,,,,,,kg,,,
ebene-set-tee,,,,,,,,,L,,,,,,,,TEE-L-SBB,490.0,shopify,1,deny,manual,49.99,,true,true,,,,,TEE-L-SBB,https://cdn.shopify.com/s/files/1/0654/3828/6065/files/COLORS_-_TEE_MARRON_4.jpg?v=1765798647,4,"",,,,,,,,,,,,,,,,,,,,,,,,,,,,,,,,,,,kg,,,
ebene-set-tee,,,,,,,,,XL,,,,,,,,TEE-XL-SBB,500.0,shopify,4,deny,manual,49.99,,true,true,,,,,TEE-XL-SBB,https://cdn.shopify.com/s/files/1/0654/3828/6065/files/COLORS_-_TEE_MARRON_5.jpg?v=1765798647,5,"",,,,,,,,,,,,,,,,,,,,,,,,,,,,,,,,,,,kg,,,
blason-tee,Blason Tee,"<ul>
<li class=""p1"">
<span class=""s1"">Colors :</span> Cream</li>
<li class=""p1"">
<span class=""s1"">Material :</span> 100% cotton</li>
<li class=""p1"">305 GSM</li>
<li class=""p2"">Embroidered back logo + UV Reactive print (appears when sun is around)</li>
<li class=""p2"">Embroidered front logo</li>
<li class=""p2"">Raglan sleeves construction</li>
<li class=""p2"">Fitted collar</li>
<li class=""p2"">Every order comes with exclusive goodies &lt;3<br>
</li>
</ul>",Noclout,Apparel & Accessories > Clothing Accessories > Hats,"","",true,Size,XS,,,,,,,,TEE-XS-BLSN,460.0,shopify,9,deny,manual,49.99,,true,true,,,,,TEE-XS-BLSN,https://cdn.shopify.com/s/files/1/0654/3828/6065/files/COLORS---TEE-RAGLAN-BLASON-BEIGE-4.gif?v=1765798725,1,"",false,,,173,,,,,,,,,,,,,,,,,,,,,,,,,,,,,,,kg,,,active
blason-tee,,,,,,,,,S,,,,,,,,TEE-S-BLSN,470.0,shopify,23,deny,manual,49.99,,true,true,,,,,TEE-S-BLSN,https://cdn.shopify.com/s/files/1/0654/3828/6065/files/COLORS_-_TEE_RAGLAN_BLASON_BEIGE_1.jpg?v=1765798724,2,"",,,,,,,,,,,,,,,,,,,,,,,,,,,,,,,,,,,kg,,,
blason-tee,,,,,,,,,M,,,,,,,,TEE-M-BLSN,480.0,shopify,0,deny,manual,49.99,,true,true,,,,,TEE-M-BLSN,https://cdn.shopify.com/s/files/1/0654/3828/6065/files/COLORS_-_TEE_RAGLAN_BLASON_BEIGE_5_d8c72410-8b78-4f74-b5d4-11ec59635baf.jpg?v=1765880899,3,"",,,,,,,,,,,,,,,,,,,,,,,,,,,,,,,,,,,kg,,,
blason-tee,,,,,,,,,L,,,,,,,,TEE-L-BLSN,490.0,shopify,18,deny,manual,49.99,,true,true,,,,,TEE-L-BLSN,https://cdn.shopify.com/s/files/1/0654/3828/6065/files/COLORS_-_TEE_RAGLAN_BLASON_BEIGE_6.jpg?v=1765880899,4,"",,,,,,,,,,,,,,,,,,,,,,,,,,,,,,,,,,,kg,,,
blason-tee,,,,,,,,,XL,,,,,,,,TEE-XL-BLSN,500.0,shopify,6,deny,manual,49.99,,true,true,,,,,TEE-XL-BLSN,https://cdn.shopify.com/s/files/1/0654/3828/6065/files/COLORS_-_TEE_RAGLAN_BLASON_BEIGE_8.jpg?v=1765880899,5,"",,,,,,,,,,,,,,,,,,,,,,,,,,,,,,,,,,,kg,,,
ebene-set-belt,Brown & Blue Set - Belt,"<ul>
<li class=""p1"">Color: Brown, Blue (reversible)</li>
<li class=""p1"">Material: 100% genuine cow leather</li>
<li class=""p1"">Universal size — fully adjustable (guide included)</li>
<li class=""p1"">Metal-molded logo at belt tip</li>
<li class=""p1"">Reversible buckle</li>
<li class=""p1"">Delivered in a custom bag</li>
<li class=""p1"">Every order comes with exclusive goodies &lt;3<br>
</li>
</ul>",Noclout,Apparel & Accessories,"","",true,Title,Default Title,,,,,,,,,350.0,shopify,0,deny,manual,59.99,,true,true,,,,,,https://cdn.shopify.com/s/files/1/0654/3828/6065/files/COLORS_-_CEINTURE_REVERSE_2.jpg?v=1765798602,1,"",false,,,,,,,,,,,,,,,,,,,,,,,,,,,,,,,,,,kg,,,active
ebene-set-belt,,,,,,,,,,,,,,,,,,,,,,,,,,,,,,,,https://cdn.shopify.com/s/files/1/0654/3828/6065/files/COLORS_-_CEINTURE_REVERSE_3.jpg?v=1765798602,2,"",,,,,,,,,,,,,,,,,,,,,,,,,,,,,,,,,,,,,,
ebene-set-belt,,,,,,,,,,,,,,,,,,,,,,,,,,,,,,,,https://cdn.shopify.com/s/files/1/0654/3828/6065/files/COLORS_-_CEINTURE_REVERSE_4.jpg?v=1774351491,3,"",,,,,,,,,,,,,,,,,,,,,,,,,,,,,,,,,,,,,,
ebene-set-belt,,,,,,,,,,,,,,,,,,,,,,,,,,,,,,,,https://cdn.shopify.com/s/files/1/0654/3828/6065/files/COLORS_-_CEINTURE_REVERSE_5.jpg?v=1774351491,4,"",,,,,,,,,,,,,,,,,,,,,,,,,,,,,,,,,,,,,,
bleak-raglan-tee-copie,Bleak Raglan Tee,"<ul>
<li class=""p1"">
<span class=""s1"">Colors : Light Blue, Dark Blue</span>,</li>
<li class=""p1"">
<span class=""s1"">Material :</span> 100% cotton</li>
<li class=""p1"">305 GSM</li>
<li class=""p2"">Raglan sleeve construction</li>
<li class=""p2"">Embroidered front logo</li>
<li class=""p2"">Fitted collar</li>
<li class=""p2"">Every order comes with exclusive goodies &lt;3<br>
</li>
</ul>",Noclout,Apparel & Accessories > Clothing Accessories > Hats,"","",true,Size,XS,,,,,,,,TEE-XS-RBLK,460.0,shopify,7,deny,manual,39.99,,true,true,,,,,TEE-XS-RBLK,https://cdn.shopify.com/s/files/1/0654/3828/6065/files/COLORS_-_TEE_RAGLAN_BLEU_1.jpg?v=1765798492,1,"",false,,,173,,,,,,,,,,,,,,,,,,,,,,,,,,,,,,,kg,,,active
bleak-raglan-tee-copie,,,,,,,,,S,,,,,,,,TEE-S-RBLK,470.0,shopify,17,deny,manual,39.99,,true,true,,,,,TEE-S-RBLK,https://cdn.shopify.com/s/files/1/0654/3828/6065/files/COLORS_-_TEE_RAGLAN_BLEU_2.jpg?v=1765798492,2,"",,,,,,,,,,,,,,,,,,,,,,,,,,,,,,,,,,,kg,,,
bleak-raglan-tee-copie,,,,,,,,,M,,,,,,,,TEE-M-RBLK,480.0,shopify,0,deny,manual,39.99,,true,true,,,,,TEE-M-RBLK,https://cdn.shopify.com/s/files/1/0654/3828/6065/files/COLORS_-_TEE_RAGLAN_BLEU_3.jpg?v=1765798491,3,"",,,,,,,,,,,,,,,,,,,,,,,,,,,,,,,,,,,kg,,,
bleak-raglan-tee-copie,,,,,,,,,L,,,,,,,,TEE-L-RBLK,490.0,shopify,9,deny,manual,39.99,,true,true,,,,,TEE-L-RBLK,https://cdn.shopify.com/s/files/1/0654/3828/6065/files/COLORS_-_TEE_RAGLAN_BLEU_4.jpg?v=1765798492,4,"",,,,,,,,,,,,,,,,,,,,,,,,,,,,,,,,,,,kg,,,
bleak-raglan-tee-copie,,,,,,,,,XL,,,,,,,,TEE-XL-RBLK,500.0,shopify,4,deny,manual,39.99,,true,true,,,,,TEE-XL-RBLK,https://cdn.shopify.com/s/files/1/0654/3828/6065/files/COLORS_-_TEE_RAGLAN_BLEU_5.jpg?v=1765798492,5,"",,,,,,,,,,,,,,,,,,,,,,,,,,,,,,,,,,,kg,,,
passion-raglan-tee,Passion Raglan Tee,"<ul>
<li class=""p1"">
<span class=""s1"">Colors :</span> Light Red, Dark Red</li>
<li class=""p1"">
<span class=""s1"">Material :</span> 100% cotton</li>
<li class=""p1"">305 GSM</li>
<li class=""p2"">Raglan sleeve construction</li>
<li class=""p2"">Embroidered front logo</li>
<li class=""p2"">Fitted collar</li>
<li class=""p2"">Every order comes with exclusive goodies &lt;3<br>
</li>
</ul>",Noclout,Apparel & Accessories > Clothing Accessories > Hats,"","",true,Size,XS,,,,,,,,TEE-XS-RPSN,460.0,shopify,4,deny,manual,39.99,,true,true,,,,,TEE-XS-RPSN,https://cdn.shopify.com/s/files/1/0654/3828/6065/files/COLORS_-_TEE_RAGLAN_ROUGE_1.jpg?v=1765798483,1,"",false,,,173,,,,,,,,,,,,,,,,'1,,,,,,,,,,,,,,,kg,,,active
passion-raglan-tee,,,,,,,,,S,,,,,,,,TEE-S-RPSN,470.0,shopify,10,deny,manual,39.99,,true,true,,,,,TEE-S-RPSN,https://cdn.shopify.com/s/files/1/0654/3828/6065/files/COLORS_-_TEE_RAGLAN_ROUGE_2.jpg?v=1765798483,2,"",,,,,,,,,,,,,,,,,,,,,,,,,,,,,,,,,,,kg,,,
passion-raglan-tee,,,,,,,,,M,,,,,,,,TEE-M-RPSN,480.0,shopify,0,deny,manual,39.99,,true,true,,,,,TEE-M-RPSN,https://cdn.shopify.com/s/files/1/0654/3828/6065/files/COLORS_-_TEE_RAGLAN_ROUGE_3.jpg?v=1765798482,3,"",,,,,,,,,,,,,,,,,,,,,,,,,,,,,,,,,,,kg,,,
passion-raglan-tee,,,,,,,,,L,,,,,,,,TEE-L-RPSN,490.0,shopify,5,deny,manual,39.99,,true,true,,,,,TEE-L-RPSN,https://cdn.shopify.com/s/files/1/0654/3828/6065/files/COLORS_-_TEE_RAGLAN_ROUGE_4.jpg?v=1765798482,4,"",,,,,,,,,,,,,,,,,,,,,,,,,,,,,,,,,,,kg,,,
passion-raglan-tee,,,,,,,,,XL,,,,,,,,TEE-XL-RPSN,500.0,shopify,4,deny,manual,39.99,,true,true,,,,,TEE-XL-RPSN,https://cdn.shopify.com/s/files/1/0654/3828/6065/files/COLORS_-_TEE_RAGLAN_ROUGE_5.jpg?v=1765798483,5,"",,,,,,,,,,,,,,,,,,,,,,,,,,,,,,,,,,,kg,,,
aoki-caps,Aoki Caps,"<ul>
<li class=""p1"">
<span class=""s1"">Color :</span> Blue</li>
<li class=""p1"">
<span class=""s1"">Material :</span> 100% polyester</li>
<li class=""p2"">One size — fully adjustable</li>
<li class=""p2"">Embroidered front logo</li>
<li class=""p2"">3D embroidery under the visor</li>
<li class=""p2"">Branded interior taping</li>
<li class=""p2"">Every order comes with exclusive goodies &lt;3<br>
</li>
</ul>",Noclout,Apparel & Accessories,"","",true,Price,34.99€,,,,,,,,ACS-HT-AOKI,200.0,shopify,56,deny,manual,34.99,,true,true,,,,,ACS-HT-AOKI,https://cdn.shopify.com/s/files/1/0654/3828/6065/files/COLORS_CAP_BLEU_1.jpg?v=1765798615,1,"",false,,,,,,,,,,,,,,,,,,,,,,,,,,,,,,,,,,kg,,,active
aoki-caps,,,,,,,,,,,,,,,,,,,,,,,,,,,,,,,,https://cdn.shopify.com/s/files/1/0654/3828/6065/files/COLORS_CAP_BLEU_2.jpg?v=1765798616,2,"",,,,,,,,,,,,,,,,,,,,,,,,,,,,,,,,,,,,,,
aoki-caps,,,,,,,,,,,,,,,,,,,,,,,,,,,,,,,,https://cdn.shopify.com/s/files/1/0654/3828/6065/files/COLORS_CAP_BLEU_3.jpg?v=1765798616,3,"",,,,,,,,,,,,,,,,,,,,,,,,,,,,,,,,,,,,,,
aoki-caps,,,,,,,,,,,,,,,,,,,,,,,,,,,,,,,,https://cdn.shopify.com/s/files/1/0654/3828/6065/files/COLORS_CAP_BLEU_4.jpg?v=1765798615,4,"",,,,,,,,,,,,,,,,,,,,,,,,,,,,,,,,,,,,,,
akai-caps,Akaï Caps,"<ul>
<li class=""p1"">
<span class=""s1"">Color :</span> Red</li>
<li class=""p1"">
<span class=""s1"">Material :</span> 100% polyester</li>
<li class=""p2"">One size — fully adjustable</li>
<li class=""p2"">Embroidered front logo</li>
<li class=""p2"">3D embroidery under the visor</li>
<li class=""p2"">Branded interior taping</li>
<li class=""p2"">Every order comes with exclusive goodies &lt;3<br>
</li>
</ul>",Noclout,Apparel & Accessories,"","",true,Price,34.99€,,,,,,,,ACS-HT-AKAI,200.0,shopify,60,deny,manual,34.99,,true,true,,,,,ACS-HT-AKAI,https://cdn.shopify.com/s/files/1/0654/3828/6065/files/COLORS_CAP_ROUGE_1.jpg?v=1765798633,1,"",false,,,,,,,,,,,,,,,,,FALSE,,,,,,,,,,,,,,,,,kg,,,active
akai-caps,,,,,,,,,,,,,,,,,,,,,,,,,,,,,,,,https://cdn.shopify.com/s/files/1/0654/3828/6065/files/COLORS_CAP_ROUGE_2.jpg?v=1765798634,2,"",,,,,,,,,,,,,,,,,,,,,,,,,,,,,,,,,,,,,,
akai-caps,,,,,,,,,,,,,,,,,,,,,,,,,,,,,,,,https://cdn.shopify.com/s/files/1/0654/3828/6065/files/COLORS_CAP_ROUGE_3.jpg?v=1765798633,3,"",,,,,,,,,,,,,,,,,,,,,,,,,,,,,,,,,,,,,,
akai-caps,,,,,,,,,,,,,,,,,,,,,,,,,,,,,,,,https://cdn.shopify.com/s/files/1/0654/3828/6065/files/COLORS_CAP_ROUGE_4.jpg?v=1765798633,4,"",,,,,,,,,,,,,,,,,,,,,,,,,,,,,,,,,,,,,,
blossom-knitted-zip,Blossom Knitted Zip,"<ul>
<li class=""p1"">
<span class=""s1"">Color :</span> Pink</li>
<li class=""p1"">
<span class=""s1"">Material :</span> 100% cotton</li>
<li class=""p2"">White embroidered front &amp; back logo</li>
<li class=""p2"">YKK zipper</li>
<li class=""p2"">Every order comes with exclusive goodies &lt;3<br>
</li>
</ul>",Noclout,Apparel & Accessories > Clothing Accessories > Hats,"","",true,Size,XS,,,,,,,,KNT-XS-BLSM,950.0,shopify,2,deny,manual,94.99,,true,true,,,,,KNT-XS-BLSM,https://cdn.shopify.com/s/files/1/0654/3828/6065/files/COLORS_-_KNIT_ZIP_ROSE_1.jpg?v=1765798361,1,"",false,,,173,,,,,,,,,,,heaven-knitted-zip,,,,,'1,,,,,,,,,,,,,,,kg,,27.34,active
blossom-knitted-zip,,,,,,,,,S,,,,,,,,KNT-S-BLSM,1010.0,shopify,4,deny,manual,94.99,,true,true,,,,,KNT-S-BLSM,https://cdn.shopify.com/s/files/1/0654/3828/6065/files/COLORS_-_KNIT_ZIP_ROSE_2.jpg?v=1765798360,2,"",,,,,,,,,,,,,,,,,,,,,,,,,,,,,,,,,,,kg,,27.34,
blossom-knitted-zip,,,,,,,,,M,,,,,,,,KNT-M-BLSM,1070.0,shopify,0,deny,manual,94.99,,true,true,,,,,KNT-M-BLSM,https://cdn.shopify.com/s/files/1/0654/3828/6065/files/COLORS_-_KNIT_ZIP_ROSE_3.jpg?v=1765798360,3,"",,,,,,,,,,,,,,,,,,,,,,,,,,,,,,,,,,,kg,,27.34,
blossom-knitted-zip,,,,,,,,,L,,,,,,,,KNT-L-BLSM,1130.0,shopify,4,deny,manual,94.99,,true,true,,,,,KNT-L-BLSM,https://cdn.shopify.com/s/files/1/0654/3828/6065/files/COLORS_-_KNIT_ZIP_ROSE_4.jpg?v=1765798361,4,"",,,,,,,,,,,,,,,,,,,,,,,,,,,,,,,,,,,kg,,27.34,
blossom-knitted-zip,,,,,,,,,XL,,,,,,,,KNT-XL-BLSM,1180.0,shopify,0,deny,manual,94.99,,true,true,,,,,KNT-XL-BLSM,https://cdn.shopify.com/s/files/1/0654/3828/6065/files/COLORS_-_KNIT_ZIP_ROSE_5.jpg?v=1765798360,5,"",,,,,,,,,,,,,,,,,,,,,,,,,,,,,,,,,,,kg,,27.34,
heaven-knitted-zip,Heaven Knitted Zip,"<ul>
<li class=""p1"">
<span class=""s1"">Color :</span> Grey</li>
<li class=""p1"">
<span class=""s1"">Material :</span> 100% cotton</li>
<li class=""p2"">White embroidered front &amp; back logo</li>
<li class=""p2"">YKK zipper</li>
<li class=""p2"">Every order comes with exclusive goodies &lt;3<br>
</li>
</ul>",Noclout,Apparel & Accessories > Clothing Accessories > Hats,"","",true,Size,XS,,,,,,,,KNT-XS-HEVN,950.0,shopify,1,deny,manual,94.99,,true,true,,,,,KNT-XS-HEVN,https://cdn.shopify.com/s/files/1/0654/3828/6065/files/COLORS_-_KNIT_ZIP_GRIS_1.jpg?v=1765798514,1,"",false,,,173,,,,,,,,,,,blossom-knitted-zip,,,,,,,,,,,,,,,,,,,,kg,,,active
heaven-knitted-zip,,,,,,,,,S,,,,,,,,KNT-S-HEVN,1010.0,shopify,5,deny,manual,94.99,,true,true,,,,,KNT-S-HEVN,https://cdn.shopify.com/s/files/1/0654/3828/6065/files/COLORS_-_KNIT_ZIP_GRIS_2.jpg?v=1765798513,2,"",,,,,,,,,,,,,,,,,,,,,,,,,,,,,,,,,,,kg,,,
heaven-knitted-zip,,,,,,,,,M,,,,,,,,KNT-M-HEVN,1070.0,shopify,0,deny,manual,94.99,,true,true,,,,,KNT-M-HEVN,https://cdn.shopify.com/s/files/1/0654/3828/6065/files/COLORS_-_KNIT_ZIP_GRIS_3.jpg?v=1765798514,3,"",,,,,,,,,,,,,,,,,,,,,,,,,,,,,,,,,,,kg,,,
heaven-knitted-zip,,,,,,,,,L,,,,,,,,KNT-L-HEVN,1130.0,shopify,0,deny,manual,94.99,,true,true,,,,,KNT-L-HEVN,https://cdn.shopify.com/s/files/1/0654/3828/6065/files/COLORS_-_KNIT_ZIP_GRIS_4.jpg?v=1765798514,4,"",,,,,,,,,,,,,,,,,,,,,,,,,,,,,,,,,,,kg,,,
heaven-knitted-zip,,,,,,,,,XL,,,,,,,,KNT-XL-HEVN,1180.0,shopify,0,deny,manual,94.99,,true,true,,,,,KNT-XL-HEVN,https://cdn.shopify.com/s/files/1/0654/3828/6065/files/COLORS_-_KNIT_ZIP_GRIS_5.jpg?v=1765798514,5,"",,,,,,,,,,,,,,,,,,,,,,,,,,,,,,,,,,,kg,,,
structure-hoodie,STRUCTURE HOODIE,"<ul>
<li>
<p>Colors : black, white<br></p>
</li>
<li>
<p>Lining on the hood and the kangaroo pocket</p>
</li>
<li>
<p>380 GSM</p>
</li>
<li>
<p>80% cotton 20% Polyester</p>
</li>
<li>
<p>Front logo embroidered</p>
</li>
<li>
<p>Front and back sleeve panels <br></p>
</li>
<li>
<p>Every order includes exclusive goodies &lt;3</p>
</li>
<li>
<p>This product is pre-order : 5 - 6 weeks before shipping</p>
</li>
</ul>",Noclout,Apparel & Accessories,"",PRECO,false,Size,XS,,Price,50 First pieces - 39.99€,,,,,,760.0,shopify,0,deny,manual,39.99,,true,true,,,,,,https://cdn.shopify.com/s/files/1/0654/3828/6065/files/BLACK_HOODIE_-_DARK_1.jpg?v=1764001578,1,"",false,,,,,,,,,,,,,,,,,,,'2,,,,,,,,,,,,,,,kg,,,draft
structure-hoodie,,,,,,,,,XS,,,100 Next pieces - 44.99€,,,,,,760.0,shopify,0,deny,manual,44.99,,true,true,,,,,"",https://cdn.shopify.com/s/files/1/0654/3828/6065/files/BLACKHOODIE-DARK2_12fc5e69-f9f5-44a3-a9f6-6abe36f6d045.jpg?v=1764001578,2,"",,,,,,,,,,,,,,,,,,,,,,,,,,,,,,,,,,,kg,,,
structure-hoodie,,,,,,,,,XS,,,150 Next pieces - 54.99€,,,,,,760.0,shopify,0,deny,manual,54.99,,true,true,,,,,"",https://cdn.shopify.com/s/files/1/0654/3828/6065/files/BLACK_HOODIE_-_DARK_3.jpg?v=1764002342,3,"",,,,,,,,,,,,,,,,,,,,,,,,,,,,,,,,,,,kg,,,
structure-hoodie,,,,,,,,,XS,,,200 Next pieces - 64.99€,,,,,,760.0,shopify,0,deny,manual,64.99,,true,true,,,,,"",https://cdn.shopify.com/s/files/1/0654/3828/6065/files/BLACK_HOODIE_-_DARK_4.jpg?v=1764002342,4,"",,,,,,,,,,,,,,,,,,,,,,,,,,,,,,,,,,,kg,,,
structure-hoodie,,,,,,,,,XS,,,Remaining - 74.99€,,,,,,760.0,shopify,17,deny,manual,74.99,,true,true,,,,,"",https://cdn.shopify.com/s/files/1/0654/3828/6065/files/BLACK_HOODIE_-_DARK_5.jpg?v=1764002332,5,"",,,,,,,,,,,,,,,,,,,,,,,,,,,,,,,,,,,kg,,,
structure-hoodie,,,,,,,,,S,,,50 First pieces - 39.99€,,,,,,810.0,shopify,0,deny,manual,39.99,,true,true,,,,,,,,,,,,,,,,,,,,,,,,,,,,,,,,,,,,,,,,,,,kg,,,
structure-hoodie,,,,,,,,,S,,,100 Next pieces - 44.99€,,,,,,810.0,shopify,0,deny,manual,44.99,,true,true,,,,,"",,,,,,,,,,,,,,,,,,,,,,,,,,,,,,,,,,,,,,kg,,,
structure-hoodie,,,,,,,,,S,,,150 Next pieces - 54.99€,,,,,,810.0,shopify,0,deny,manual,54.99,,true,true,,,,,"",,,,,,,,,,,,,,,,,,,,,,,,,,,,,,,,,,,,,,kg,,,
structure-hoodie,,,,,,,,,S,,,200 Next pieces - 64.99€,,,,,,810.0,shopify,0,deny,manual,64.99,,true,true,,,,,"",,,,,,,,,,,,,,,,,,,,,,,,,,,,,,,,,,,,,,kg,,,
structure-hoodie,,,,,,,,,S,,,Remaining - 74.99€,,,,,,810.0,shopify,6,deny,manual,74.99,,true,true,,,,,"",,,,,,,,,,,,,,,,,,,,,,,,,,,,,,,,,,,,,,kg,,,
structure-hoodie,,,,,,,,,M,,,50 First pieces - 39.99€,,,,,,860.0,shopify,0,deny,manual,39.99,,true,true,,,,,,,,,,,,,,,,,,,,,,,,,,,,,,,,,,,,,,,,,,,kg,,,
structure-hoodie,,,,,,,,,M,,,100 Next pieces - 44.99€,,,,,,860.0,shopify,-1,deny,manual,44.99,,true,true,,,,,"",,,,,,,,,,,,,,,,,,,,,,,,,,,,,,,,,,,,,,kg,,,
structure-hoodie,,,,,,,,,M,,,150 Next pieces - 54.99€,,,,,,860.0,shopify,-1,deny,manual,54.99,,true,true,,,,,"",,,,,,,,,,,,,,,,,,,,,,,,,,,,,,,,,,,,,,kg,,,
structure-hoodie,,,,,,,,,M,,,200 Next pieces - 64.99€,,,,,,860.0,shopify,-1,deny,manual,64.99,,true,true,,,,,"",,,,,,,,,,,,,,,,,,,,,,,,,,,,,,,,,,,,,,kg,,,
structure-hoodie,,,,,,,,,M,,,Remaining - 74.99€,,,,,,860.0,shopify,18,deny,manual,74.99,,true,true,,,,,"",,,,,,,,,,,,,,,,,,,,,,,,,,,,,,,,,,,,,,kg,,,
structure-hoodie,,,,,,,,,L,,,50 First pieces - 39.99€,,,,,,900.0,shopify,0,deny,manual,39.99,,true,true,,,,,,,,,,,,,,,,,,,,,,,,,,,,,,,,,,,,,,,,,,,kg,,,
structure-hoodie,,,,,,,,,L,,,100 Next pieces - 44.99€,,,,,,900.0,shopify,0,deny,manual,44.99,,true,true,,,,,"",,,,,,,,,,,,,,,,,,,,,,,,,,,,,,,,,,,,,,kg,,,
structure-hoodie,,,,,,,,,L,,,150 Next pieces - 54.99€,,,,,,900.0,shopify,0,deny,manual,54.99,,true,true,,,,,"",,,,,,,,,,,,,,,,,,,,,,,,,,,,,,,,,,,,,,kg,,,
structure-hoodie,,,,,,,,,L,,,200 Next pieces - 64.99€,,,,,,900.0,shopify,0,deny,manual,64.99,,true,true,,,,,"",,,,,,,,,,,,,,,,,,,,,,,,,,,,,,,,,,,,,,kg,,,
structure-hoodie,,,,,,,,,L,,,Remaining - 74.99€,,,,,,900.0,shopify,6,deny,manual,74.99,,true,true,,,,,"",,,,,,,,,,,,,,,,,,,,,,,,,,,,,,,,,,,,,,kg,,,
structure-hoodie,,,,,,,,,XL,,,50 First pieces - 39.99€,,,,,,940.0,shopify,0,deny,manual,39.99,,true,true,,,,,,,,,,,,,,,,,,,,,,,,,,,,,,,,,,,,,,,,,,,kg,,,
structure-hoodie,,,,,,,,,XL,,,100 Next pieces - 44.99€,,,,,,940.0,shopify,0,deny,manual,44.99,,true,true,,,,,"",,,,,,,,,,,,,,,,,,,,,,,,,,,,,,,,,,,,,,kg,,,
structure-hoodie,,,,,,,,,XL,,,150 Next pieces - 54.99€,,,,,,940.0,shopify,0,deny,manual,54.99,,true,true,,,,,"",,,,,,,,,,,,,,,,,,,,,,,,,,,,,,,,,,,,,,kg,,,
structure-hoodie,,,,,,,,,XL,,,200 Next pieces - 64.99€,,,,,,940.0,shopify,0,deny,manual,64.99,,true,true,,,,,"",,,,,,,,,,,,,,,,,,,,,,,,,,,,,,,,,,,,,,kg,,,
structure-hoodie,,,,,,,,,XL,,,Remaining - 74.99€,,,,,,940.0,shopify,3,deny,manual,74.99,,true,true,,,,,"",,,,,,,,,,,,,,,,,,,,,,,,,,,,,,,,,,,,,,kg,,,
graphite-rainjacket,GRAPHITE RAINJACKET,"<ul>
<li>
<p>Colors : black, gray (checkered pattern all over)<br></p>
</li>
<li>
<p>100% Polyester</p>
</li>
<li>
<p>Water resistance : 10 000 Schmerber (high performance)</p>
</li>
<li>
<p>Embroidered front logo</p>
</li>
<li>
<p>Heat pressed logo on velcro</p>
</li>
<li>
<p>Adjustement with drawstrings at the hood and waist</p>
</li>
<li>
<p>2 front pockets</p>
</li>
<li>
<p>Every order includes exclusive goodies &lt;3</p>
</li>
<li>
<p>This product is pre-order : 5 - 6 weeks before shipping</p>
</li>
</ul>",Noclout,Apparel & Accessories > Clothing > Clothing Tops > T-Shirts,"","",false,Size,xs,product.metafields.shopify.size,Price,50 First pieces - 59.99€,,,,,,530.0,shopify,0,deny,manual,59.99,,true,true,,,,,,https://cdn.shopify.com/s/files/1/0654/3828/6065/files/BLACKKWAY-DARK1_6299278e-31a1-4ea6-8c53-4bc198e01bea.jpg?v=1764079408,1,"",false,,,212,,,,,,,,,,,,,,,,,,,,,,xs; s; m; l; xl,,,,,,,,,kg,,,draft
graphite-rainjacket,,,,,,,,,xs,,,100 Next pieces - 64.99€,,,,,,530.0,shopify,1,deny,manual,64.99,,true,true,,,,,"",https://cdn.shopify.com/s/files/1/0654/3828/6065/files/BLACKKWAY-DARK2_3d062ce0-c62e-4ae7-8d8a-0514bad80175.jpg?v=1764079408,2,"",,,,,,,,,,,,,,,,,,,,,,,,,,,,,,,,,,,kg,,,
graphite-rainjacket,,,,,,,,,xs,,,150 Next pieces - 74.99€,,,,,,530.0,shopify,0,deny,manual,74.99,,true,true,,,,,"",https://cdn.shopify.com/s/files/1/0654/3828/6065/files/BLACKKWAY-DARK3_b43fdd43-fe33-46a7-8082-42f66b02641d.jpg?v=1764079407,3,"",,,,,,,,,,,,,,,,,,,,,,,,,,,,,,,,,,,kg,,,
graphite-rainjacket,,,,,,,,,xs,,,200 Next pieces - 84.99€,,,,,,530.0,shopify,0,deny,manual,84.99,,true,true,,,,,"",https://cdn.shopify.com/s/files/1/0654/3828/6065/files/BLACKKWAY-DARK5_07d4cd54-e79e-4962-829a-59edff851e96.jpg?v=1764161628,4,"",,,,,,,,,,,,,,,,,,,,,,,,,,,,,,,,,,,kg,,,
graphite-rainjacket,,,,,,,,,xs,,,Remaining - 89.99€,,,,,,530.0,shopify,4,deny,manual,89.99,,true,true,,,,,"",https://cdn.shopify.com/s/files/1/0654/3828/6065/files/BLACKKWAY-DARK7_e14e10ca-3175-4612-b350-9bdf1b9c6668.jpg?v=1764161628,5,"",,,,,,,,,,,,,,,,,,,,,,,,,,,,,,,,,,,kg,,,
graphite-rainjacket,,,,,,,,,s,,,50 First pieces - 59.99€,,,,,,580.0,shopify,0,deny,manual,59.99,,true,true,,,,,,https://cdn.shopify.com/s/files/1/0654/3828/6065/files/BLACKKWAY-DARK4_4b0b121f-3705-440f-8847-a8b0e687c1cc.jpg?v=1764161628,6,"",,,,,,,,,,,,,,,,,,,,,,,,,,,,,,,,,,,kg,,,
graphite-rainjacket,,,,,,,,,s,,,100 Next pieces - 64.99€,,,,,,580.0,shopify,1,deny,manual,64.99,,true,true,,,,,"",https://cdn.shopify.com/s/files/1/0654/3828/6065/files/BLACKKWAY-DARK6_200c0c90-1aa6-4375-bcb0-eb650c7f4530.jpg?v=1764161628,7,"",,,,,,,,,,,,,,,,,,,,,,,,,,,,,,,,,,,kg,,,
graphite-rainjacket,,,,,,,,,s,,,150 Next pieces - 74.99€,,,,,,580.0,shopify,0,deny,manual,74.99,,true,true,,,,,"",https://cdn.shopify.com/s/files/1/0654/3828/6065/files/BLACKKWAY-DARK8_5e06d2a8-7ab4-40ad-aa75-88ec49c11fa2.jpg?v=1764079408,8,"",,,,,,,,,,,,,,,,,,,,,,,,,,,,,,,,,,,kg,,,
graphite-rainjacket,,,,,,,,,s,,,200 Next pieces - 84.99€,,,,,,580.0,shopify,0,deny,manual,84.99,,true,true,,,,,"",,,,,,,,,,,,,,,,,,,,,,,,,,,,,,,,,,,,,,kg,,,
graphite-rainjacket,,,,,,,,,s,,,Remaining - 89.99€,,,,,,580.0,shopify,6,deny,manual,89.99,,true,true,,,,,"",,,,,,,,,,,,,,,,,,,,,,,,,,,,,,,,,,,,,,kg,,,
graphite-rainjacket,,,,,,,,,m,,,50 First pieces - 59.99€,,,,,,630.0,shopify,-1,deny,manual,59.99,,true,true,,,,,,,,,,,,,,,,,,,,,,,,,,,,,,,,,,,,,,,,,,,kg,,,
graphite-rainjacket,,,,,,,,,m,,,100 Next pieces - 64.99€,,,,,,630.0,shopify,0,deny,manual,64.99,,true,true,,,,,"",,,,,,,,,,,,,,,,,,,,,,,,,,,,,,,,,,,,,,kg,,,
graphite-rainjacket,,,,,,,,,m,,,150 Next pieces - 74.99€,,,,,,630.0,shopify,0,deny,manual,74.99,,true,true,,,,,"",,,,,,,,,,,,,,,,,,,,,,,,,,,,,,,,,,,,,,kg,,,
graphite-rainjacket,,,,,,,,,m,,,200 Next pieces - 84.99€,,,,,,630.0,shopify,0,deny,manual,84.99,,true,true,,,,,"",,,,,,,,,,,,,,,,,,,,,,,,,,,,,,,,,,,,,,kg,,,
graphite-rainjacket,,,,,,,,,m,,,Remaining - 89.99€,,,,,,630.0,shopify,10,deny,manual,89.99,,true,true,,,,,"",,,,,,,,,,,,,,,,,,,,,,,,,,,,,,,,,,,,,,kg,,,
graphite-rainjacket,,,,,,,,,l,,,50 First pieces - 59.99€,,,,,,680.0,shopify,0,deny,manual,59.99,,true,true,,,,,,,,,,,,,,,,,,,,,,,,,,,,,,,,,,,,,,,,,,,kg,,,
graphite-rainjacket,,,,,,,,,l,,,100 Next pieces - 64.99€,,,,,,680.0,shopify,0,deny,manual,64.99,,true,true,,,,,"",,,,,,,,,,,,,,,,,,,,,,,,,,,,,,,,,,,,,,kg,,,
graphite-rainjacket,,,,,,,,,l,,,150 Next pieces - 74.99€,,,,,,680.0,shopify,0,deny,manual,74.99,,true,true,,,,,"",,,,,,,,,,,,,,,,,,,,,,,,,,,,,,,,,,,,,,kg,,,
graphite-rainjacket,,,,,,,,,l,,,200 Next pieces - 84.99€,,,,,,680.0,shopify,0,deny,manual,84.99,,true,true,,,,,"",,,,,,,,,,,,,,,,,,,,,,,,,,,,,,,,,,,,,,kg,,,
graphite-rainjacket,,,,,,,,,l,,,Remaining - 89.99€,,,,,,680.0,shopify,8,deny,manual,89.99,,true,true,,,,,"",,,,,,,,,,,,,,,,,,,,,,,,,,,,,,,,,,,,,,kg,,,
graphite-rainjacket,,,,,,,,,xl,,,50 First pieces - 59.99€,,,,,,730.0,shopify,0,deny,manual,59.99,,true,true,,,,,,,,,,,,,,,,,,,,,,,,,,,,,,,,,,,,,,,,,,,kg,,,
graphite-rainjacket,,,,,,,,,xl,,,100 Next pieces - 64.99€,,,,,,730.0,shopify,0,deny,manual,64.99,,true,true,,,,,"",,,,,,,,,,,,,,,,,,,,,,,,,,,,,,,,,,,,,,kg,,,
graphite-rainjacket,,,,,,,,,xl,,,150 Next pieces - 74.99€,,,,,,730.0,shopify,0,deny,manual,74.99,,true,true,,,,,"",,,,,,,,,,,,,,,,,,,,,,,,,,,,,,,,,,,,,,kg,,,
graphite-rainjacket,,,,,,,,,xl,,,200 Next pieces - 84.99€,,,,,,730.0,shopify,0,deny,manual,84.99,,true,true,,,,,"",,,,,,,,,,,,,,,,,,,,,,,,,,,,,,,,,,,,,,kg,,,
graphite-rainjacket,,,,,,,,,xl,,,Remaining - 89.99€,,,,,,730.0,shopify,4,deny,manual,89.99,,true,true,,,,,"",,,,,,,,,,,,,,,,,,,,,,,,,,,,,,,,,,,,,,kg,,,
noir-cardholder,NOIR CARDHOLDER,"<ul>
<li class=""p1"">
<span class=""s1"">Color :</span> Black</li>
<li class=""p1"">
<span class=""s1"">Material :</span> 100% genuine leather</li>
<li class=""p2"">Metallic logo — secured with rivets (no glue), built to last</li>
<li class=""p2"">White stitching on the back </li>
<li class=""p2"">Includes a care instruction card</li>
<li class=""p2"">Delivered in a custom box</li>
<li class=""p2"">Every order comes with exclusive goodies &lt;3</li>
<li class=""p2"">This product is pre-order : 5 - 6 weeks before shipping</li>
</ul>",Noclout,Apparel & Accessories,"","",false,Prix,39.99,,,,,,,,,120.0,shopify,27,deny,manual,39.99,,true,true,,,,,,https://cdn.shopify.com/s/files/1/0654/3828/6065/files/BLACK_PORTE_CARTE_-_DARK_1_4.jpg?v=1764001756,1,"",false,,,,,,,,,,,,,,,,,,,'1,,,,,,,,,,,,,,,kg,,,draft
noir-cardholder,,,,,,,,,,,,,,,,,,,,,,,,,,,,,,,,https://cdn.shopify.com/s/files/1/0654/3828/6065/files/BLACK_PORTE_CARTE_-_DARK_2_4.jpg?v=1764001756,2,"",,,,,,,,,,,,,,,,,,,,,,,,,,,,,,,,,,,,,,
noir-cardholder,,,,,,,,,,,,,,,,,,,,,,,,,,,,,,,,https://cdn.shopify.com/s/files/1/0654/3828/6065/files/BLACK_PORTE_CARTE_-_DARK_4_4.jpg?v=1764001746,3,"",,,,,,,,,,,,,,,,,,,,,,,,,,,,,,,,,,,,,,
noir-cardholder,,,,,,,,,,,,,,,,,,,,,,,,,,,,,,,,https://cdn.shopify.com/s/files/1/0654/3828/6065/files/BLACK_PORTE_CARTE_-_DARK_3_4.jpg?v=1764001745,4,"",,,,,,,,,,,,,,,,,,,,,,,,,,,,,,,,,,,,,,
noir-belt,Noir Belt,"<ul>
<li class=""p1"">Color: Black</li>
<li class=""p1"">Material: 100% genuine cow leather</li>
<li class=""p1"">Universal size — fully adjustable (guide included)</li>
<li class=""p1"">Metal-molded logo at belt tip</li>
<li class=""p1"">Reversible buckle</li>
<li class=""p1"">Delivered in a custom bag</li>
<li class=""p1"">Every order comes with exclusive goodies &lt;3<br>
</li>
</ul>",Noclout,Apparel & Accessories,"","",true,Title,Default Title,,,,,,,,ACS-BT-NOIR,350.0,shopify,1,deny,manual,59.99,,true,true,,,,,ACS-BT-NOIR,https://cdn.shopify.com/s/files/1/0654/3828/6065/files/COLORS_BLACK_BELT_2.jpg?v=1765296924,1,"",false,,,,,,,,,,,,,,,,,,,'1,,,,,,,,,,,,,,,kg,,,active
noir-belt,,,,,,,,,,,,,,,,,,,,,,,,,,,,,,,,https://cdn.shopify.com/s/files/1/0654/3828/6065/files/COLORS_BLACK_BELT_1.jpg?v=1765296924,2,"",,,,,,,,,,,,,,,,,,,,,,,,,,,,,,,,,,,,,,
noir-belt,,,,,,,,,,,,,,,,,,,,,,,,,,,,,,,,https://cdn.shopify.com/s/files/1/0654/3828/6065/files/COLORS_BLACK_BELT_4.jpg?v=1774351484,3,"",,,,,,,,,,,,,,,,,,,,,,,,,,,,,,,,,,,,,,
noir-belt,,,,,,,,,,,,,,,,,,,,,,,,,,,,,,,,https://cdn.shopify.com/s/files/1/0654/3828/6065/files/COLORS_BLACK_BELT_3.jpg?v=1774351484,4,"",,,,,,,,,,,,,,,,,,,,,,,,,,,,,,,,,,,,,,
noir-truckerhat,NOIR TRUCKERHAT,"<ul>
<li class=""p1"">
<span class=""s1"">Color :</span> Black</li>
<li class=""p1"">
<span class=""s1"">Material :</span> 100% polyester</li>
<li class=""p2"">One size — fully adjustable</li>
<li class=""p2"">Embroidered front logo</li>
<li class=""p2"">3D embroidery under the visor</li>
<li class=""p2"">Branded interior taping</li>
<li class=""p2"">Every order comes with exclusive goodies &lt;3<br>
</li>
</ul>",Noclout,Apparel & Accessories,"","",false,Price,34.99,,,,,,,,,200.0,shopify,21,deny,manual,14.99,,true,true,,,,,"",https://cdn.shopify.com/s/files/1/0654/3828/6065/files/BLACKCAP-DARK-1.jpg?v=1764001876,1,"",false,,,,,,,,,,,,,,,,,,,,,,,,,,,,,,,,,,kg,,,draft
noir-truckerhat,,,,,,,,,,,,,,,,,,,,,,,,,,,,,,,,https://cdn.shopify.com/s/files/1/0654/3828/6065/files/BLACKCAP-DARK-2_ab6804b5-cde5-4d6a-8d40-d576fed386cc.jpg?v=1764331897,2,"",,,,,,,,,,,,,,,,,,,,,,,,,,,,,,,,,,,,,,
noir-truckerhat,,,,,,,,,,,,,,,,,,,,,,,,,,,,,,,,https://cdn.shopify.com/s/files/1/0654/3828/6065/files/BLACKCAP-DARK-4_74834bb8-8bfb-4976-9292-3d72a79ba50e.jpg?v=1764332029,3,"",,,,,,,,,,,,,,,,,,,,,,,,,,,,,,,,,,,,,,
noir-truckerhat,,,,,,,,,,,,,,,,,,,,,,,,,,,,,,,,https://cdn.shopify.com/s/files/1/0654/3828/6065/files/BLACKCAP-DARK-3_4341fb04-fc94-48ae-ba7b-7ed9db87e06c.jpg?v=1764332029,4,"",,,,,,,,,,,,,,,,,,,,,,,,,,,,,,,,,,,,,,
silver-fade-knit,SILVER FADE KNIT,"<ul>
<li class=""p1"">
<span class=""s1"">Colors :</span> Black, Grey</li>
<li class=""p2"">Acid-washed finish</li>
<li class=""p1"">
<span class=""s1"">Material:</span> 100% cotton</li>
<li class=""p1"">Each piece weights around 1kg</li>
<li class=""p2"">Hand-sewn metallic logo<br>
</li>
<li class=""p2"">Fitted collar</li>
<li class=""p2"">Every order comes with exclusive goodies &lt;3</li>
</ul>",Noclout,Apparel & Accessories > Clothing Accessories > Hats,"","",false,Size,XS,,Price,50 First pieces - 34.99€,,,,,,860.0,shopify,-1,deny,manual,39.99,,true,true,,,,,"",https://cdn.shopify.com/s/files/1/0654/3828/6065/files/BLACKKNITMETAL-DARK1.5_b0b21d94-7fde-447a-8cd5-b5ec36318e82.jpg?v=1764001975,1,"",false,,,173,,,,,,,,,,,,,,,,,,,,,,,,,,,,,,,kg,,,draft
silver-fade-knit,,,,,,,,,XS,,,100 Next pieces - 44.99€,,,,,,860.0,shopify,0,deny,manual,44.99,,true,true,,,,,,https://cdn.shopify.com/s/files/1/0654/3828/6065/files/BLACKKNITMETAL-DARK2.5_b64f4650-7178-4991-840f-ebb8da11c13a.jpg?v=1764001977,2,"",,,,,,,,,,,,,,,,,,,,,,,,,,,,,,,,,,,kg,,,
silver-fade-knit,,,,,,,,,XS,,,150 Next pieces - 54.99€,,,,,,860.0,shopify,0,deny,manual,54.99,,true,true,,,,,,https://cdn.shopify.com/s/files/1/0654/3828/6065/files/BLACKKNITMETAL-DARK3.jpg?v=1764002503,3,"",,,,,,,,,,,,,,,,,,,,,,,,,,,,,,,,,,,kg,,,
silver-fade-knit,,,,,,,,,XS,,,200 Next pieces - 64.99€,,,,,,860.0,shopify,0,deny,manual,64.99,,true,true,,,,,,https://cdn.shopify.com/s/files/1/0654/3828/6065/files/BLACKKNITMETAL-DARK4.jpg?v=1764002504,4,"",,,,,,,,,,,,,,,,,,,,,,,,,,,,,,,,,,,kg,,,
silver-fade-knit,,,,,,,,,XS,,,Remaining - 74.99€,,,,,,860.0,shopify,6,deny,manual,74.99,,true,true,,,,,,https://cdn.shopify.com/s/files/1/0654/3828/6065/files/BLACKKNITMETAL-DARK5.jpg?v=1764002506,5,"",,,,,,,,,,,,,,,,,,,,,,,,,,,,,,,,,,,kg,,,
silver-fade-knit,,,,,,,,,S,,,50 First pieces - 34.99€,,,,,,910.0,shopify,0,deny,manual,39.99,,true,true,,,,,,,,,,,,,,,,,,,,,,,,,,,,,,,,,,,,,,,,,,,kg,,,
silver-fade-knit,,,,,,,,,S,,,100 Next pieces - 44.99€,,,,,,910.0,shopify,-1,deny,manual,44.99,,true,true,,,,,,,,,,,,,,,,,,,,,,,,,,,,,,,,,,,,,,,,,,,kg,,,
silver-fade-knit,,,,,,,,,S,,,150 Next pieces - 54.99€,,,,,,910.0,shopify,0,deny,manual,54.99,,true,true,,,,,,,,,,,,,,,,,,,,,,,,,,,,,,,,,,,,,,,,,,,kg,,,
silver-fade-knit,,,,,,,,,S,,,200 Next pieces - 64.99€,,,,,,910.0,shopify,0,deny,manual,64.99,,true,true,,,,,,,,,,,,,,,,,,,,,,,,,,,,,,,,,,,,,,,,,,,kg,,,
silver-fade-knit,,,,,,,,,S,,,Remaining - 74.99€,,,,,,910.0,shopify,6,deny,manual,74.99,,true,true,,,,,,,,,,,,,,,,,,,,,,,,,,,,,,,,,,,,,,,,,,,kg,,,
silver-fade-knit,,,,,,,,,M,,,50 First pieces - 34.99€,,,,,,960.0,shopify,-1,deny,manual,39.99,,true,true,,,,,,,,,,,,,,,,,,,,,,,,,,,,,,,,,,,,,,,,,,,kg,,,
silver-fade-knit,,,,,,,,,M,,,100 Next pieces - 44.99€,,,,,,960.0,shopify,0,deny,manual,44.99,,true,true,,,,,,,,,,,,,,,,,,,,,,,,,,,,,,,,,,,,,,,,,,,kg,,,
silver-fade-knit,,,,,,,,,M,,,150 Next pieces - 54.99€,,,,,,960.0,shopify,-1,deny,manual,54.99,,true,true,,,,,,,,,,,,,,,,,,,,,,,,,,,,,,,,,,,,,,,,,,,kg,,,
silver-fade-knit,,,,,,,,,M,,,200 Next pieces - 64.99€,,,,,,960.0,shopify,-1,deny,manual,64.99,,true,true,,,,,,,,,,,,,,,,,,,,,,,,,,,,,,,,,,,,,,,,,,,kg,,,
silver-fade-knit,,,,,,,,,M,,,Remaining - 74.99€,,,,,,960.0,shopify,10,deny,manual,74.99,,true,true,,,,,,,,,,,,,,,,,,,,,,,,,,,,,,,,,,,,,,,,,,,kg,,,
silver-fade-knit,,,,,,,,,L,,,50 First pieces - 34.99€,,,,,,1010.0,shopify,0,deny,manual,39.99,,true,true,,,,,,,,,,,,,,,,,,,,,,,,,,,,,,,,,,,,,,,,,,,kg,,,
silver-fade-knit,,,,,,,,,L,,,100 Next pieces - 44.99€,,,,,,1010.0,shopify,0,deny,manual,44.99,,true,true,,,,,,,,,,,,,,,,,,,,,,,,,,,,,,,,,,,,,,,,,,,kg,,,
silver-fade-knit,,,,,,,,,L,,,150 Next pieces - 54.99€,,,,,,1010.0,shopify,0,deny,manual,54.99,,true,true,,,,,,,,,,,,,,,,,,,,,,,,,,,,,,,,,,,,,,,,,,,kg,,,
silver-fade-knit,,,,,,,,,L,,,200 Next pieces - 64.99€,,,,,,1010.0,shopify,0,deny,manual,64.99,,true,true,,,,,,,,,,,,,,,,,,,,,,,,,,,,,,,,,,,,,,,,,,,kg,,,
silver-fade-knit,,,,,,,,,L,,,Remaining - 74.99€,,,,,,1010.0,shopify,4,deny,manual,74.99,,true,true,,,,,,,,,,,,,,,,,,,,,,,,,,,,,,,,,,,,,,,,,,,kg,,,
silver-fade-knit,,,,,,,,,XL,,,50 First pieces - 34.99€,,,,,,1060.0,shopify,0,deny,manual,39.99,,true,true,,,,,,,,,,,,,,,,,,,,,,,,,,,,,,,,,,,,,,,,,,,kg,,,
silver-fade-knit,,,,,,,,,XL,,,100 Next pieces - 44.99€,,,,,,1060.0,shopify,0,deny,manual,44.99,,true,true,,,,,,,,,,,,,,,,,,,,,,,,,,,,,,,,,,,,,,,,,,,kg,,,
silver-fade-knit,,,,,,,,,XL,,,150 Next pieces - 54.99€,,,,,,1060.0,shopify,0,deny,manual,54.99,,true,true,,,,,,,,,,,,,,,,,,,,,,,,,,,,,,,,,,,,,,,,,,,kg,,,
silver-fade-knit,,,,,,,,,XL,,,200 Next pieces - 64.99€,,,,,,1060.0,shopify,0,deny,manual,69.99,,true,true,,,,,,,,,,,,,,,,,,,,,,,,,,,,,,,,,,,,,,,,,,,kg,,,
silver-fade-knit,,,,,,,,,XL,,,Remaining - 74.99€,,,,,,1060.0,shopify,3,deny,manual,74.99,,true,true,,,,,,,,,,,,,,,,,,,,,,,,,,,,,,,,,,,,,,,,,,,kg,,,
structure-tracksuits,STRUCTURE TRACKSUITS,"<ul>
<li class=""p1"">
<span class=""s1"">Color :</span> Black</li>
<li class=""p1"">
<span class=""s1"">Material :</span> 100% cotton</li>
<li class=""p1"">380 GSM</li>
<li class=""p1"">Paneled construction on front and back legs</li>
<li class=""p2"">3D embroidered logo on back pocket</li>
<li class=""p2"">Adjustable drawstrings at waist and cuffs</li>
<li class=""p2"">Every order comes with exclusive goodies &lt;3</li>
<li class=""p2"">Pre-order item — ships in 5 to 6 weeks</li>
</ul>",Noclout,Apparel & Accessories > Clothing Accessories > Hats,"","",false,Size,XS,,Price,50 First pieces - 34.99€,,,,,,730.0,shopify,0,deny,manual,34.99,,true,true,,,,,"",https://cdn.shopify.com/s/files/1/0654/3828/6065/files/BLACKJOGGING-DARK1.jpg?v=1764002121,1,"",false,,,173,,,,,,,,,,,,,,,,'2,,,,,,,,,,,,,,,kg,,,draft
structure-tracksuits,,,,,,,,,XS,,,100 Next pieces - 44.99€,,,,,,730.0,shopify,0,deny,manual,44.99,,true,true,,,,,,https://cdn.shopify.com/s/files/1/0654/3828/6065/files/BLACKJOGGING-DARK2.jpg?v=1764002122,2,"",,,,,,,,,,,,,,,,,,,,,,,,,,,,,,,,,,,kg,,,
structure-tracksuits,,,,,,,,,XS,,,150 Next pieces - 54.99€,,,,,,730.0,shopify,0,deny,manual,54.99,,true,true,,,,,,https://cdn.shopify.com/s/files/1/0654/3828/6065/files/BLACKJOGGING-DARK3_d752b756-ff69-4baf-b796-dbae7b736dab.jpg?v=1764331737,3,"",,,,,,,,,,,,,,,,,,,,,,,,,,,,,,,,,,,kg,,,
structure-tracksuits,,,,,,,,,XS,,,200 Next pieces - 64.99€,,,,,,730.0,shopify,0,deny,manual,64.99,,true,true,,,,,,https://cdn.shopify.com/s/files/1/0654/3828/6065/files/BLACKJOGGING-DARK4_2ce046c0-2eab-4bc4-9957-77e4d4d5345b.jpg?v=1764331738,4,"",,,,,,,,,,,,,,,,,,,,,,,,,,,,,,,,,,,kg,,,
structure-tracksuits,,,,,,,,,XS,,,Remaining - 74.99€,,,,,,730.0,shopify,8,deny,manual,74.99,,true,true,,,,,,https://cdn.shopify.com/s/files/1/0654/3828/6065/files/BLACKJOGGING-DARK5_1c5f6cf4-6d3e-488a-aa8c-a6db5dea26ca.jpg?v=1764331738,5,"",,,,,,,,,,,,,,,,,,,,,,,,,,,,,,,,,,,kg,,,
structure-tracksuits,,,,,,,,,S,,,50 First pieces - 34.99€,,,,,,780.0,shopify,0,deny,manual,34.99,,true,true,,,,,,,,,,,,,,,,,,,,,,,,,,,,,,,,,,,,,,,,,,,kg,,,
structure-tracksuits,,,,,,,,,S,,,100 Next pieces - 44.99€,,,,,,780.0,shopify,0,deny,manual,44.99,,true,true,,,,,,,,,,,,,,,,,,,,,,,,,,,,,,,,,,,,,,,,,,,kg,,,
structure-tracksuits,,,,,,,,,S,,,150 Next pieces - 54.99€,,,,,,780.0,shopify,0,deny,manual,54.99,,true,true,,,,,,,,,,,,,,,,,,,,,,,,,,,,,,,,,,,,,,,,,,,kg,,,
structure-tracksuits,,,,,,,,,S,,,200 Next pieces - 64.99€,,,,,,780.0,shopify,-1,deny,manual,64.99,,true,true,,,,,,,,,,,,,,,,,,,,,,,,,,,,,,,,,,,,,,,,,,,kg,,,
structure-tracksuits,,,,,,,,,S,,,Remaining - 74.99€,,,,,,780.0,shopify,2,deny,manual,74.99,,true,true,,,,,,,,,,,,,,,,,,,,,,,,,,,,,,,,,,,,,,,,,,,kg,,,
structure-tracksuits,,,,,,,,,M,,,50 First pieces - 34.99€,,,,,,830.0,shopify,0,deny,manual,34.99,,true,true,,,,,,,,,,,,,,,,,,,,,,,,,,,,,,,,,,,,,,,,,,,kg,,,
structure-tracksuits,,,,,,,,,M,,,100 Next pieces - 44.99€,,,,,,830.0,shopify,-1,deny,manual,44.99,,true,true,,,,,,,,,,,,,,,,,,,,,,,,,,,,,,,,,,,,,,,,,,,kg,,,
structure-tracksuits,,,,,,,,,M,,,150 Next pieces - 54.99€,,,,,,830.0,shopify,0,deny,manual,54.99,,true,true,,,,,,,,,,,,,,,,,,,,,,,,,,,,,,,,,,,,,,,,,,,kg,,,
structure-tracksuits,,,,,,,,,M,,,200 Next pieces - 64.99€,,,,,,830.0,shopify,0,deny,manual,64.99,,true,true,,,,,,,,,,,,,,,,,,,,,,,,,,,,,,,,,,,,,,,,,,,kg,,,
structure-tracksuits,,,,,,,,,M,,,Remaining - 74.99€,,,,,,830.0,shopify,9,deny,manual,74.99,,true,true,,,,,,,,,,,,,,,,,,,,,,,,,,,,,,,,,,,,,,,,,,,kg,,,
structure-tracksuits,,,,,,,,,L,,,50 First pieces - 34.99€,,,,,,880.0,shopify,0,deny,manual,34.99,,true,true,,,,,,,,,,,,,,,,,,,,,,,,,,,,,,,,,,,,,,,,,,,kg,,,
structure-tracksuits,,,,,,,,,L,,,100 Next pieces - 44.99€,,,,,,880.0,shopify,0,deny,manual,44.99,,true,true,,,,,,,,,,,,,,,,,,,,,,,,,,,,,,,,,,,,,,,,,,,kg,,,
structure-tracksuits,,,,,,,,,L,,,150 Next pieces - 54.99€,,,,,,880.0,shopify,0,deny,manual,54.99,,true,true,,,,,,,,,,,,,,,,,,,,,,,,,,,,,,,,,,,,,,,,,,,kg,,,
structure-tracksuits,,,,,,,,,L,,,200 Next pieces - 64.99€,,,,,,880.0,shopify,-1,deny,manual,64.99,,true,true,,,,,,,,,,,,,,,,,,,,,,,,,,,,,,,,,,,,,,,,,,,kg,,,
structure-tracksuits,,,,,,,,,L,,,Remaining - 74.99€,,,,,,880.0,shopify,0,deny,manual,74.99,,true,true,,,,,,,,,,,,,,,,,,,,,,,,,,,,,,,,,,,,,,,,,,,kg,,,
structure-tracksuits,,,,,,,,,XL,,,50 First pieces - 34.99€,,,,,,930.0,shopify,0,deny,manual,34.99,,true,true,,,,,,,,,,,,,,,,,,,,,,,,,,,,,,,,,,,,,,,,,,,kg,,,
structure-tracksuits,,,,,,,,,XL,,,100 Next pieces - 44.99€,,,,,,930.0,shopify,0,deny,manual,44.99,,true,true,,,,,,,,,,,,,,,,,,,,,,,,,,,,,,,,,,,,,,,,,,,kg,,,
structure-tracksuits,,,,,,,,,XL,,,150 Next pieces - 54.99€,,,,,,930.0,shopify,0,deny,manual,54.99,,true,true,,,,,,,,,,,,,,,,,,,,,,,,,,,,,,,,,,,,,,,,,,,kg,,,
structure-tracksuits,,,,,,,,,XL,,,200 Next pieces - 64.99€,,,,,,930.0,shopify,0,deny,manual,64.99,,true,true,,,,,,,,,,,,,,,,,,,,,,,,,,,,,,,,,,,,,,,,,,,kg,,,
structure-tracksuits,,,,,,,,,XL,,,Remaining - 74.99€,,,,,,930.0,shopify,2,deny,manual,74.99,,true,true,,,,,,,,,,,,,,,,,,,,,,,,,,,,,,,,,,,,,,,,,,,kg,,,
noir-waffle,NOIR WAFFLE,"<ul>
<li class=""p1"">
<span class=""s1"">Color :</span> Black</li>
<li class=""p1"">
<span class=""s1"">Material :</span> 65% cotton, 35% polyester</li>
<li class=""p2"">Waffle texture</li>
<li class=""p2"">Embroidered front logo</li>
<li class=""p2"">Embroidered logo on back collar</li>
<li class=""p2"">Every order comes with exclusive goodies &lt;3<br>
</li>
</ul>",Noclout,Apparel & Accessories > Clothing Accessories > Hats,"","",false,Size,XS,,Price,50 First pieces - 19.99€,,,,,,540.0,shopify,0,deny,manual,19.99,,true,true,,,,,,https://cdn.shopify.com/s/files/1/0654/3828/6065/files/BLACKWAFFLE-DARK1.jpg?v=1764002864,1,"",false,,,173,,,,,,,,,,,,,,,,,,,,,,,,,,,,,,,kg,,,draft
noir-waffle,,,,,,,,,XS,,,100 Next pieces - 22.99€,,,,,,540.0,shopify,0,deny,manual,22.99,,true,true,,,,,,https://cdn.shopify.com/s/files/1/0654/3828/6065/files/BLACKWAFFLE-DARK2_1e7f25cc-4570-496a-b141-cbcd9ffa77f0.jpg?v=1764002891,2,"",,,,,,,,,,,,,,,,,,,,,,,,,,,,,,,,,,,kg,,,
noir-waffle,,,,,,,,,XS,,,150 Next pieces - 24.99€,,,,,,540.0,shopify,0,deny,manual,24.99,,true,true,,,,,,https://cdn.shopify.com/s/files/1/0654/3828/6065/files/BLACKWAFFLE-DARK3.jpg?v=1764002891,3,"",,,,,,,,,,,,,,,,,,,,,,,,,,,,,,,,,,,kg,,,
noir-waffle,,,,,,,,,XS,,,200 Next pieces - 29.99€,,,,,,540.0,shopify,0,deny,manual,29.99,,true,true,,,,,,https://cdn.shopify.com/s/files/1/0654/3828/6065/files/BLACKWAFFLE-DARK4.jpg?v=1764002891,4,"",,,,,,,,,,,,,,,,,,,,,,,,,,,,,,,,,,,kg,,,
noir-waffle,,,,,,,,,XS,,,Remaining - 34.99€,,,,,,540.0,shopify,7,deny,manual,34.99,,true,true,,,,,,https://cdn.shopify.com/s/files/1/0654/3828/6065/files/BLACKWAFFLE-DARK5.jpg?v=1764002891,5,"",,,,,,,,,,,,,,,,,,,,,,,,,,,,,,,,,,,kg,,,
noir-waffle,,,,,,,,,S,,,50 First pieces - 19.99€,,,,,,580.0,shopify,0,deny,manual,19.99,,true,true,,,,,,,,,,,,,,,,,,,,,,,,,,,,,,,,,,,,,,,,,,,kg,,,
noir-waffle,,,,,,,,,S,,,100 Next pieces - 22.99€,,,,,,580.0,shopify,0,deny,manual,22.99,,true,true,,,,,,,,,,,,,,,,,,,,,,,,,,,,,,,,,,,,,,,,,,,kg,,,
noir-waffle,,,,,,,,,S,,,150 Next pieces - 24.99€,,,,,,580.0,shopify,0,deny,manual,24.99,,true,true,,,,,,,,,,,,,,,,,,,,,,,,,,,,,,,,,,,,,,,,,,,kg,,,
noir-waffle,,,,,,,,,S,,,200 Next pieces - 29.99€,,,,,,580.0,shopify,0,deny,manual,29.99,,true,true,,,,,,,,,,,,,,,,,,,,,,,,,,,,,,,,,,,,,,,,,,,kg,,,
noir-waffle,,,,,,,,,S,,,Remaining - 34.99€,,,,,,580.0,shopify,7,deny,manual,34.99,,true,true,,,,,,,,,,,,,,,,,,,,,,,,,,,,,,,,,,,,,,,,,,,kg,,,
noir-waffle,,,,,,,,,M,,,50 First pieces - 19.99€,,,,,,620.0,shopify,0,deny,manual,19.99,,true,true,,,,,,,,,,,,,,,,,,,,,,,,,,,,,,,,,,,,,,,,,,,kg,,,
noir-waffle,,,,,,,,,M,,,100 Next pieces - 22.99€,,,,,,620.0,shopify,0,deny,manual,22.99,,true,true,,,,,,,,,,,,,,,,,,,,,,,,,,,,,,,,,,,,,,,,,,,kg,,,
noir-waffle,,,,,,,,,M,,,150 Next pieces - 24.99€,,,,,,620.0,shopify,0,deny,manual,24.99,,true,true,,,,,,,,,,,,,,,,,,,,,,,,,,,,,,,,,,,,,,,,,,,kg,,,
noir-waffle,,,,,,,,,M,,,200 Next pieces - 29.99€,,,,,,620.0,shopify,1,deny,manual,29.99,,true,true,,,,,,,,,,,,,,,,,,,,,,,,,,,,,,,,,,,,,,,,,,,kg,,,
noir-waffle,,,,,,,,,M,,,Remaining - 34.99€,,,,,,620.0,shopify,2,deny,manual,34.99,,true,true,,,,,,,,,,,,,,,,,,,,,,,,,,,,,,,,,,,,,,,,,,,kg,,,
noir-waffle,,,,,,,,,L,,,50 First pieces - 19.99€,,,,,,660.0,shopify,0,deny,manual,19.99,,true,true,,,,,,,,,,,,,,,,,,,,,,,,,,,,,,,,,,,,,,,,,,,kg,,,
noir-waffle,,,,,,,,,L,,,100 Next pieces - 22.99€,,,,,,660.0,shopify,0,deny,manual,22.99,,true,true,,,,,,,,,,,,,,,,,,,,,,,,,,,,,,,,,,,,,,,,,,,kg,,,
noir-waffle,,,,,,,,,L,,,150 Next pieces - 24.99€,,,,,,660.0,shopify,0,deny,manual,24.99,,true,true,,,,,,,,,,,,,,,,,,,,,,,,,,,,,,,,,,,,,,,,,,,kg,,,
noir-waffle,,,,,,,,,L,,,200 Next pieces - 29.99€,,,,,,660.0,shopify,0,deny,manual,29.99,,true,true,,,,,,,,,,,,,,,,,,,,,,,,,,,,,,,,,,,,,,,,,,,kg,,,
noir-waffle,,,,,,,,,L,,,Remaining - 34.99€,,,,,,660.0,shopify,8,deny,manual,34.99,,true,true,,,,,,,,,,,,,,,,,,,,,,,,,,,,,,,,,,,,,,,,,,,kg,,,
noir-waffle,,,,,,,,,XL,,,50 First pieces - 19.99€,,,,,,700.0,shopify,0,deny,manual,19.99,,true,true,,,,,,,,,,,,,,,,,,,,,,,,,,,,,,,,,,,,,,,,,,,kg,,,
noir-waffle,,,,,,,,,XL,,,100 Next pieces - 22.99€,,,,,,700.0,shopify,0,deny,manual,22.99,,true,true,,,,,,,,,,,,,,,,,,,,,,,,,,,,,,,,,,,,,,,,,,,kg,,,
noir-waffle,,,,,,,,,XL,,,150 Next pieces - 24.99€,,,,,,700.0,shopify,0,deny,manual,24.99,,true,true,,,,,,,,,,,,,,,,,,,,,,,,,,,,,,,,,,,,,,,,,,,kg,,,
noir-waffle,,,,,,,,,XL,,,200 Next pieces - 29.99€,,,,,,700.0,shopify,0,deny,manual,29.99,,true,true,,,,,,,,,,,,,,,,,,,,,,,,,,,,,,,,,,,,,,,,,,,kg,,,
noir-waffle,,,,,,,,,XL,,,Remaining - 34.99€,,,,,,700.0,shopify,14,deny,manual,34.99,,true,true,,,,,,,,,,,,,,,,,,,,,,,,,,,,,,,,,,,,,,,,,,,kg,,,
steel-tee,Steel Tee,"<ul>
<li class=""p1"">
<span class=""s1"">Colors :</span> Black, Grey</li>
<li class=""p1"">
<span class=""s1"">Material :</span> 100% cotton</li>
<li class=""p1"">305 GSM</li>
<li class=""p2"">Raglan sleeve construction</li>
<li class=""p2"">Embroidered front logo</li>
<li class=""p2"">Fitted collar</li>
<li class=""p2"">Every order comes with exclusive goodies &lt;3<br>
</li>
</ul>",Noclout,Apparel & Accessories > Clothing Accessories > Hats,"","",true,Size,XS,,,,,,,,TEE-XS-STL,460.0,shopify,3,deny,manual,39.99,,true,true,,,,,TEE-XS-STL,https://cdn.shopify.com/s/files/1/0654/3828/6065/files/COLORS_BLACK_TEE_-_2.jpg?v=1765296933,1,"",false,,,173,,,,,,,,,,,,,,,,'2,,,,,,,,,,,,,,,kg,,,active
steel-tee,,,,,,,,,S,,,,,,,,TEE-S-STL,470.0,shopify,14,deny,manual,39.99,,true,true,,,,,TEE-S-STL,https://cdn.shopify.com/s/files/1/0654/3828/6065/files/COLORS_BLACK_TEE_-_1.jpg?v=1765296933,2,"",,,,,,,,,,,,,,,,,,,,,,,,,,,,,,,,,,,kg,,,
steel-tee,,,,,,,,,M,,,,,,,,TEE-M-STL,480.0,shopify,8,deny,manual,39.99,,true,true,,,,,TEE-M-STL,https://cdn.shopify.com/s/files/1/0654/3828/6065/files/TEE_BLACK_PORTEE_1.jpg?v=1765447357,3,"",,,,,,,,,,,,,,,,,,,,,,,,,,,,,,,,,,,kg,,,
steel-tee,,,,,,,,,L,,,,,,,,TEE-L-STL,490.0,shopify,16,deny,manual,39.99,,true,true,,,,,TEE-L-STL,https://cdn.shopify.com/s/files/1/0654/3828/6065/files/TEE_BLACK_PORTEE_2.jpg?v=1765447357,4,"",,,,,,,,,,,,,,,,,,,,,,,,,,,,,,,,,,,kg,,,
steel-tee,,,,,,,,,XL,,,,,,,,TEE-XL-STL,500.0,shopify,3,deny,manual,39.99,,true,true,,,,,TEE-XL-STL,https://cdn.shopify.com/s/files/1/0654/3828/6065/files/TEE_BLACK_PORTEE_3.jpg?v=1765447357,5,"",,,,,,,,,,,,,,,,,,,,,,,,,,,,,,,,,,,kg,,,
burn-zip,BURN ZIP,"<ul>
<li class=""p1"">
<span class=""s1"">Color :</span> Black</li>
<li class=""p1"">
<span class=""s1"">Material :</span> 100% cotton</li>
<li class=""p2"">French Terry fabric</li>
<li class=""p2"">420 GSM</li>
<li class=""p2"">Full acid-wash finish</li>
<li class=""p2"">Embroidered + printed front logo</li>
<li class=""p2"">Double YKK zipper</li>
<li class=""p2"">Distressed details on hood, sleeves and pockets</li>
<li class=""p2"">Every order comes with exclusive goodies &lt;3</li>
<li class=""p2"">Pre-order item — ships in 5 to 6 weeks</li>
</ul>",Noclout,Apparel & Accessories > Clothing Accessories > Hats,"","",false,Size,XS,,NFC,Yes (+2.5€),,Price,50 First pieces - 39.99€,,,1090.0,shopify,0,deny,manual,42.49,,true,true,,,,,,https://cdn.shopify.com/s/files/1/0654/3828/6065/files/BLACKZIPFACE-DARK.jpg?v=1764002978,1,"",false,,,173,,,,,,,,,,,,,,,,,,,,,,,,,,,,,,,kg,,,draft
burn-zip,,,,,,,,,XS,,,Yes (+2.5€),,,100 Next pieces - 49.99€,,,1090.0,shopify,0,deny,manual,52.49,,true,true,,,,,,https://cdn.shopify.com/s/files/1/0654/3828/6065/files/BLACKZIPFACE-DARK2.jpg?v=1764002985,2,"",,,,,,,,,,,,,,,,,,,,,,,,,,,,,,,,,,,kg,,,
burn-zip,,,,,,,,,XS,,,Yes (+2.5€),,,150 Next pieces - 59.99€,,,1090.0,shopify,0,deny,manual,62.49,,true,true,,,,,,https://cdn.shopify.com/s/files/1/0654/3828/6065/files/BLACKZIPFACE-DARK3.jpg?v=1764002985,3,"",,,,,,,,,,,,,,,,,,,,,,,,,,,,,,,,,,,kg,,,
burn-zip,,,,,,,,,XS,,,Yes (+2.5€),,,200 Next pieces - 69.99€,,,1090.0,shopify,-2,deny,manual,72.49,,true,true,,,,,,https://cdn.shopify.com/s/files/1/0654/3828/6065/files/BLACKZIPFACE-DARK4.jpg?v=1764002987,4,"",,,,,,,,,,,,,,,,,,,,,,,,,,,,,,,,,,,kg,,,
burn-zip,,,,,,,,,XS,,,Yes (+2.5€),,,Remaining - 74.99€,,,1090.0,shopify,0,deny,manual,77.49,,true,true,,,,,,,,,,,,,,,,,,,,,,,,,,,,,,,,,,,,,,,,,,,kg,,,
burn-zip,,,,,,,,,XS,,,No,,,50 First pieces - 39.99€,,,1090.0,shopify,0,deny,manual,39.99,,true,true,,,,,"",,,,,,,,,,,,,,,,,,,,,,,,,,,,,,,,,,,,,,kg,,,
burn-zip,,,,,,,,,XS,,,No,,,100 Next pieces - 49.99€,,,1090.0,shopify,0,deny,manual,49.99,,true,true,,,,,"",,,,,,,,,,,,,,,,,,,,,,,,,,,,,,,,,,,,,,kg,,,
burn-zip,,,,,,,,,XS,,,No,,,150 Next pieces - 59.99€,,,1090.0,shopify,0,deny,manual,59.99,,true,true,,,,,"",,,,,,,,,,,,,,,,,,,,,,,,,,,,,,,,,,,,,,kg,,,
burn-zip,,,,,,,,,XS,,,No,,,200 Next pieces - 69.99€,,,1090.0,shopify,0,deny,manual,69.99,,true,true,,,,,"",,,,,,,,,,,,,,,,,,,,,,,,,,,,,,,,,,,,,,kg,,,
burn-zip,,,,,,,,,XS,,,No,,,Remaining - 74.99€,,,1090.0,shopify,9,deny,manual,74.99,,true,true,,,,,"",,,,,,,,,,,,,,,,,,,,,,,,,,,,,,,,,,,,,,kg,,,
burn-zip,,,,,,,,,S,,,Yes (+2.5€),,,50 First pieces - 39.99€,,,1140.0,shopify,0,deny,manual,42.49,,true,true,,,,,,,,,,,,,,,,,,,,,,,,,,,,,,,,,,,,,,,,,,,kg,,,
burn-zip,,,,,,,,,S,,,Yes (+2.5€),,,100 Next pieces - 49.99€,,,1140.0,shopify,0,deny,manual,52.49,,true,true,,,,,,,,,,,,,,,,,,,,,,,,,,,,,,,,,,,,,,,,,,,kg,,,
burn-zip,,,,,,,,,S,,,Yes (+2.5€),,,150 Next pieces - 59.99€,,,1140.0,shopify,1,deny,manual,62.49,,true,true,,,,,,,,,,,,,,,,,,,,,,,,,,,,,,,,,,,,,,,,,,,kg,,,
burn-zip,,,,,,,,,S,,,Yes (+2.5€),,,200 Next pieces - 69.99€,,,1140.0,shopify,1,deny,manual,72.49,,true,true,,,,,,,,,,,,,,,,,,,,,,,,,,,,,,,,,,,,,,,,,,,kg,,,
burn-zip,,,,,,,,,S,,,Yes (+2.5€),,,Remaining - 74.99€,,,1140.0,shopify,0,deny,manual,77.49,,true,true,,,,,,,,,,,,,,,,,,,,,,,,,,,,,,,,,,,,,,,,,,,kg,,,
burn-zip,,,,,,,,,S,,,No,,,50 First pieces - 39.99€,,,1140.0,shopify,0,deny,manual,39.99,,true,true,,,,,"",,,,,,,,,,,,,,,,,,,,,,,,,,,,,,,,,,,,,,kg,,,
burn-zip,,,,,,,,,S,,,No,,,100 Next pieces - 49.99€,,,1140.0,shopify,0,deny,manual,49.99,,true,true,,,,,"",,,,,,,,,,,,,,,,,,,,,,,,,,,,,,,,,,,,,,kg,,,
burn-zip,,,,,,,,,S,,,No,,,150 Next pieces - 59.99€,,,1140.0,shopify,0,deny,manual,59.99,,true,true,,,,,"",,,,,,,,,,,,,,,,,,,,,,,,,,,,,,,,,,,,,,kg,,,
burn-zip,,,,,,,,,S,,,No,,,200 Next pieces - 69.99€,,,1140.0,shopify,0,deny,manual,69.99,,true,true,,,,,"",,,,,,,,,,,,,,,,,,,,,,,,,,,,,,,,,,,,,,kg,,,
burn-zip,,,,,,,,,S,,,No,,,Remaining - 74.99€,,,1140.0,shopify,4,deny,manual,74.99,,true,true,,,,,"",,,,,,,,,,,,,,,,,,,,,,,,,,,,,,,,,,,,,,kg,,,
burn-zip,,,,,,,,,M,,,Yes (+2.5€),,,50 First pieces - 39.99€,,,1190.0,shopify,-1,deny,manual,42.49,,true,true,,,,,,,,,,,,,,,,,,,,,,,,,,,,,,,,,,,,,,,,,,,kg,,,
burn-zip,,,,,,,,,M,,,Yes (+2.5€),,,100 Next pieces - 49.99€,,,1190.0,shopify,0,deny,manual,52.49,,true,true,,,,,,,,,,,,,,,,,,,,,,,,,,,,,,,,,,,,,,,,,,,kg,,,
burn-zip,,,,,,,,,M,,,Yes (+2.5€),,,150 Next pieces - 59.99€,,,1190.0,shopify,0,deny,manual,62.49,,true,true,,,,,,,,,,,,,,,,,,,,,,,,,,,,,,,,,,,,,,,,,,,kg,,,
burn-zip,,,,,,,,,M,,,Yes (+2.5€),,,200 Next pieces - 69.99€,,,1190.0,shopify,-1,deny,manual,72.49,,true,true,,,,,,,,,,,,,,,,,,,,,,,,,,,,,,,,,,,,,,,,,,,kg,,,
burn-zip,,,,,,,,,M,,,Yes (+2.5€),,,Remaining - 74.99€,,,1190.0,shopify,0,deny,manual,77.49,,true,true,,,,,,,,,,,,,,,,,,,,,,,,,,,,,,,,,,,,,,,,,,,kg,,,
burn-zip,,,,,,,,,M,,,No,,,50 First pieces - 39.99€,,,1190.0,shopify,0,deny,manual,39.99,,true,true,,,,,"",,,,,,,,,,,,,,,,,,,,,,,,,,,,,,,,,,,,,,kg,,,
burn-zip,,,,,,,,,M,,,No,,,100 Next pieces - 49.99€,,,1190.0,shopify,0,deny,manual,49.99,,true,true,,,,,"",,,,,,,,,,,,,,,,,,,,,,,,,,,,,,,,,,,,,,kg,,,
burn-zip,,,,,,,,,M,,,No,,,150 Next pieces - 59.99€,,,1190.0,shopify,0,deny,manual,59.99,,true,true,,,,,"",,,,,,,,,,,,,,,,,,,,,,,,,,,,,,,,,,,,,,kg,,,
burn-zip,,,,,,,,,M,,,No,,,200 Next pieces - 69.99€,,,1190.0,shopify,0,deny,manual,69.99,,true,true,,,,,"",,,,,,,,,,,,,,,,,,,,,,,,,,,,,,,,,,,,,,kg,,,
burn-zip,,,,,,,,,M,,,No,,,Remaining - 74.99€,,,1190.0,shopify,13,deny,manual,74.99,,true,true,,,,,"",,,,,,,,,,,,,,,,,,,,,,,,,,,,,,,,,,,,,,kg,,,
burn-zip,,,,,,,,,L,,,Yes (+2.5€),,,50 First pieces - 39.99€,,,1240.0,shopify,0,deny,manual,42.49,,true,true,,,,,,,,,,,,,,,,,,,,,,,,,,,,,,,,,,,,,,,,,,,kg,,,
burn-zip,,,,,,,,,L,,,Yes (+2.5€),,,100 Next pieces - 49.99€,,,1240.0,shopify,0,deny,manual,52.49,,true,true,,,,,,,,,,,,,,,,,,,,,,,,,,,,,,,,,,,,,,,,,,,kg,,,
burn-zip,,,,,,,,,L,,,Yes (+2.5€),,,150 Next pieces - 59.99€,,,1240.0,shopify,0,deny,manual,62.49,,true,true,,,,,,,,,,,,,,,,,,,,,,,,,,,,,,,,,,,,,,,,,,,kg,,,
burn-zip,,,,,,,,,L,,,Yes (+2.5€),,,200 Next pieces - 69.99€,,,1240.0,shopify,0,deny,manual,72.49,,true,true,,,,,,,,,,,,,,,,,,,,,,,,,,,,,,,,,,,,,,,,,,,kg,,,
burn-zip,,,,,,,,,L,,,Yes (+2.5€),,,Remaining - 74.99€,,,1240.0,shopify,0,deny,manual,77.49,,true,true,,,,,,,,,,,,,,,,,,,,,,,,,,,,,,,,,,,,,,,,,,,kg,,,
burn-zip,,,,,,,,,L,,,No,,,50 First pieces - 39.99€,,,1240.0,shopify,0,deny,manual,39.99,,true,true,,,,,"",,,,,,,,,,,,,,,,,,,,,,,,,,,,,,,,,,,,,,kg,,,
burn-zip,,,,,,,,,L,,,No,,,100 Next pieces - 49.99€,,,1240.0,shopify,0,deny,manual,49.99,,true,true,,,,,"",,,,,,,,,,,,,,,,,,,,,,,,,,,,,,,,,,,,,,kg,,,
burn-zip,,,,,,,,,L,,,No,,,150 Next pieces - 59.99€,,,1240.0,shopify,0,deny,manual,59.99,,true,true,,,,,"",,,,,,,,,,,,,,,,,,,,,,,,,,,,,,,,,,,,,,kg,,,
burn-zip,,,,,,,,,L,,,No,,,200 Next pieces - 69.99€,,,1240.0,shopify,0,deny,manual,69.99,,true,true,,,,,"",,,,,,,,,,,,,,,,,,,,,,,,,,,,,,,,,,,,,,kg,,,
burn-zip,,,,,,,,,L,,,No,,,Remaining - 74.99€,,,1240.0,shopify,0,deny,manual,74.99,,true,true,,,,,"",,,,,,,,,,,,,,,,,,,,,,,,,,,,,,,,,,,,,,kg,,,
burn-zip,,,,,,,,,XL,,,Yes (+2.5€),,,50 First pieces - 39.99€,,,1290.0,shopify,0,deny,manual,42.49,,true,true,,,,,,,,,,,,,,,,,,,,,,,,,,,,,,,,,,,,,,,,,,,kg,,,
burn-zip,,,,,,,,,XL,,,Yes (+2.5€),,,100 Next pieces - 49.99€,,,1290.0,shopify,0,deny,manual,52.49,,true,true,,,,,,,,,,,,,,,,,,,,,,,,,,,,,,,,,,,,,,,,,,,kg,,,
burn-zip,,,,,,,,,XL,,,Yes (+2.5€),,,150 Next pieces - 59.99€,,,1290.0,shopify,0,deny,manual,62.49,,true,true,,,,,,,,,,,,,,,,,,,,,,,,,,,,,,,,,,,,,,,,,,,kg,,,
burn-zip,,,,,,,,,XL,,,Yes (+2.5€),,,200 Next pieces - 69.99€,,,1290.0,shopify,0,deny,manual,72.49,,true,true,,,,,,,,,,,,,,,,,,,,,,,,,,,,,,,,,,,,,,,,,,,kg,,,
burn-zip,,,,,,,,,XL,,,Yes (+2.5€),,,Remaining - 74.99€,,,1290.0,shopify,0,deny,manual,77.49,,true,true,,,,,,,,,,,,,,,,,,,,,,,,,,,,,,,,,,,,,,,,,,,kg,,,
burn-zip,,,,,,,,,XL,,,No,,,50 First pieces - 39.99€,,,1290.0,shopify,0,deny,manual,39.99,,true,true,,,,,"",,,,,,,,,,,,,,,,,,,,,,,,,,,,,,,,,,,,,,kg,,,
burn-zip,,,,,,,,,XL,,,No,,,100 Next pieces - 49.99€,,,1290.0,shopify,0,deny,manual,49.99,,true,true,,,,,"",,,,,,,,,,,,,,,,,,,,,,,,,,,,,,,,,,,,,,kg,,,
burn-zip,,,,,,,,,XL,,,No,,,150 Next pieces - 59.99€,,,1290.0,shopify,0,deny,manual,59.99,,true,true,,,,,"",,,,,,,,,,,,,,,,,,,,,,,,,,,,,,,,,,,,,,kg,,,
burn-zip,,,,,,,,,XL,,,No,,,200 Next pieces - 69.99€,,,1290.0,shopify,0,deny,manual,69.99,,true,true,,,,,"",,,,,,,,,,,,,,,,,,,,,,,,,,,,,,,,,,,,,,kg,,,
burn-zip,,,,,,,,,XL,,,No,,,Remaining - 74.99€,,,1290.0,shopify,6,deny,manual,74.99,,true,true,,,,,"",,,,,,,,,,,,,,,,,,,,,,,,,,,,,,,,,,,,,,kg,,,
spectre-knitted-zip,SPECTRE KNITTED ZIP,"<ul>
<li class=""p1"">
<span class=""s1"">Color :</span> Black</li>
<li class=""p1"">
<span class=""s1"">Material :</span> 100% cotton</li>
<li class=""p2"">White embroidered front logo</li>
<li class=""p2"">YKK zipper</li>
<li class=""p2"">Every order comes with exclusive goodies &lt;3<br>
</li>
</ul>",Noclout,Apparel & Accessories > Clothing Accessories > Hats,"","",false,Size,XS,,Price,50 First pieces - 39.99€,,,,,,950.0,shopify,0,deny,manual,39.99,,true,true,,,,,,https://cdn.shopify.com/s/files/1/0654/3828/6065/files/BLACKKNITZIP-DARK1_8b3f0a49-619c-4a32-8fc3-9c69eaaa4bc9.jpg?v=1764002609,1,"",false,,,173,,,,,,,,,,,,,,,,,,,,,,,,,,,,,,,kg,,,draft
spectre-knitted-zip,,,,,,,,,XS,,,100 Next pieces - 49.99€,,,,,,950.0,shopify,0,deny,manual,49.99,,true,true,,,,,"",https://cdn.shopify.com/s/files/1/0654/3828/6065/files/BLACKKNITZIP-DARK2.jpg?v=1764002611,2,"",,,,,,,,,,,,,,,,,,,,,,,,,,,,,,,,,,,kg,,,
spectre-knitted-zip,,,,,,,,,XS,,,150 Next pieces - 59.99€,,,,,,950.0,shopify,0,deny,manual,59.99,,true,true,,,,,"",https://cdn.shopify.com/s/files/1/0654/3828/6065/files/BLACKKNITZIP-DARK3.jpg?v=1764002613,3,"",,,,,,,,,,,,,,,,,,,,,,,,,,,,,,,,,,,kg,,,
spectre-knitted-zip,,,,,,,,,XS,,,200 Next pieces - 69.99€,,,,,,950.0,shopify,0,deny,manual,69.99,,true,true,,,,,"",https://cdn.shopify.com/s/files/1/0654/3828/6065/files/BLACKKNITZIP-DARK4.jpg?v=1764002614,4,"",,,,,,,,,,,,,,,,,,,,,,,,,,,,,,,,,,,kg,,,
spectre-knitted-zip,,,,,,,,,XS,,,Remaining - 74.99€,,,,,,950.0,shopify,2,deny,manual,74.99,,true,true,,,,,"",https://cdn.shopify.com/s/files/1/0654/3828/6065/files/BLACKKNITZIP-DARK5.jpg?v=1764002615,5,"",,,,,,,,,,,,,,,,,,,,,,,,,,,,,,,,,,,kg,,,
spectre-knitted-zip,,,,,,,,,S,,,50 First pieces - 39.99€,,,,,,1010.0,shopify,0,deny,manual,39.99,,true,true,,,,,,,,,,,,,,,,,,,,,,,,,,,,,,,,,,,,,,,,,,,kg,,,
spectre-knitted-zip,,,,,,,,,S,,,100 Next pieces - 49.99€,,,,,,1010.0,shopify,-1,deny,manual,49.99,,true,true,,,,,"",,,,,,,,,,,,,,,,,,,,,,,,,,,,,,,,,,,,,,kg,,,
spectre-knitted-zip,,,,,,,,,S,,,150 Next pieces - 59.99€,,,,,,1010.0,shopify,0,deny,manual,59.99,,true,true,,,,,"",,,,,,,,,,,,,,,,,,,,,,,,,,,,,,,,,,,,,,kg,,,
spectre-knitted-zip,,,,,,,,,S,,,200 Next pieces - 69.99€,,,,,,1010.0,shopify,0,deny,manual,69.99,,true,true,,,,,"",,,,,,,,,,,,,,,,,,,,,,,,,,,,,,,,,,,,,,kg,,,
spectre-knitted-zip,,,,,,,,,S,,,Remaining - 74.99€,,,,,,1010.0,shopify,4,deny,manual,74.99,,true,true,,,,,"",,,,,,,,,,,,,,,,,,,,,,,,,,,,,,,,,,,,,,kg,,,
spectre-knitted-zip,,,,,,,,,M,,,50 First pieces - 39.99€,,,,,,1070.0,shopify,0,deny,manual,39.99,,true,true,,,,,,,,,,,,,,,,,,,,,,,,,,,,,,,,,,,,,,,,,,,kg,,,
spectre-knitted-zip,,,,,,,,,M,,,100 Next pieces - 49.99€,,,,,,1070.0,shopify,1,deny,manual,49.99,,true,true,,,,,"",,,,,,,,,,,,,,,,,,,,,,,,,,,,,,,,,,,,,,kg,,,
spectre-knitted-zip,,,,,,,,,M,,,150 Next pieces - 59.99€,,,,,,1070.0,shopify,-2,deny,manual,59.99,,true,true,,,,,"",,,,,,,,,,,,,,,,,,,,,,,,,,,,,,,,,,,,,,kg,,,
spectre-knitted-zip,,,,,,,,,M,,,200 Next pieces - 69.99€,,,,,,1070.0,shopify,0,deny,manual,69.99,,true,true,,,,,"",,,,,,,,,,,,,,,,,,,,,,,,,,,,,,,,,,,,,,kg,,,
spectre-knitted-zip,,,,,,,,,M,,,Remaining - 74.99€,,,,,,1070.0,shopify,7,deny,manual,74.99,,true,true,,,,,"",,,,,,,,,,,,,,,,,,,,,,,,,,,,,,,,,,,,,,kg,,,
spectre-knitted-zip,,,,,,,,,L,,,50 First pieces - 39.99€,,,,,,1130.0,shopify,-1,deny,manual,39.99,,true,true,,,,,,,,,,,,,,,,,,,,,,,,,,,,,,,,,,,,,,,,,,,kg,,,
spectre-knitted-zip,,,,,,,,,L,,,100 Next pieces - 49.99€,,,,,,1130.0,shopify,0,deny,manual,49.99,,true,true,,,,,"",,,,,,,,,,,,,,,,,,,,,,,,,,,,,,,,,,,,,,kg,,,
spectre-knitted-zip,,,,,,,,,L,,,150 Next pieces - 59.99€,,,,,,1130.0,shopify,0,deny,manual,59.99,,true,true,,,,,"",,,,,,,,,,,,,,,,,,,,,,,,,,,,,,,,,,,,,,kg,,,
spectre-knitted-zip,,,,,,,,,L,,,200 Next pieces - 69.99€,,,,,,1130.0,shopify,0,deny,manual,69.99,,true,true,,,,,"",,,,,,,,,,,,,,,,,,,,,,,,,,,,,,,,,,,,,,kg,,,
spectre-knitted-zip,,,,,,,,,L,,,Remaining - 74.99€,,,,,,1130.0,shopify,2,deny,manual,74.99,,true,true,,,,,"",,,,,,,,,,,,,,,,,,,,,,,,,,,,,,,,,,,,,,kg,,,
spectre-knitted-zip,,,,,,,,,XL,,,50 First pieces - 39.99€,,,,,,1180.0,shopify,0,deny,manual,39.99,,true,true,,,,,,,,,,,,,,,,,,,,,,,,,,,,,,,,,,,,,,,,,,,kg,,,
spectre-knitted-zip,,,,,,,,,XL,,,100 Next pieces - 49.99€,,,,,,1180.0,shopify,0,deny,manual,49.99,,true,true,,,,,"",,,,,,,,,,,,,,,,,,,,,,,,,,,,,,,,,,,,,,kg,,,
spectre-knitted-zip,,,,,,,,,XL,,,150 Next pieces - 59.99€,,,,,,1180.0,shopify,0,deny,manual,59.99,,true,true,,,,,"",,,,,,,,,,,,,,,,,,,,,,,,,,,,,,,,,,,,,,kg,,,
spectre-knitted-zip,,,,,,,,,XL,,,200 Next pieces - 69.99€,,,,,,1180.0,shopify,0,deny,manual,69.99,,true,true,,,,,"",,,,,,,,,,,,,,,,,,,,,,,,,,,,,,,,,,,,,,kg,,,
spectre-knitted-zip,,,,,,,,,XL,,,Remaining - 74.99€,,,,,,1180.0,shopify,0,deny,manual,74.99,,true,true,,,,,"",,,,,,,,,,,,,,,,,,,,,,,,,,,,,,,,,,,,,,kg,,,
arkham-denim,ARKHAM DENIM,"<ul>
<li class=""p1"">
<span class=""s1"">Color :</span> Faded black</li>
<li class=""p1"">
<span class=""s1"">Material :</span> 100% cotton (non-stretch denim)</li>
<li class=""p2"">Woven denim fabric</li>
<li class=""p2"">Double leg panels that unfold and fasten open with rivets (checked lining inside)</li>
<li class=""p2"">Double pockets</li>
<li class=""p2"">Flared fit</li>
<li class=""p2"">Custom leather patch</li>
<li class=""p2"">Custom metal button</li>
<li class=""p2"">Every order comes with exclusive goodies &lt;3</li>
<li class=""p2"">Pre-order item — ships in 5 to 6 weeks</li>
</ul>",Noclout,Uncategorized,"","",false,Size,XS,,,,,,,,,1150.0,shopify,0,deny,manual,109.99,,true,true,,,,,"",https://cdn.shopify.com/s/files/1/0654/3828/6065/files/BLACKPRESSION-DARK2.jpg?v=1764414838,1,"",false,,,,,,,,,,,,,,,,,,,,,,,,,,,,,,,,,,kg,,,draft
arkham-denim,,,,,,,,,S,,,,,,,,,1200.0,shopify,0,deny,manual,109.99,,true,true,,,,,"",https://cdn.shopify.com/s/files/1/0654/3828/6065/files/BLACKPRESSION-DARK1.jpg?v=1764414838,2,"",,,,,,,,,,,,,,,,,,,,,,,,,,,,,,,,,,,kg,,,
arkham-denim,,,,,,,,,M,,,,,,,,,1250.0,shopify,0,deny,manual,109.99,,true,true,,,,,"",https://cdn.shopify.com/s/files/1/0654/3828/6065/files/BLACKPRESSION-DARK3.jpg?v=1764002392,3,"",,,,,,,,,,,,,,,,,,,,,,,,,,,,,,,,,,,kg,,,
arkham-denim,,,,,,,,,L,,,,,,,,,1300.0,shopify,0,deny,manual,109.99,,true,true,,,,,"",https://cdn.shopify.com/s/files/1/0654/3828/6065/files/BLACKPRESSION-DARK6_99279e38-2556-4dbc-af07-898662e95267.jpg?v=1764078201,4,"",,,,,,,,,,,,,,,,,,,,,,,,,,,,,,,,,,,kg,,,
arkham-denim,,,,,,,,,XL,,,,,,,,,1350.0,shopify,0,deny,manual,109.99,,true,true,,,,,"",https://cdn.shopify.com/s/files/1/0654/3828/6065/files/BLACKPRESSION-DARK7_34d5cead-caad-4f76-b1f3-32e73d0640f7.jpg?v=1764078200,5,"",,,,,,,,,,,,,,,,,,,,,,,,,,,,,,,,,,,kg,,,
gift-card,Gift Card,"<ul>
<li>A physical gift card shipped to you (or the address you want)</li>
<li>The card is white PVC (solid) with glossy details </li>
<li>Delivered in its black &amp; white sliding box</li>
<li>Includes a unique printed code to use on noclout.fr — amount of your choice.</li>
<li>A real object to offer, not a digital card.</li>
<li>No time limit on use </li>
<li>Every order comes with exclusive goodies &lt;3</li>
</ul>",Noclout,Gift Cards,"","",true,Amount to add on the card,25€,,,,,,,,,1.0,shopify,10,deny,manual,25.00,,true,true,,,,,"",https://cdn.shopify.com/s/files/1/0654/3828/6065/files/ezgif.com-webp-maker-3.webp?v=1762360115,1,"",false,,,53,,,,,,,,,,,,,,,,,,,,,,,,,,,,,,,kg,,,active
gift-card,,,,,,,,,50€,,,,,,,,,1.0,shopify,6,deny,manual,50.00,,true,true,,,,,"",https://cdn.shopify.com/s/files/1/0654/3828/6065/files/Plandetravail1copie.jpg?v=1762360105,2,"",,,,,,,,,,,,,,,,,,,,,,,,,,,,,,,,,,,kg,,,
gift-card,,,,,,,,,75€,,,,,,,,,1.0,shopify,15,deny,manual,75.00,,true,true,,,,,"",https://cdn.shopify.com/s/files/1/0654/3828/6065/files/Plandetravail1copie2.jpg?v=1762360106,3,"",,,,,,,,,,,,,,,,,,,,,,,,,,,,,,,,,,,kg,,,
gift-card,,,,,,,,,100€,,,,,,,,,1.0,shopify,14,deny,manual,100.00,,true,true,,,,,"",,,,,,,,,,,,,,,,,,,,,,,,,,,,,,,,,,,,,,kg,,,
gift-card,,,,,,,,,150€,,,,,,,,,1.0,shopify,15,deny,manual,150.00,,true,true,,,,,"",,,,,,,,,,,,,,,,,,,,,,,,,,,,,,,,,,,,,,kg,,,
gift-card,,,,,,,,,200€,,,,,,,,,1.0,shopify,9,deny,manual,200.00,,true,true,,,,,"",,,,,,,,,,,,,,,,,,,,,,,,,,,,,,,,,,,,,,kg,,,
gift-card,,,,,,,,,250€,,,,,,,,,1.0,shopify,10,deny,manual,250.00,,true,true,,,,,"",,,,,,,,,,,,,,,,,,,,,,,,,,,,,,,,,,,,,,kg,,,
gift-card,,,,,,,,,500€,,,,,,,,,1.0,shopify,10,deny,manual,500.00,,true,true,,,,,"",,,,,,,,,,,,,,,,,,,,,,,,,,,,,,,,,,,,,,kg,,,
raw-link-jort,Raw Blue Link Jorts,"<ul>
<li>
<p class=""p1"">Raw blue denim</p>
</li>
<li>
<p class=""p1"">100% cotton (non-stretch)</p>
</li>
<li>
<p class=""p1"">Woven denim fabric</p>
</li>
<li>
<p class=""p1"">3D embroidered white logo on back left pocket</p>
</li>
<li>
<p>Topstitching of the logo on the sides of legs</p>
</li>
<li>
<p class=""p1"">Custom jacron patch</p>
</li>
<li>
<p class=""p1"">Every order includes exclusive goodies &lt;3<br></p>
</li>
</ul>",Noclout,Uncategorized,"",DROPSOON,true,Size,XS,,,,,,,,JRT-XS-RBL,730.0,shopify,23,deny,manual,69.99,,true,true,,,,,JRT-XS-RBL,https://cdn.shopify.com/s/files/1/0654/3828/6065/files/JORT_FACE_VF2_33161eda-9208-40ff-a19a-943f36a2440b.jpg?v=1756229161,1,"",false,,,,,,,,,,,,,,,,,,,'2,,,,,,,,,,,,,,,kg,,,active
raw-link-jort,,,,,,,,,S,,,,,,,,JRT-S-RBL,760.0,shopify,26,deny,manual,69.99,,true,true,,,,,JRT-S-RBL,https://cdn.shopify.com/s/files/1/0654/3828/6065/files/JORT_DOS_VF2_46775f3b-e743-45da-ac1a-69ae59e75076.jpg?v=1756229161,2,"",,,,,,,,,,,,,,,,,,,,,,,,,,,,,,,,,,,kg,,,
raw-link-jort,,,,,,,,,M,,,,,,,,JRT-M-RBL,790.0,shopify,52,deny,manual,69.99,,true,true,,,,,JRT-M-RBL,https://cdn.shopify.com/s/files/1/0654/3828/6065/files/JORT_4.jpg?v=1756229161,3,"",,,,,,,,,,,,,,,,,,,,,,,,,,,,,,,,,,,kg,,,
raw-link-jort,,,,,,,,,L,,,,,,,,JRT-L-RBL,820.0,shopify,31,deny,manual,69.99,,true,true,,,,,JRT-L-RBL,https://cdn.shopify.com/s/files/1/0654/3828/6065/files/JORT_5.jpg?v=1756229161,4,"",,,,,,,,,,,,,,,,,,,,,,,,,,,,,,,,,,,kg,,,
raw-link-jort,,,,,,,,,XL,,,,,,,,JRT-XL-RBL,850.0,shopify,28,deny,manual,69.99,,true,true,,,,,JRT-XL-RBL,https://cdn.shopify.com/s/files/1/0654/3828/6065/files/JORT_6.jpg?v=1756229161,5,"",,,,,,,,,,,,,,,,,,,,,,,,,,,,,,,,,,,kg,,,
raw-link-jort,,,,,,,,,,,,,,,,,,,,,,,,,,,,,,,,https://cdn.shopify.com/s/files/1/0654/3828/6065/files/JORT_1.jpg?v=1756229161,6,"",,,,,,,,,,,,,,,,,,,,,,,,,,,,,,,,,,,,,,
raw-link-jort,,,,,,,,,,,,,,,,,,,,,,,,,,,,,,,,https://cdn.shopify.com/s/files/1/0654/3828/6065/files/JORT_2.jpg?v=1756229161,7,"",,,,,,,,,,,,,,,,,,,,,,,,,,,,,,,,,,,,,,
raw-link-jort,,,,,,,,,,,,,,,,,,,,,,,,,,,,,,,,https://cdn.shopify.com/s/files/1/0654/3828/6065/files/JORT_3.jpg?v=1756229161,8,"",,,,,,,,,,,,,,,,,,,,,,,,,,,,,,,,,,,,,,
rawrrr-tee,Rawrrr Tee,"<ul>
<li>
<p class=""p1"">Colors: white, green</p>
</li>
<li>
<p class=""p1"">305 gsm</p>
</li>
<li>
<p class=""p1"">100% cotton</p>
</li>
<li>
<p class=""p1"">Graphic tee - front design printed</p>
</li>
<li>
<p class=""p1"">Front logo embroidered</p>
</li>
<li>
<p class=""p1"">Every order includes exclusive goodies &lt;3</p>
</li>
</ul>",Noclout,Apparel & Accessories,"",test,true,Size,XS,,,,,,,,TEE-XS-CPPL,300.0,shopify,0,deny,manual,39.99,,true,true,,,,,,https://cdn.shopify.com/s/files/1/0654/3828/6065/files/TEE_GRAPHIC_MENTHE_FACE.jpg?v=1755012675,1,"",false,,,,,,,,,,,,,,,,,,,'1,,,,,,,,,,,,,,,kg,,19.00,active
rawrrr-tee,,,,,,,,,S,,,,,,,,TEE-S-CPPL,300.0,shopify,1,deny,manual,39.99,,true,true,,,,,,https://cdn.shopify.com/s/files/1/0654/3828/6065/files/TEE_GRAPHIC_MENTHE_DOS.jpg?v=1755012675,2,"",,,,,,,,,,,,,,,,,,,,,,,,,,,,,,,,,,,kg,,19.00,
rawrrr-tee,,,,,,,,,M,,,,,,,,TEE-M-CPPL,300.0,shopify,0,deny,manual,39.99,,true,true,,,,,,https://cdn.shopify.com/s/files/1/0654/3828/6065/files/TEEGRAPHICVERT4.jpg?v=1755012675,3,"",,,,,,,,,,,,,,,,,,,,,,,,,,,,,,,,,,,kg,,19.00,
rawrrr-tee,,,,,,,,,L,,,,,,,,TEE-L-CPPL,300.0,shopify,0,deny,manual,39.99,,true,true,,,,,,https://cdn.shopify.com/s/files/1/0654/3828/6065/files/TEEGRAPHICVERT5.jpg?v=1755012675,4,"",,,,,,,,,,,,,,,,,,,,,,,,,,,,,,,,,,,kg,,19.00,
rawrrr-tee,,,,,,,,,XL,,,,,,,,TEE-XL-CPPL,300.0,shopify,1,deny,manual,39.99,,true,true,,,,,,https://cdn.shopify.com/s/files/1/0654/3828/6065/files/TEEGRAPHICVERT6.jpg?v=1755012675,5,"",,,,,,,,,,,,,,,,,,,,,,,,,,,,,,,,,,,kg,,19.00,
rawrrr-tee,,,,,,,,,,,,,,,,,,,,,,,,,,,,,,,,https://cdn.shopify.com/s/files/1/0654/3828/6065/files/TEEGRAPHICVERT1.jpg?v=1755012675,6,"",,,,,,,,,,,,,,,,,,,,,,,,,,,,,,,,,,,,,,
rawrrr-tee,,,,,,,,,,,,,,,,,,,,,,,,,,,,,,,,https://cdn.shopify.com/s/files/1/0654/3828/6065/files/TEEGRAPHICVERT2.jpg?v=1755012675,7,"",,,,,,,,,,,,,,,,,,,,,,,,,,,,,,,,,,,,,,
rawrrr-tee,,,,,,,,,,,,,,,,,,,,,,,,,,,,,,,,https://cdn.shopify.com/s/files/1/0654/3828/6065/files/TEEGRAPHICVERT3.jpg?v=1755012675,8,"",,,,,,,,,,,,,,,,,,,,,,,,,,,,,,,,,,,,,,
bzzzzz-tee,Bzzzzz Tee,"<ul>
<li>
<p class=""p1"">Colors: white, blue</p>
</li>
<li>
<p class=""p1"">305 gsm</p>
</li>
<li>
<p class=""p1"">100% cotton</p>
</li>
<li>
<p class=""p1"">Graphic tee - front design printed</p>
</li>
<li>
<p class=""p1"">Front logo embroidered</p>
</li>
<li>
<p class=""p1"">Every order includes exclusive goodies &lt;3</p>
</li>
</ul>",Noclout,Apparel & Accessories,"",test,true,Size,XS,,,,,,,,TEE-XS-CPPL,300.0,shopify,0,deny,manual,39.99,,true,true,,,,,,https://cdn.shopify.com/s/files/1/0654/3828/6065/files/TEE_GRAPHIC_BLEU_FACE.jpg?v=1755012533,1,"",false,,,,,,,,,,,,,,,,,,,'1,,,,,,,,,,,,,,,kg,,19.00,active
bzzzzz-tee,,,,,,,,,S,,,,,,,,TEE-S-CPPL,300.0,shopify,0,deny,manual,39.99,,true,true,,,,,,https://cdn.shopify.com/s/files/1/0654/3828/6065/files/TEE_GRAPHIC_BLEU_DOS.jpg?v=1755012533,2,"",,,,,,,,,,,,,,,,,,,,,,,,,,,,,,,,,,,kg,,19.00,
bzzzzz-tee,,,,,,,,,M,,,,,,,,TEE-M-CPPL,300.0,shopify,0,deny,manual,39.99,,true,true,,,,,,https://cdn.shopify.com/s/files/1/0654/3828/6065/files/TEEGRAPHICBLEU4.jpg?v=1755012533,3,"",,,,,,,,,,,,,,,,,,,,,,,,,,,,,,,,,,,kg,,19.00,
bzzzzz-tee,,,,,,,,,L,,,,,,,,TEE-L-CPPL,300.0,shopify,0,deny,manual,39.99,,true,true,,,,,,https://cdn.shopify.com/s/files/1/0654/3828/6065/files/TEEGRAPHICBLEU5.jpg?v=1755012533,4,"",,,,,,,,,,,,,,,,,,,,,,,,,,,,,,,,,,,kg,,19.00,
bzzzzz-tee,,,,,,,,,XL,,,,,,,,TEE-XL-CPPL,300.0,shopify,0,deny,manual,39.99,,true,true,,,,,,https://cdn.shopify.com/s/files/1/0654/3828/6065/files/TEEGRAPHICBLEU6.jpg?v=1755012533,5,"",,,,,,,,,,,,,,,,,,,,,,,,,,,,,,,,,,,kg,,19.00,
bzzzzz-tee,,,,,,,,,,,,,,,,,,,,,,,,,,,,,,,,https://cdn.shopify.com/s/files/1/0654/3828/6065/files/TEEGRAPHICBLEU1.jpg?v=1755012533,6,"",,,,,,,,,,,,,,,,,,,,,,,,,,,,,,,,,,,,,,
bzzzzz-tee,,,,,,,,,,,,,,,,,,,,,,,,,,,,,,,,https://cdn.shopify.com/s/files/1/0654/3828/6065/files/TEEGRAPHICBLEU2.jpg?v=1755012533,7,"",,,,,,,,,,,,,,,,,,,,,,,,,,,,,,,,,,,,,,
bzzzzz-tee,,,,,,,,,,,,,,,,,,,,,,,,,,,,,,,,https://cdn.shopify.com/s/files/1/0654/3828/6065/files/TEEGRAPHICBLEU3.jpg?v=1755012533,8,"",,,,,,,,,,,,,,,,,,,,,,,,,,,,,,,,,,,,,,
flamingo-tee,Flamingo Tee,"<ul>
<li>
<p class=""p1"">Colors: pink</p>
</li>
<li>
<p class=""p1"">305 gsm</p>
</li>
<li>
<p class=""p1"">100% cotton</p>
</li>
<li>
<p class=""p1"">Back logo printed in classic screen print + puff print</p>
</li>
<li>
<p class=""p1"">Front logo embroidered</p>
</li>
<li>
<p class=""p1"">Every order includes exclusive goodies &lt;3</p>
</li>
</ul>",Noclout,Apparel & Accessories,"",test,true,Size,XS,,,,,,,,TEE-XS-FLGO,300.0,shopify,9,deny,manual,44.99,,true,true,,,,,TEE-XS-FLGO,https://cdn.shopify.com/s/files/1/0654/3828/6065/files/TEE_ROSE_DOS.2.jpg?v=1755075984,1,"",false,,,,,,,,,,,,,,,,"glacial-mint-tee
sky-tee",,,'1,,,,,,,,,,,,,,,kg,,19.00,active
flamingo-tee,,,,,,,,,S,,,,,,,,TEE-S-FLGO,300.0,shopify,24,deny,manual,44.99,,true,true,,,,,TEE-S-FLGO,https://cdn.shopify.com/s/files/1/0654/3828/6065/files/TEE_ROSE_FACE.2.jpg?v=1755075984,2,"",,,,,,,,,,,,,,,,,,,,,,,,,,,,,,,,,,,kg,,19.00,
flamingo-tee,,,,,,,,,M,,,,,,,,TEE-M-FLGO,300.0,shopify,0,deny,manual,44.99,,true,true,,,,,TEE-M-FLGO,https://cdn.shopify.com/s/files/1/0654/3828/6065/files/TEE_ROSE_4.jpg?v=1755075984,3,"",,,,,,,,,,,,,,,,,,,,,,,,,,,,,,,,,,,kg,,19.00,
flamingo-tee,,,,,,,,,L,,,,,,,,TEE-L-FLGO,300.0,shopify,27,deny,manual,44.99,,true,true,,,,,TEE-L-FLGO,https://cdn.shopify.com/s/files/1/0654/3828/6065/files/TEE_ROSE_5.jpg?v=1755075984,4,"",,,,,,,,,,,,,,,,,,,,,,,,,,,,,,,,,,,kg,,19.00,
flamingo-tee,,,,,,,,,XL,,,,,,,,TEE-XL-FLGO,300.0,shopify,4,deny,manual,44.99,,true,true,,,,,TEE-XL-FLGO,https://cdn.shopify.com/s/files/1/0654/3828/6065/files/TEE_ROSE_6.jpg?v=1755075984,5,"",,,,,,,,,,,,,,,,,,,,,,,,,,,,,,,,,,,kg,,19.00,
flamingo-tee,,,,,,,,,,,,,,,,,,,,,,,,,,,,,,,,https://cdn.shopify.com/s/files/1/0654/3828/6065/files/TEE_ROSE_1.jpg?v=1755075984,6,"",,,,,,,,,,,,,,,,,,,,,,,,,,,,,,,,,,,,,,
flamingo-tee,,,,,,,,,,,,,,,,,,,,,,,,,,,,,,,,https://cdn.shopify.com/s/files/1/0654/3828/6065/files/TEE_ROSE_2.jpg?v=1755075984,7,"",,,,,,,,,,,,,,,,,,,,,,,,,,,,,,,,,,,,,,
flamingo-tee,,,,,,,,,,,,,,,,,,,,,,,,,,,,,,,,https://cdn.shopify.com/s/files/1/0654/3828/6065/files/TEE_ROSE_3.jpg?v=1755075984,8,"",,,,,,,,,,,,,,,,,,,,,,,,,,,,,,,,,,,,,,
sky-tee,Sky Tee,"<ul>
<li>
<p class=""p1"">Colors: blue</p>
</li>
<li>
<p class=""p1"">305 gsm</p>
</li>
<li>
<p class=""p1"">100% cotton</p>
</li>
<li>
<p class=""p1"">Back logo printed in classic screen print + puff print</p>
</li>
<li>
<p class=""p1"">Front logo embroidered</p>
</li>
<li>
<p class=""p1"">Every order includes exclusive goodies &lt;3</p>
</li>
</ul>",Noclout,Apparel & Accessories,"",test,true,Size,XS,,,,,,,,TEE-XS-SKY,300.0,shopify,3,deny,manual,44.99,,true,true,,,,,TEE-XS-SKY,https://cdn.shopify.com/s/files/1/0654/3828/6065/files/TEE_BLEU_DOS_8bb8e00d-1e52-4340-80dd-c416895dd81c.jpg?v=1755012038,1,"",false,,,,,,,,,,,,,,,,,,,,,,,,,,,,,,,,,,kg,,19.00,active
sky-tee,,,,,,,,,S,,,,,,,,TEE-S-SKY,300.0,shopify,1,deny,manual,44.99,,true,true,,,,,TEE-S-SKY,https://cdn.shopify.com/s/files/1/0654/3828/6065/files/TEE_BLEU_FACE.jpg?v=1755012038,2,"",,,,,,,,,,,,,,,,,,,,,,,,,,,,,,,,,,,kg,,19.00,
sky-tee,,,,,,,,,M,,,,,,,,TEE-M-SKY,300.0,shopify,1,deny,manual,44.99,,true,true,,,,,TEE-M-SKY,https://cdn.shopify.com/s/files/1/0654/3828/6065/files/TEEBLEU4.jpg?v=1755012026,3,"",,,,,,,,,,,,,,,,,,,,,,,,,,,,,,,,,,,kg,,19.00,
sky-tee,,,,,,,,,L,,,,,,,,TEE-L-SKY,300.0,shopify,0,deny,manual,44.99,,true,true,,,,,TEE-L-SKY,https://cdn.shopify.com/s/files/1/0654/3828/6065/files/TEEBLEU5.jpg?v=1755012026,4,"",,,,,,,,,,,,,,,,,,,,,,,,,,,,,,,,,,,kg,,19.00,
sky-tee,,,,,,,,,XL,,,,,,,,TEE-XL-SKY,300.0,shopify,2,deny,manual,44.99,,true,true,,,,,TEE-XL-SKY,https://cdn.shopify.com/s/files/1/0654/3828/6065/files/TEEBLEU6.jpg?v=1755012026,5,"",,,,,,,,,,,,,,,,,,,,,,,,,,,,,,,,,,,kg,,19.00,
sky-tee,,,,,,,,,,,,,,,,,,,,,,,,,,,,,,,,https://cdn.shopify.com/s/files/1/0654/3828/6065/files/TEEBLEU1.jpg?v=1755012026,6,"",,,,,,,,,,,,,,,,,,,,,,,,,,,,,,,,,,,,,,
sky-tee,,,,,,,,,,,,,,,,,,,,,,,,,,,,,,,,https://cdn.shopify.com/s/files/1/0654/3828/6065/files/TEEBLEU2.jpg?v=1755012025,7,"",,,,,,,,,,,,,,,,,,,,,,,,,,,,,,,,,,,,,,
sky-tee,,,,,,,,,,,,,,,,,,,,,,,,,,,,,,,,https://cdn.shopify.com/s/files/1/0654/3828/6065/files/TEEBLEU3.jpg?v=1755012026,8,"",,,,,,,,,,,,,,,,,,,,,,,,,,,,,,,,,,,,,,
glacial-mint-tee,Glacial Mint Tee,"<ul>
<li>
<p class=""p1"">Colors: green (mint)</p>
</li>
<li>
<p class=""p1"">305 gsm</p>
</li>
<li>
<p class=""p1"">100% cotton</p>
</li>
<li>
<p class=""p1"">Back logo printed in classic screen print + puff print</p>
</li>
<li>
<p class=""p1"">Front logo embroidered</p>
</li>
<li>
<p class=""p1"">Every order includes exclusive goodies &lt;3</p>
</li>
</ul>",Noclout,Apparel & Accessories,"",test,true,Size,XS,,,,,,,,TEE-XS-GLMN,300.0,shopify,13,deny,manual,44.99,,true,true,,,,,TEE-XS-GLMN,https://cdn.shopify.com/s/files/1/0654/3828/6065/files/TEE_MENTHE_DOS.2.jpg?v=1755075707,1,"",false,,,,,,,,,,,,,,,,,,,,,,,,,,,,,,,,,,kg,,19.00,active
glacial-mint-tee,,,,,,,,,S,,,,,,,,TEE-S-GLMN,300.0,shopify,16,deny,manual,44.99,,true,true,,,,,TEE-S-GLMN,https://cdn.shopify.com/s/files/1/0654/3828/6065/files/TEE_MENTHE_FACE.2.jpg?v=1755075707,2,"",,,,,,,,,,,,,,,,,,,,,,,,,,,,,,,,,,,kg,,19.00,
glacial-mint-tee,,,,,,,,,M,,,,,,,,TEE-M-GLMN,300.0,shopify,0,deny,manual,44.99,,true,true,,,,,TEE-M-GLMN,https://cdn.shopify.com/s/files/1/0654/3828/6065/files/TEE_MENTHE_4.jpg?v=1755075707,3,"",,,,,,,,,,,,,,,,,,,,,,,,,,,,,,,,,,,kg,,19.00,
glacial-mint-tee,,,,,,,,,L,,,,,,,,TEE-L-GLMN,300.0,shopify,0,deny,manual,44.99,,true,true,,,,,TEE-L-GLMN,https://cdn.shopify.com/s/files/1/0654/3828/6065/files/TEE_MENTHE_5.jpg?v=1755075707,4,"",,,,,,,,,,,,,,,,,,,,,,,,,,,,,,,,,,,kg,,19.00,
glacial-mint-tee,,,,,,,,,XL,,,,,,,,TEE-XL-GLMN,300.0,shopify,1,deny,manual,44.99,,true,true,,,,,TEE-XL-GLMN,https://cdn.shopify.com/s/files/1/0654/3828/6065/files/TEE_MENTHE_6.jpg?v=1755075707,5,"",,,,,,,,,,,,,,,,,,,,,,,,,,,,,,,,,,,kg,,19.00,
glacial-mint-tee,,,,,,,,,,,,,,,,,,,,,,,,,,,,,,,,https://cdn.shopify.com/s/files/1/0654/3828/6065/files/TEE_MENTHE_1.jpg?v=1755075707,6,"",,,,,,,,,,,,,,,,,,,,,,,,,,,,,,,,,,,,,,
glacial-mint-tee,,,,,,,,,,,,,,,,,,,,,,,,,,,,,,,,https://cdn.shopify.com/s/files/1/0654/3828/6065/files/TEE_MENTHE_2.jpg?v=1755075707,7,"",,,,,,,,,,,,,,,,,,,,,,,,,,,,,,,,,,,,,,
glacial-mint-tee,,,,,,,,,,,,,,,,,,,,,,,,,,,,,,,,https://cdn.shopify.com/s/files/1/0654/3828/6065/files/TEE_MENTHE_3.jpg?v=1755075707,8,"",,,,,,,,,,,,,,,,,,,,,,,,,,,,,,,,,,,,,,
citrus-waffle,Citrus Waffle,"<ul>
<li>
<p class=""p1"">Colors : yellow</p>
</li>
<li>
<p class=""p1"">300 GSM</p>
</li>
<li>
<p class=""p1"">65% cotton - 35% polyester<br></p>
</li>
<li>
<p class=""p1"">Waffle render</p>
</li>
<li>
<p><meta charset=""utf-8"">Front logo embroidered</p>
</li>
</ul>
<ul>
<li>
<p>Back logo embroidered on the neck</p>
</li>
</ul>
<ul>
<li>
<p class=""p1"">Every order includes exclusive goodies &lt;3<meta charset=""utf-8""><br></p>
</li>
</ul>",Noclout,Apparel & Accessories > Clothing > Clothing Tops,"","",true,Taille,xs,product.metafields.shopify.size,,,,,,,WFL-XS-CTRS,540.0,shopify,9,deny,manual,49.99,,true,true,,,,,WFL-XS-CTRS,https://cdn.shopify.com/s/files/1/0654/3828/6065/files/TEE_LONG_JAUNE_FACE2_2871b423-3705-42d8-b802-056f73a2621e.jpg?v=1755076480,1,"",false,,,212,,adult,,,,,,,,,lilas-waffle; citrus-waffle; flamingo-waffle; pure-white-waffle; sky-waffle; noir-waffle-1,citrus-waffle; lilas-waffle; pure-white-waffle; sky-waffle; flamingo-waffle,,,,'1,adultes,,yellow,cotton; polyester,round,xs; s; m; l; xl; xxl,long,unisexe,medium,,lilas-waffle,,,,kg,,,active
citrus-waffle,,,,,,,,,s,,,,,,,,WFL-S-CTRS,580.0,shopify,0,deny,manual,49.99,,true,true,,,,,WFL-S-CTRS,https://cdn.shopify.com/s/files/1/0654/3828/6065/files/TEE_LONG_JAUNE_DOS2_b68804e0-1dd1-4b6b-bb30-1a5483402bd6.jpg?v=1755076480,2,"",,,,,,,,,,,,,,,,,,,,,,,,,,,,,,,,,,,kg,,,
citrus-waffle,,,,,,,,,m,,,,,,,,WFL-M-CTRS,620.0,shopify,1,deny,manual,49.99,,true,true,,,,,WFL-M-CTRS,https://cdn.shopify.com/s/files/1/0654/3828/6065/files/TEELONGJAUNE4.jpg?v=1755076480,3,"",,,,,,,,,,,,,,,,,,,,,,,,,,,,,,,,,,,kg,,,
citrus-waffle,,,,,,,,,l,,,,,,,,WFL-L-CTRS,660.0,shopify,2,deny,manual,49.99,,true,true,,,,,WFL-L-CTRS,https://cdn.shopify.com/s/files/1/0654/3828/6065/files/TEELONGJAUNE5.jpg?v=1755076480,4,"",,,,,,,,,,,,,,,,,,,,,,,,,,,,,,,,,,,kg,,,
citrus-waffle,,,,,,,,,xl,,,,,,,,WFL-XL-CTRS,700.0,shopify,11,deny,manual,49.99,,true,true,,,,,WFL-XL-CTRS,https://cdn.shopify.com/s/files/1/0654/3828/6065/files/TEELONGJAUNE6.jpg?v=1755076480,5,"",,,,,,,,,,,,,,,,,,,,,,,,,,,,,,,,,,,kg,,,
citrus-waffle,,,,,,,,,xxl,,,,,,,,WFL-XXL-CTRS,740.0,shopify,8,deny,manual,49.99,,true,true,,,,,WFL-XXL-CTRS,https://cdn.shopify.com/s/files/1/0654/3828/6065/files/TEELONGJAUNE1.jpg?v=1755076480,6,"",,,,,,,,,,,,,,,,,,,,,,,,,,,,,,,,,,,kg,,,
citrus-waffle,,,,,,,,,,,,,,,,,,,,,,,,,,,,,,,,https://cdn.shopify.com/s/files/1/0654/3828/6065/files/TEELONGJAUNE2.jpg?v=1755076480,7,"",,,,,,,,,,,,,,,,,,,,,,,,,,,,,,,,,,,,,,
citrus-waffle,,,,,,,,,,,,,,,,,,,,,,,,,,,,,,,,https://cdn.shopify.com/s/files/1/0654/3828/6065/files/TEELONGJAUNE3.jpg?v=1755076480,8,"",,,,,,,,,,,,,,,,,,,,,,,,,,,,,,,,,,,,,,
lilas-waffle,Lilas Waffle,"<ul>
<li>
<p class=""p1"">Colors : purple (lilas)</p>
</li>
<li>
<p class=""p1"">300 GSM</p>
</li>
<li>
<p class=""p1"">65% cotton - 35% polyester<br></p>
</li>
<li>
<p class=""p1"">Waffle render</p>
</li>
<li>
<p><meta charset=""utf-8"">Front logo embroidered</p>
</li>
</ul>
<ul>
<li>
<p>Back logo embroidered on the neck</p>
</li>
</ul>
<ul>
<li>
<p class=""p1"">Every order includes exclusive goodies &lt;3<meta charset=""utf-8""><br></p>
</li>
</ul>",Noclout,Apparel & Accessories > Clothing > Clothing Tops > Sweatshirts,"","",true,Taille,xs,product.metafields.shopify.size,,,,,,,WFL-XS-LILA,540.0,shopify,11,deny,manual,49.99,,true,true,,,,,WFL-XS-LILA,https://cdn.shopify.com/s/files/1/0654/3828/6065/files/TEE_LONG_VIOLET_FACE2.jpg?v=1755076601,1,"",false,,,212,,,,,,,,,,,citrus-waffle; lilas-waffle; flamingo-waffle; pure-white-waffle; sky-waffle; noir-waffle-1,,,,,,adultes; kids,,violet; yellow,cotton; polyester,round-1,xs; s; m; l; xl; xxl,,unisexe,medium,,,,,,kg,,,active
lilas-waffle,,,,,,,,,s,,,,,,,,WFL-S-LILA,580.0,shopify,0,deny,manual,49.99,,true,true,,,,,WFL-S-LILA,https://cdn.shopify.com/s/files/1/0654/3828/6065/files/TEE_LONG_VIOLET_DOS2.jpg?v=1755076601,2,"",,,,,,,,,,,,,,,,,,,,,,,,,,,,,,,,,,,kg,,,
lilas-waffle,,,,,,,,,m,,,,,,,,WFL-M-LILA,620.0,shopify,0,deny,manual,49.99,,true,true,,,,,WFL-M-LILA,https://cdn.shopify.com/s/files/1/0654/3828/6065/files/TEE_LONG_VIOLET_4.jpg?v=1755076601,3,"",,,,,,,,,,,,,,,,,,,,,,,,,,,,,,,,,,,kg,,,
lilas-waffle,,,,,,,,,l,,,,,,,,WFL-L-LILA,660.0,shopify,0,deny,manual,49.99,,true,true,,,,,WFL-L-LILA,https://cdn.shopify.com/s/files/1/0654/3828/6065/files/TEE_LONG_VIOLET_5.jpg?v=1755076601,4,"",,,,,,,,,,,,,,,,,,,,,,,,,,,,,,,,,,,kg,,,
lilas-waffle,,,,,,,,,xl,,,,,,,,WFL-XL-LILA,700.0,shopify,7,deny,manual,49.99,,true,true,,,,,WFL-XL-LILA,https://cdn.shopify.com/s/files/1/0654/3828/6065/files/TEE_LONG_VIOLET_6.jpg?v=1755076601,5,"",,,,,,,,,,,,,,,,,,,,,,,,,,,,,,,,,,,kg,,,
lilas-waffle,,,,,,,,,xxl,,,,,,,,WFL-XXL-LILA,740.0,shopify,8,deny,manual,49.99,,true,true,,,,,WFL-XXL-LILA,https://cdn.shopify.com/s/files/1/0654/3828/6065/files/TEE_LONG_VIOLET_1.jpg?v=1755076601,6,"",,,,,,,,,,,,,,,,,,,,,,,,,,,,,,,,,,,kg,,,
lilas-waffle,,,,,,,,,,,,,,,,,,,,,,,,,,,,,,,,https://cdn.shopify.com/s/files/1/0654/3828/6065/files/TEE_LONG_VIOLET_2.jpg?v=1755076601,7,"",,,,,,,,,,,,,,,,,,,,,,,,,,,,,,,,,,,,,,
lilas-waffle,,,,,,,,,,,,,,,,,,,,,,,,,,,,,,,,https://cdn.shopify.com/s/files/1/0654/3828/6065/files/TEE_LONG_VIOLET_3.jpg?v=1755076601,8,"",,,,,,,,,,,,,,,,,,,,,,,,,,,,,,,,,,,,,,
sky-waffle,Sky Waffle,"<ul>
<li>
<p class=""p1"">Colors : blue</p>
</li>
<li>
<p class=""p1"">300 GSM</p>
</li>
<li>
<p class=""p1"">65% cotton - 35% polyester<br></p>
</li>
<li>
<p class=""p1"">Waffle render</p>
</li>
<li>
<p><meta charset=""utf-8"">Front logo embroidered</p>
</li>
</ul>
<ul>
<li>
<p>Back logo embroidered on the neck</p>
</li>
</ul>
<ul>
<li>
<p class=""p1"">Every order includes exclusive goodies &lt;3<meta charset=""utf-8""><br></p>
</li>
</ul>",Noclout,Apparel & Accessories > Clothing > Clothing Tops > T-Shirts,"","",true,Taille,xs,product.metafields.shopify.size,,,,,,,WFL-XS-SKY,540.0,shopify,6,deny,manual,49.99,,true,true,,,,,WFL-XS-SKY,https://cdn.shopify.com/s/files/1/0654/3828/6065/files/TEE_LONG_BLEU_FACE.jpg?v=1755011107,1,"",false,,,212,,,,,,,,,,,citrus-waffle; flamingo-waffle; lilas-waffle; pure-white-waffle; sky-waffle; noir-waffle-1,,,,,'2,,,,,,xs; s; m; l; xl; xxl,,,,,,,,,kg,,,active
sky-waffle,,,,,,,,,s,,,,,,,,WFL-S-SKY,580.0,shopify,0,deny,manual,49.99,,true,true,,,,,WFL-S-SKY,https://cdn.shopify.com/s/files/1/0654/3828/6065/files/TEE_LONG_BLEU_DOS.jpg?v=1755011107,2,"",,,,,,,,,,,,,,,,,,,,,,,,,,,,,,,,,,,kg,,,
sky-waffle,,,,,,,,,m,,,,,,,,WFL-M-SKY,620.0,shopify,0,deny,manual,49.99,,true,true,,,,,WFL-M-SKY,https://cdn.shopify.com/s/files/1/0654/3828/6065/files/TEELONGBLEU4.jpg?v=1755011107,3,"",,,,,,,,,,,,,,,,,,,,,,,,,,,,,,,,,,,kg,,,
sky-waffle,,,,,,,,,l,,,,,,,,WFL-L-SKY,660.0,shopify,0,deny,manual,49.99,,true,true,,,,,WFL-L-SKY,https://cdn.shopify.com/s/files/1/0654/3828/6065/files/TEELONGBLEU5.jpg?v=1755011107,4,"",,,,,,,,,,,,,,,,,,,,,,,,,,,,,,,,,,,kg,,,
sky-waffle,,,,,,,,,xl,,,,,,,,WFL-XL-SKY,700.0,shopify,10,deny,manual,49.99,,true,true,,,,,WFL-XL-SKY,https://cdn.shopify.com/s/files/1/0654/3828/6065/files/TEELONGBLEU6.jpg?v=1755011107,5,"",,,,,,,,,,,,,,,,,,,,,,,,,,,,,,,,,,,kg,,,
sky-waffle,,,,,,,,,xxl,,,,,,,,WFL-XXL-SKY,740.0,shopify,10,deny,manual,49.99,,true,true,,,,,WFL-XXL-SKY,https://cdn.shopify.com/s/files/1/0654/3828/6065/files/TEELONGBLEU1.jpg?v=1755011107,6,"",,,,,,,,,,,,,,,,,,,,,,,,,,,,,,,,,,,kg,,,
sky-waffle,,,,,,,,,,,,,,,,,,,,,,,,,,,,,,,,https://cdn.shopify.com/s/files/1/0654/3828/6065/files/TEELONGBLEU2.jpg?v=1755011107,7,"",,,,,,,,,,,,,,,,,,,,,,,,,,,,,,,,,,,,,,
sky-waffle,,,,,,,,,,,,,,,,,,,,,,,,,,,,,,,,https://cdn.shopify.com/s/files/1/0654/3828/6065/files/TEELONGBLEU3.jpg?v=1755011107,8,"",,,,,,,,,,,,,,,,,,,,,,,,,,,,,,,,,,,,,,
flamingo-waffle,Flamingo Waffle,"<ul>
<li>
<p class=""p1"">Colors : pink</p>
</li>
<li>
<p class=""p1"">300 GSM</p>
</li>
<li>
<p class=""p1"">65% cotton - 35% polyester<br></p>
</li>
<li>
<p class=""p1"">Waffle render</p>
</li>
<li>
<p><meta charset=""utf-8"">Front logo embroidered</p>
</li>
</ul>
<ul>
<li>
<p>Back logo embroidered on the neck</p>
</li>
</ul>
<ul>
<li>
<p class=""p1"">Every order includes exclusive goodies &lt;3<meta charset=""utf-8""><br></p>
</li>
</ul>",Noclout,Apparel & Accessories > Clothing > Clothing Tops > T-Shirts,"","",true,Taille,xs,product.metafields.shopify.size,,,,,,,WFL-XS-FLGO,540.0,shopify,13,deny,manual,49.99,,true,true,,,,,WFL-XS-FLGO,https://cdn.shopify.com/s/files/1/0654/3828/6065/files/IMG-8909.jpg?v=1771412447,1,"",false,,,212,,,,,,,,,,,citrus-waffle; flamingo-waffle; lilas-waffle; noir-waffle-1; pure-white-waffle; sky-waffle,,,,,'2,,,,,,xs; s; m; l; xl; xxl,,,,,,,,,kg,,,active
flamingo-waffle,,,,,,,,,s,,,,,,,,WFL-S-FLGO,580.0,shopify,1,deny,manual,49.99,,true,true,,,,,WFL-S-FLGO,https://cdn.shopify.com/s/files/1/0654/3828/6065/files/TEELONGROSEFACE.jpg?v=1771412447,2,"",,,,,,,,,,,,,,,,,,,,,,,,,,,,,,,,,,,kg,,,
flamingo-waffle,,,,,,,,,m,,,,,,,,WFL-M-FLGO,620.0,shopify,0,deny,manual,49.99,,true,true,,,,,WFL-M-FLGO,https://cdn.shopify.com/s/files/1/0654/3828/6065/files/TEELONGROSEDOS.jpg?v=1771412447,3,"",,,,,,,,,,,,,,,,,,,,,,,,,,,,,,,,,,,kg,,,
flamingo-waffle,,,,,,,,,l,,,,,,,,WFL-L-FLGO,660.0,shopify,4,deny,manual,49.99,,true,true,,,,,WFL-L-FLGO,https://cdn.shopify.com/s/files/1/0654/3828/6065/files/IMG-8908.jpg?v=1755581639,4,"",,,,,,,,,,,,,,,,,,,,,,,,,,,,,,,,,,,kg,,,
flamingo-waffle,,,,,,,,,xl,,,,,,,,WFL-XL-FLGO,700.0,shopify,14,deny,manual,49.99,,true,true,,,,,WFL-XL-FLGO,https://cdn.shopify.com/s/files/1/0654/3828/6065/files/IMG-8907.jpg?v=1755581640,5,"",,,,,,,,,,,,,,,,,,,,,,,,,,,,,,,,,,,kg,,,
flamingo-waffle,,,,,,,,,xxl,,,,,,,,WFL-XXL-FLGO,740.0,shopify,0,deny,manual,49.99,,true,true,,,,,WFL-XXL-FLGO,https://cdn.shopify.com/s/files/1/0654/3828/6065/files/IMG-8912.jpg?v=1755581640,6,"",,,,,,,,,,,,,,,,,,,,,,,,,,,,,,,,,,,kg,,,
flamingo-waffle,,,,,,,,,,,,,,,,,,,,,,,,,,,,,,,,https://cdn.shopify.com/s/files/1/0654/3828/6065/files/IMG-8911.jpg?v=1755581640,7,"",,,,,,,,,,,,,,,,,,,,,,,,,,,,,,,,,,,,,,
flamingo-waffle,,,,,,,,,,,,,,,,,,,,,,,,,,,,,,,,https://cdn.shopify.com/s/files/1/0654/3828/6065/files/IMG-8910.jpg?v=1755581640,8,"",,,,,,,,,,,,,,,,,,,,,,,,,,,,,,,,,,,,,,
pure-white-waffle,Pure White Waffle,"<ul>
<li>
<p class=""p1"">Colors : white</p>
</li>
<li>
<p class=""p1"">300 GSM</p>
</li>
<li>
<p class=""p1"">65% cotton - 35% polyester<br></p>
</li>
<li>
<p class=""p1"">Waffle render</p>
</li>
<li>
<p><meta charset=""utf-8"">Front logo embroidered</p>
</li>
</ul>
<ul>
<li>
<p>Back logo embroidered on the neck</p>
</li>
</ul>
<ul>
<li>
<p class=""p1"">Every order includes exclusive goodies &lt;3<meta charset=""utf-8""><br></p>
</li>
</ul>",Noclout,Apparel & Accessories > Clothing > Clothing Tops > T-Shirts,"","",true,Taille,xs,product.metafields.shopify.size,,,,,,,WFL-XS-PRWT,540.0,shopify,5,deny,manual,49.99,,true,true,,,,,WFL-XS-PRWT,https://cdn.shopify.com/s/files/1/0654/3828/6065/files/TEE_LONG_BLANC_FACE_53f37f3e-de23-44c1-8fe4-a59ff3529932.jpg?v=1757001579,1,"",false,,,212,,,,,,,,,,,citrus-waffle; flamingo-waffle; lilas-waffle; pure-white-waffle; sky-waffle; noir-waffle-1,,,,,'2,,,,,,xs; s; m; l; xl; xxl,,,,,,,,,kg,,,active
pure-white-waffle,,,,,,,,,s,,,,,,,,WFL-S-PRWT,580.0,shopify,0,deny,manual,49.99,,true,true,,,,,WFL-S-PRWT,https://cdn.shopify.com/s/files/1/0654/3828/6065/files/TEE_LONG_BLANC_DOS_6adad0c9-3704-4733-b25d-5ade184bffcb.jpg?v=1757001579,2,"",,,,,,,,,,,,,,,,,,,,,,,,,,,,,,,,,,,kg,,,
pure-white-waffle,,,,,,,,,m,,,,,,,,WFL-M-PRWT,620.0,shopify,1,deny,manual,49.99,,true,true,,,,,WFL-M-PRWT,https://cdn.shopify.com/s/files/1/0654/3828/6065/files/TEELONGBLANC4.jpg?v=1757001579,3,"",,,,,,,,,,,,,,,,,,,,,,,,,,,,,,,,,,,kg,,,
pure-white-waffle,,,,,,,,,l,,,,,,,,WFL-L-PRWT,660.0,shopify,0,deny,manual,49.99,,true,true,,,,,WFL-L-PRWT,https://cdn.shopify.com/s/files/1/0654/3828/6065/files/TEELONGBLANC5.jpg?v=1757001579,4,"",,,,,,,,,,,,,,,,,,,,,,,,,,,,,,,,,,,kg,,,
pure-white-waffle,,,,,,,,,xl,,,,,,,,WFL-XL-PRWT,700.0,shopify,15,deny,manual,49.99,,true,true,,,,,WFL-XL-PRWT,https://cdn.shopify.com/s/files/1/0654/3828/6065/files/TEELONGBLANC6.jpg?v=1757001579,5,"",,,,,,,,,,,,,,,,,,,,,,,,,,,,,,,,,,,kg,,,
pure-white-waffle,,,,,,,,,xxl,,,,,,,,WFL-XXL-PRWT,740.0,shopify,4,deny,manual,49.99,,true,true,,,,,WFL-XXL-PRWT,https://cdn.shopify.com/s/files/1/0654/3828/6065/files/TEELONGBLANC1.jpg?v=1757001579,6,"",,,,,,,,,,,,,,,,,,,,,,,,,,,,,,,,,,,kg,,,
pure-white-waffle,,,,,,,,,,,,,,,,,,,,,,,,,,,,,,,,https://cdn.shopify.com/s/files/1/0654/3828/6065/files/TEELONGBLANC2.jpg?v=1757001579,7,"",,,,,,,,,,,,,,,,,,,,,,,,,,,,,,,,,,,,,,
pure-white-waffle,,,,,,,,,,,,,,,,,,,,,,,,,,,,,,,,https://cdn.shopify.com/s/files/1/0654/3828/6065/files/TEELONGBLANC3.jpg?v=1757001579,8,"",,,,,,,,,,,,,,,,,,,,,,,,,,,,,,,,,,,,,,
pure-white-tee,Pure White Tee,"<ul>
<li>
<p class=""p1"">Colors: white</p>
</li>
<li>
<p class=""p1"">305 gsm</p>
</li>
<li>
<p class=""p1"">100% cotton</p>
</li>
<li>
<p class=""p1"">Back logo printed in classic screen print + puff print</p>
</li>
<li>
<p class=""p1"">Front logo embroidered</p>
</li>
<li>
<p class=""p1"">Every order includes exclusive goodies &lt;3</p>
</li>
</ul>",Noclout,Apparel & Accessories,"",test,true,Size,XS,,,,,,,,TEE-XS-WHTE,300.0,shopify,10,deny,manual,44.99,,true,true,,,,,TEE-XS-WHTE,https://cdn.shopify.com/s/files/1/0654/3828/6065/files/TEE_BLANC_DOS.jpg?v=1757001539,1,"",false,,,,,,,,,,,,,,,,,,,'2,,,,,,,,,,,,,,,kg,,19.00,active
pure-white-tee,,,,,,,,,S,,,,,,,,TEE-S-WHTE,300.0,shopify,18,deny,manual,44.99,,true,true,,,,,TEE-S-WHTE,https://cdn.shopify.com/s/files/1/0654/3828/6065/files/TEE_BLANC_FACE.jpg?v=1757001539,2,"",,,,,,,,,,,,,,,,,,,,,,,,,,,,,,,,,,,kg,,19.00,
pure-white-tee,,,,,,,,,M,,,,,,,,TEE-M-WHTE,300.0,shopify,0,deny,manual,44.99,,true,true,,,,,TEE-M-WHTE,https://cdn.shopify.com/s/files/1/0654/3828/6065/files/TEE_BLANC_4.jpg?v=1757001539,3,"",,,,,,,,,,,,,,,,,,,,,,,,,,,,,,,,,,,kg,,19.00,
pure-white-tee,,,,,,,,,L,,,,,,,,TEE-L-WHTE,300.0,shopify,30,deny,manual,44.99,,true,true,,,,,TEE-L-WHTE,https://cdn.shopify.com/s/files/1/0654/3828/6065/files/TEE_BLANC_5.jpg?v=1757001539,4,"",,,,,,,,,,,,,,,,,,,,,,,,,,,,,,,,,,,kg,,19.00,
pure-white-tee,,,,,,,,,XL,,,,,,,,TEE-XL-WHTE,300.0,shopify,0,deny,manual,44.99,,true,true,,,,,TEE-XL-WHTE,https://cdn.shopify.com/s/files/1/0654/3828/6065/files/TEE_BLANC_6.jpg?v=1757001539,5,"",,,,,,,,,,,,,,,,,,,,,,,,,,,,,,,,,,,kg,,19.00,
pure-white-tee,,,,,,,,,,,,,,,,,,,,,,,,,,,,,,,,https://cdn.shopify.com/s/files/1/0654/3828/6065/files/TEE_BLANC_1.jpg?v=1757001539,6,"",,,,,,,,,,,,,,,,,,,,,,,,,,,,,,,,,,,,,,
pure-white-tee,,,,,,,,,,,,,,,,,,,,,,,,,,,,,,,,https://cdn.shopify.com/s/files/1/0654/3828/6065/files/TEE_BLANC_2.jpg?v=1757001539,7,"",,,,,,,,,,,,,,,,,,,,,,,,,,,,,,,,,,,,,,
pure-white-tee,,,,,,,,,,,,,,,,,,,,,,,,,,,,,,,,https://cdn.shopify.com/s/files/1/0654/3828/6065/files/TEE_BLANC_3.jpg?v=1757001539,8,"",,,,,,,,,,,,,,,,,,,,,,,,,,,,,,,,,,,,,,
surprise-pc,Key Chain,<p>• Color: silver<br>• Polished metal finish<br>• Custom Noclout logo cut-out<br>• Reinforced chain + key ring<br>• Glossy mirror effect</p>,Noclout,Uncategorized,"","",true,Title,Default Title,,,,,,,,ACS-KY-CHAIN,10.0,shopify,156,deny,manual,11.99,,true,true,,,,,ACS-KY-CHAIN,https://cdn.shopify.com/s/files/1/0654/3828/6065/files/Key_Chain.jpg?v=1771248832,1,"",false,,,,,,,,,,,,,,,,,,,'5,,,,,,,,,,"","",only manual,,,kg,,,active
lavender-swimming-short-v2,Lavender Swim Short V2,"<ul>
<li>
<p class=""p1"">Colors: purple, pink in sunlight</p>
</li>
<li>
<p class=""p1"">100% polyester</p>
</li>
<li>
<p class=""p1"">Front logo embroidered<br></p>
</li>
<li>
<p class=""p1"">Color-changing in water, shade, and sunlight</p>
</li>
<li>
<p class=""p1"">Every order includes exclusive goodies &lt;3</p>
</li>
</ul>",Noclout,Apparel & Accessories > Clothing > Swimwear > Boardshorts,"","",true,Size,xs,product.metafields.shopify.size,,,,,,,SWS-XS-LVDR,280.0,shopify,9,deny,manual,34.99,,true,true,,,,,SWS-XS-LVDR,https://cdn.shopify.com/s/files/1/0654/3828/6065/files/2_9974f810-f576-48eb-ac8d-ac0bc59fbb4f.jpg?v=1752148845,1,"",false,,,,,adult,,,,,,,,,,,,,,'2,adultes,,violet; bleu,polyester,,xs; s; m; l; xl,,unisexe,,,,,,,kg,,,active
lavender-swimming-short-v2,,,,,,,,,s,,,,,,,,SWS-S-LVDR,290.0,shopify,0,deny,manual,34.99,,true,true,,,,,SWS-S-LVDR,https://cdn.shopify.com/s/files/1/0654/3828/6065/files/ezgif.com-animated-gif-maker_11.gif?v=1752148845,2,"",,,,,,,,,,,,,,,,,,,,,,,,,,,,,,,,,,,kg,,,
lavender-swimming-short-v2,,,,,,,,,m,,,,,,,,SWS-M-LVDR,300.0,shopify,5,deny,manual,34.99,,true,true,,,,,SWS-M-LVDR,https://cdn.shopify.com/s/files/1/0654/3828/6065/files/3880.jpg?v=1752148845,3,"",,,,,,,,,,,,,,,,,,,,,,,,,,,,,,,,,,,kg,,,
lavender-swimming-short-v2,,,,,,,,,l,,,,,,,,SWS-L-LVDR,310.0,shopify,0,deny,manual,34.99,,true,true,,,,,SWS-L-LVDR,https://cdn.shopify.com/s/files/1/0654/3828/6065/files/3904.jpg?v=1752148845,4,"",,,,,,,,,,,,,,,,,,,,,,,,,,,,,,,,,,,kg,,,
lavender-swimming-short-v2,,,,,,,,,xl,,,,,,,,SWS-XL-LVDR,320.0,shopify,0,deny,manual,34.99,,true,true,,,,,SWS-XL-LVDR,https://cdn.shopify.com/s/files/1/0654/3828/6065/files/3894.jpg?v=1752148845,5,"",,,,,,,,,,,,,,,,,,,,,,,,,,,,,,,,,,,kg,,,
brazil-swimming-short-v2,Brazil Swim Short V2,"<ul>
<li>
<p class=""p1"">Colors: green, yellow in sunlight</p>
</li>
<li>
<p class=""p1"">100% polyester</p>
</li>
<li>
<p class=""p1"">Front logo embroidered<br></p>
</li>
<li>
<p class=""p1"">Color-changing in water, shade, and sunlight</p>
</li>
<li>
<p class=""p1"">Every order includes exclusive goodies &lt;3</p>
</li>
</ul>",Noclout,Apparel & Accessories > Clothing > Swimwear > Boardshorts,"","",true,Size,xs,product.metafields.shopify.size,,,,,,,SWS-XS-BRZL,280.0,shopify,2,deny,manual,34.99,,true,true,,,,,SWS-XS-BRZL,https://cdn.shopify.com/s/files/1/0654/3828/6065/files/4-IA_b5454f47-d5f9-4bd0-a551-79cc876d2eac.jpg?v=1752148754,1,"",false,,,,,adult,,,,,,,,,,,,,,,adultes,,violet; bleu,polyester,,xs; s; m; l; xl,,unisexe,,,,,,,kg,,,active
brazil-swimming-short-v2,,,,,,,,,s,,,,,,,,SWS-S-BRZL,290.0,shopify,0,deny,manual,34.99,,true,true,,,,,SWS-S-BRZL,https://cdn.shopify.com/s/files/1/0654/3828/6065/files/ezgif.com-animated-gif-maker_9.gif?v=1752148754,2,"",,,,,,,,,,,,,,,,,,,,,,,,,,,,,,,,,,,kg,,,
brazil-swimming-short-v2,,,,,,,,,m,,,,,,,,SWS-M-BRZL,300.0,shopify,0,deny,manual,34.99,,true,true,,,,,SWS-M-BRZL,https://cdn.shopify.com/s/files/1/0654/3828/6065/files/3848.jpg?v=1752148754,3,"",,,,,,,,,,,,,,,,,,,,,,,,,,,,,,,,,,,kg,,,
brazil-swimming-short-v2,,,,,,,,,l,,,,,,,,SWS-L-BRZL,310.0,shopify,0,deny,manual,34.99,,true,true,,,,,SWS-L-BRZL,https://cdn.shopify.com/s/files/1/0654/3828/6065/files/3855.jpg?v=1752148754,4,"",,,,,,,,,,,,,,,,,,,,,,,,,,,,,,,,,,,kg,,,
brazil-swimming-short-v2,,,,,,,,,xl,,,,,,,,SWS-XL-BRZL,320.0,shopify,0,deny,manual,34.99,,true,true,,,,,SWS-XL-BRZL,https://cdn.shopify.com/s/files/1/0654/3828/6065/files/3860.jpg?v=1752148754,5,"",,,,,,,,,,,,,,,,,,,,,,,,,,,,,,,,,,,kg,,,
pinky-swimming-short,Pinky Swim Short,"<ul>
<li>
<p class=""p1"">Colors: pink, baby pink in sunlight</p>
</li>
<li>
<p class=""p1"">100% polyester</p>
</li>
<li>
<p class=""p1"">Front logo embroidered<br></p>
</li>
<li>
<p class=""p1"">Color-changing in water, shade, and sunlight</p>
</li>
<li>
<p class=""p1"">Every order includes exclusive goodies &lt;3</p>
</li>
</ul>",Noclout,Apparel & Accessories > Clothing > Swimwear > Boardshorts,"","",true,Size,xs,product.metafields.shopify.size,,,,,,,SWS-XS-PINK,280.0,shopify,12,deny,manual,34.99,,true,true,,,,,SWS-XS-PINK,https://cdn.shopify.com/s/files/1/0654/3828/6065/files/1-IA_187696b8-67a6-4da6-b290-788d027f7717.jpg?v=1752148603,1,"",false,,,,,adult,,,,,,,,,,,,,,,adultes,,violet; bleu,polyester,,xs; s; m; l; xl,,unisexe,,,,,,,kg,,,active
pinky-swimming-short,,,,,,,,,s,,,,,,,,SWS-S-PINK,290.0,shopify,0,deny,manual,34.99,,true,true,,,,,SWS-S-PINK,https://cdn.shopify.com/s/files/1/0654/3828/6065/files/ezgif.com-animated-gif-maker_7.gif?v=1752148603,2,"",,,,,,,,,,,,,,,,,,,,,,,,,,,,,,,,,,,kg,,,
pinky-swimming-short,,,,,,,,,m,,,,,,,,SWS-M-PINK,300.0,shopify,0,deny,manual,34.99,,true,true,,,,,SWS-M-PINK,https://cdn.shopify.com/s/files/1/0654/3828/6065/files/3864.jpg?v=1752148603,3,"",,,,,,,,,,,,,,,,,,,,,,,,,,,,,,,,,,,kg,,,
pinky-swimming-short,,,,,,,,,l,,,,,,,,SWS-L-PINK,310.0,shopify,0,deny,manual,34.99,,true,true,,,,,SWS-L-PINK,https://cdn.shopify.com/s/files/1/0654/3828/6065/files/3869.jpg?v=1752148603,4,"",,,,,,,,,,,,,,,,,,,,,,,,,,,,,,,,,,,kg,,,
pinky-swimming-short,,,,,,,,,xl,,,,,,,,SWS-XL-PINK,320.0,shopify,0,deny,manual,34.99,,true,true,,,,,SWS-XL-PINK,,,,,,,,,,,,,,,,,,,,,,,,,,,,,,,,,,,,,,kg,,,
lava-swimming-short-v2,Lava Swim Short V2,"<ul>
<li>
<p class=""p1"">Colors: orange, yellow in sunlight</p>
</li>
<li>
<p class=""p1"">100% polyester</p>
</li>
<li>
<p class=""p1"">Front logo embroidered<br></p>
</li>
<li>
<p class=""p1"">Color-changing in water, shade, and sunlight</p>
</li>
<li>
<p class=""p1"">Every order includes exclusive goodies &lt;3</p>
</li>
</ul>",Noclout,Apparel & Accessories > Clothing > Swimwear > Boardshorts,"","",true,Size,xs,product.metafields.shopify.size,,,,,,,SWS-XS-LAVA,280.0,shopify,22,deny,manual,34.99,,true,true,,,,,SWS-XS-LAVA,https://cdn.shopify.com/s/files/1/0654/3828/6065/files/3-IA_a50799fd-b3ed-47dc-aedf-4512ee2c42f0.jpg?v=1752148806,1,"",false,,,,,adult,,,,,,,,,,,,,,'2,adultes,,violet; bleu,polyester,,xs; s; m; l; xl,,unisexe,,,,,,,kg,,,active
lava-swimming-short-v2,,,,,,,,,s,,,,,,,,SWS-S-LAVA,290.0,shopify,8,deny,manual,34.99,,true,true,,,,,SWS-S-LAVA,https://cdn.shopify.com/s/files/1/0654/3828/6065/files/ezgif.com-animated-gif-maker_10.gif?v=1752148806,2,"",,,,,,,,,,,,,,,,,,,,,,,,,,,,,,,,,,,kg,,,
lava-swimming-short-v2,,,,,,,,,m,,,,,,,,SWS-M-LAVA,300.0,shopify,0,deny,manual,34.99,,true,true,,,,,SWS-M-LAVA,https://cdn.shopify.com/s/files/1/0654/3828/6065/files/3817.jpg?v=1752148806,3,"",,,,,,,,,,,,,,,,,,,,,,,,,,,,,,,,,,,kg,,,
lava-swimming-short-v2,,,,,,,,,l,,,,,,,,SWS-L-LAVA,310.0,shopify,0,deny,manual,34.99,,true,true,,,,,SWS-L-LAVA,https://cdn.shopify.com/s/files/1/0654/3828/6065/files/3821.jpg?v=1752148806,4,"",,,,,,,,,,,,,,,,,,,,,,,,,,,,,,,,,,,kg,,,
lava-swimming-short-v2,,,,,,,,,xl,,,,,,,,SWS-XL-LAVA,320.0,shopify,0,deny,manual,34.99,,true,true,,,,,SWS-XL-LAVA,https://cdn.shopify.com/s/files/1/0654/3828/6065/files/3810.jpg?v=1752148806,5,"",,,,,,,,,,,,,,,,,,,,,,,,,,,,,,,,,,,kg,,,
ultra-violet-swimming-short-v2,Ultra Violet Swim Short V2,"<ul>
<li>
<p class=""p1"">Colors: purple, blue in sunlight</p>
</li>
<li>
<p class=""p1"">100% polyester</p>
</li>
<li>
<p class=""p1"">Front logo embroidered<br></p>
</li>
<li>
<p class=""p1"">Color-changing in water, shade, and sunlight</p>
</li>
<li>
<p class=""p1"">Every order includes exclusive goodies &lt;3</p>
</li>
</ul>",Noclout,Apparel & Accessories > Clothing > Swimwear > Boardshorts,"","",true,Size,xs,product.metafields.shopify.size,,,,,,,SWS-XS-ULTV,280.0,shopify,5,deny,manual,34.99,,true,true,,,,,SWS-XS-ULTV,https://cdn.shopify.com/s/files/1/0654/3828/6065/files/5-IA_acb2aeab-74d5-4c68-9ab0-1ee40121f119.jpg?v=1752148660,1,"",false,,,,,adult,,,,,,,,,,,,,,'2,adultes,,violet; bleu,polyester,,xs; s; m; l; xl,,unisexe,,,,,,,kg,,,active
ultra-violet-swimming-short-v2,,,,,,,,,s,,,,,,,,SWS-S-ULTV,290.0,shopify,0,deny,manual,34.99,,true,true,,,,,SWS-S-ULTV,https://cdn.shopify.com/s/files/1/0654/3828/6065/files/ezgif.com-animated-gif-maker_8.gif?v=1752148879,2,"",,,,,,,,,,,,,,,,,,,,,,,,,,,,,,,,,,,kg,,,
ultra-violet-swimming-short-v2,,,,,,,,,m,,,,,,,,SWS-M-ULTV,300.0,shopify,0,deny,manual,34.99,,true,true,,,,,SWS-M-ULTV,https://cdn.shopify.com/s/files/1/0654/3828/6065/files/3825.jpg?v=1752148879,3,"",,,,,,,,,,,,,,,,,,,,,,,,,,,,,,,,,,,kg,,,
ultra-violet-swimming-short-v2,,,,,,,,,l,,,,,,,,SWS-L-ULTV,310.0,shopify,0,deny,manual,34.99,,true,true,,,,,SWS-L-ULTV,https://cdn.shopify.com/s/files/1/0654/3828/6065/files/3836.jpg?v=1752148879,4,"",,,,,,,,,,,,,,,,,,,,,,,,,,,,,,,,,,,kg,,,
ultra-violet-swimming-short-v2,,,,,,,,,xl,,,,,,,,SWS-XL-ULTV,320.0,shopify,0,deny,manual,34.99,,true,true,,,,,SWS-XL-ULTV,https://cdn.shopify.com/s/files/1/0654/3828/6065/files/3846.jpg?v=1752148879,5,"",,,,,,,,,,,,,,,,,,,,,,,,,,,,,,,,,,,kg,,,
lavender-knit-copie,Yuzu Knit,"<ul>
<li>
<p class=""p1"">Colors: yellow, white</p>
</li>
<li>
<p class=""p1"">100% cotton</p>
</li>
<li>
<p class=""p1"">Front logo embroidered</p>
</li>
<li>
<p class=""p1"">Back logo embroidered with chenille detailing</p>
</li>
<li>
<p class=""p1"">Fitted collar</p>
</li>
<li>
<p class=""p1"">Every order includes exclusive goodies &lt;3</p>
</li>
</ul>",Noclout,Apparel & Accessories > Clothing > Clothing Tops > Sweaters,"",DROPSOON,true,Size,XS,,,,,,,,KNT-XS-YUZU,850.0,shopify,2,deny,manual,89.99,,true,true,,,,,KNT-XS-YUZU,https://cdn.shopify.com/s/files/1/0654/3828/6065/files/knit_arriere_yuzu_31c4cbec-ffe5-44aa-896c-77524e457c6f.jpg?v=1749655075,1,"",false,,,173,,,,,,,,,,,,,,,,'1,,,,,,,,,,,,,,,kg,,,active
lavender-knit-copie,,,,,,,,,S,,,,,,,,KNT-S-YUZU,940.0,shopify,0,deny,manual,89.99,,true,true,,,,,KNT-S-YUZU,https://cdn.shopify.com/s/files/1/0654/3828/6065/files/knit_avant_yuzu_bfd803b8-941b-4d9d-be06-6c9f4ee03132.jpg?v=1749655075,2,"",,,,,,,,,,,,,,,,,,,,,,,,,,,,,,,,,,,kg,,,
lavender-knit-copie,,,,,,,,,M,,,,,,,,KNT-M-YUZU,980.0,shopify,0,deny,manual,89.99,,true,true,,,,,KNT-M-YUZU,https://cdn.shopify.com/s/files/1/0654/3828/6065/files/3928.jpg?v=1751902877,3,"",,,,,,,,,,,,,,,,,,,,,,,,,,,,,,,,,,,kg,,,
lavender-knit-copie,,,,,,,,,L,,,,,,,,KNT-L-YUZU,1030.0,shopify,0,deny,manual,89.99,,true,true,,,,,KNT-L-YUZU,https://cdn.shopify.com/s/files/1/0654/3828/6065/files/3941.jpg?v=1751902877,4,"",,,,,,,,,,,,,,,,,,,,,,,,,,,,,,,,,,,kg,,,
lavender-knit-copie,,,,,,,,,XL,,,,,,,,KNT-XL-YUZU,1080.0,shopify,0,deny,manual,89.99,,true,true,,,,,KNT-XL-YUZU,https://cdn.shopify.com/s/files/1/0654/3828/6065/files/3939.jpg?v=1751902877,5,"",,,,,,,,,,,,,,,,,,,,,,,,,,,,,,,,,,,kg,,,
flamingo-knit-copie,Lavender Knit,"<ul>
<li>
<p class=""p1"">Colors: lavender, white</p>
</li>
<li>
<p class=""p1"">100% cotton</p>
</li>
<li>
<p class=""p1"">Front logo embroidered</p>
</li>
<li>
<p class=""p1"">Back logo embroidered with chenille detailing</p>
</li>
<li>
<p class=""p1"">Fitted collar</p>
</li>
<li>
<p class=""p1"">Every order includes exclusive goodies &lt;3</p>
</li>
</ul>",Noclout,Apparel & Accessories > Clothing > Clothing Tops > Sweaters,"",DROPSOON,true,Size,XS,,,,,,,,,850.0,shopify,0,deny,manual,89.99,,true,true,,,,,,https://cdn.shopify.com/s/files/1/0654/3828/6065/files/knit_arriere_lavander.jpg?v=1749653775,1,"",false,,,173,,,,,,,,,,,,,,,,,,,,,,,,,,,,,,,kg,,,active
flamingo-knit-copie,,,,,,,,,S,,,,,,,,,940.0,shopify,0,deny,manual,89.99,,true,true,,,,,,https://cdn.shopify.com/s/files/1/0654/3828/6065/files/knit_avant_lavander.jpg?v=1749653775,2,"",,,,,,,,,,,,,,,,,,,,,,,,,,,,,,,,,,,kg,,,
flamingo-knit-copie,,,,,,,,,M,,,,,,,,,980.0,shopify,0,deny,manual,89.99,,true,true,,,,,'978020137962,https://cdn.shopify.com/s/files/1/0654/3828/6065/files/3909.jpg?v=1751902965,3,"",,,,,,,,,,,,,,,,,,,,,,,,,,,,,,,,,,,kg,,,
flamingo-knit-copie,,,,,,,,,L,,,,,,,,,1030.0,shopify,0,deny,manual,89.99,,true,true,,,,,,https://cdn.shopify.com/s/files/1/0654/3828/6065/files/3924.jpg?v=1751902965,4,"",,,,,,,,,,,,,,,,,,,,,,,,,,,,,,,,,,,kg,,,
flamingo-knit-copie,,,,,,,,,XL,,,,,,,,,1080.0,shopify,0,deny,manual,89.99,,true,true,,,,,,https://cdn.shopify.com/s/files/1/0654/3828/6065/files/3947.jpg?v=1751902965,5,"",,,,,,,,,,,,,,,,,,,,,,,,,,,,,,,,,,,kg,,,
polar-link-jort-1,Polar Link Jort,"<ul>
<li>
<p class=""p1"">Faded blue-white denim</p>
</li>
<li>
<p class=""p1"">100% cotton (non-stretch)</p>
</li>
<li>
<p class=""p1"">Woven denim fabric</p>
</li>
<li>
<p class=""p1"">3D embroidered white logo on back left pocket</p>
</li>
<li>
<p>Topstitching of the logo on the sides of legs</p>
</li>
<li>
<p class=""p1"">Custom jacron patch</p>
</li>
<li>
<p class=""p1"">Every order includes exclusive goodies &lt;3</p>
</li>
<li>Shipped within 1 week</li>
</ul>",Noclout,Uncategorized,"",DROPSOON,true,Size,XS,,,,,,,,JRT-XS-PLR,730.0,shopify,5,deny,manual,69.99,,true,true,,,,,JRT-XS-PLR,https://cdn.shopify.com/s/files/1/0654/3828/6065/files/PLJ_988404bf-3f07-4311-92b0-bcf6a13206bc.jpg?v=1748014173,1,"",false,,,,,,,,,,,,,,,,,,,'1,,,,,,,,,,,,,,,kg,,,active
polar-link-jort-1,,,,,,,,,S,,,,,,,,JRT-S-PLR,760.0,shopify,0,deny,manual,69.99,,true,true,,,,,JRT-S-PLR,https://cdn.shopify.com/s/files/1/0654/3828/6065/files/PLJ-Back_c944a5b3-ad59-4fcc-9c23-3d78f82045d6.jpg?v=1748014173,2,"",,,,,,,,,,,,,,,,,,,,,,,,,,,,,,,,,,,kg,,,
polar-link-jort-1,,,,,,,,,M,,,,,,,,JRT-M-PLR,790.0,shopify,0,deny,manual,69.99,,true,true,,,,,JRT-M-PLR,https://cdn.shopify.com/s/files/1/0654/3828/6065/files/2086_f4fc3384-0d06-4702-82f5-1a960ad92960.jpg?v=1748014173,3,"",,,,,,,,,,,,,,,,,,,,,,,,,,,,,,,,,,,kg,,,
polar-link-jort-1,,,,,,,,,L,,,,,,,,JRT-L-PLR,820.0,shopify,0,deny,manual,69.99,,true,true,,,,,JRT-L-PLR,https://cdn.shopify.com/s/files/1/0654/3828/6065/files/2089_c99ec2f5-72d3-4c47-9c1e-41ea3a808d7a.jpg?v=1748014173,4,"",,,,,,,,,,,,,,,,,,,,,,,,,,,,,,,,,,,kg,,,
polar-link-jort-1,,,,,,,,,XL,,,,,,,,JRT-XL-PLR,850.0,shopify,5,deny,manual,69.99,,true,true,,,,,JRT-XL-PLR,https://cdn.shopify.com/s/files/1/0654/3828/6065/files/2093_a1c589a2-4f45-4bb7-a140-6761751ea785.jpg?v=1748014173,5,"",,,,,,,,,,,,,,,,,,,,,,,,,,,,,,,,,,,kg,,,
polar-link-jort-1,,,,,,,,,,,,,,,,,,,,,,,,,,,,,,,,https://cdn.shopify.com/s/files/1/0654/3828/6065/files/2528_cf7d23e4-41aa-45cb-bd74-64cc0d1d4366.jpg?v=1748014173,6,"",,,,,,,,,,,,,,,,,,,,,,,,,,,,,,,,,,,,,,
polar-link-jort-1,,,,,,,,,,,,,,,,,,,,,,,,,,,,,,,,https://cdn.shopify.com/s/files/1/0654/3828/6065/files/2529_b82fb47e-525e-4b38-86f8-985dbb4cc3ae.jpg?v=1748014173,7,"",,,,,,,,,,,,,,,,,,,,,,,,,,,,,,,,,,,,,,
polar-link-jort-1,,,,,,,,,,,,,,,,,,,,,,,,,,,,,,,,https://cdn.shopify.com/s/files/1/0654/3828/6065/files/2539_46627e68-bd5a-43e7-a9b1-ad23e9af6f58.jpg?v=1748014173,8,"",,,,,,,,,,,,,,,,,,,,,,,,,,,,,,,,,,,,,,
polar-link-jort,Darker Link Jort,"<ul>
<li>
<p class=""p1"">Faded black denim</p>
</li>
<li>
<p class=""p1"">100% cotton (non-stretch)</p>
</li>
<li>
<p class=""p1"">Woven denim fabric</p>
</li>
<li>
<p class=""p1"">3D embroidered white logo on back left pocket</p>
</li>
<li>
<p>Topstitching of the logo on the sides of legs</p>
</li>
<li>
<p class=""p1"">Custom jacron patch</p>
</li>
<li>
<p class=""p1"">Every order includes exclusive goodies &lt;3</p>
</li>
<li>
<p class=""p1"">Shipped within 1 week<meta charset=""utf-8""></p>
</li>
</ul>",Noclout,Uncategorized,"",DROPSOON,true,Size,XS,,,,,,,,JRT-XS-DRK,730.0,shopify,3,deny,manual,69.99,,true,true,,,,,JRT-XS-DRK,https://cdn.shopify.com/s/files/1/0654/3828/6065/files/DLJ_e5631dbf-3f89-4e21-aaf5-ad57d131995f.jpg?v=1748014189,1,"",false,,,,,,,,,,,,,,,,,,,,,,,,,,,,,,,,,,kg,,,active
polar-link-jort,,,,,,,,,S,,,,,,,,JRT-S-DRK,760.0,shopify,0,deny,manual,69.99,,true,true,,,,,JRT-S-DRK,https://cdn.shopify.com/s/files/1/0654/3828/6065/files/DLJ-Back_67727c71-1f02-46c4-a7d7-db70cd1e3419.jpg?v=1748014189,2,"",,,,,,,,,,,,,,,,,,,,,,,,,,,,,,,,,,,kg,,,
polar-link-jort,,,,,,,,,M,,,,,,,,JRT-M-DRK,790.0,shopify,0,deny,manual,69.99,,true,true,,,,,JRT-M-DRK,https://cdn.shopify.com/s/files/1/0654/3828/6065/files/2063-Black.jpg?v=1748014189,3,"",,,,,,,,,,,,,,,,,,,,,,,,,,,,,,,,,,,kg,,,
polar-link-jort,,,,,,,,,L,,,,,,,,JRT-L-DRK,820.0,shopify,0,deny,manual,69.99,,true,true,,,,,JRT-L-DRK,https://cdn.shopify.com/s/files/1/0654/3828/6065/files/2068-Black.jpg?v=1748014189,4,"",,,,,,,,,,,,,,,,,,,,,,,,,,,,,,,,,,,kg,,,
polar-link-jort,,,,,,,,,XL,,,,,,,,JRT-XL-DRK,850.0,shopify,3,deny,manual,69.99,,true,true,,,,,JRT-XL-DRK,https://cdn.shopify.com/s/files/1/0654/3828/6065/files/270-Black.jpg?v=1748014189,5,"",,,,,,,,,,,,,,,,,,,,,,,,,,,,,,,,,,,kg,,,
polar-link-jort,,,,,,,,,,,,,,,,,,,,,,,,,,,,,,,,https://cdn.shopify.com/s/files/1/0654/3828/6065/files/2423_b48579ec-39dc-4f37-9a19-ea32e90e15de.jpg?v=1748014189,6,"",,,,,,,,,,,,,,,,,,,,,,,,,,,,,,,,,,,,,,
polar-link-jort,,,,,,,,,,,,,,,,,,,,,,,,,,,,,,,,https://cdn.shopify.com/s/files/1/0654/3828/6065/files/2425_eb66c384-bf1b-4476-aec3-f319b307feac.jpg?v=1748014189,7,"",,,,,,,,,,,,,,,,,,,,,,,,,,,,,,,,,,,,,,
polar-link-jort,,,,,,,,,,,,,,,,,,,,,,,,,,,,,,,,https://cdn.shopify.com/s/files/1/0654/3828/6065/files/2454_f0a57520-c4c8-479d-bbc5-12baaffe8f9a.jpg?v=1748014189,8,"",,,,,,,,,,,,,,,,,,,,,,,,,,,,,,,,,,,,,,
darker-windbreaker,Darker Windbreaker,"<ul>
<li>
<p class=""p1"">Colors : black, white<br></p>
</li>
<li>
<p class=""p1"">100% Polyester <br></p>
</li>
<li>
<p class=""p1""> 3D embroidered front logo </p>
</li>
<li>
<p>Adjustment with drawstrings at the hood and waist</p>
</li>
<li>
<p class=""p1"">Every order includes exclusive goodies &lt;3<meta charset=""utf-8""><br></p>
</li>
</ul>",Noclout,Apparel & Accessories > Clothing > Clothing Tops > T-Shirts,"","",true,Taille,xs,product.metafields.shopify.size,,,,,,,WDB-XS-DRK,500.0,shopify,7,deny,manual,98.99,,true,true,,,,,WDB-XS-DRK,https://cdn.shopify.com/s/files/1/0654/3828/6065/files/2018.jpg?v=1771412389,1,"",false,,,212,,,,,,,,,,,,,,TRUE,,'5,,,,,,xs; s; m; l; xl,,,,,,,,,kg,,,active
darker-windbreaker,,,,,,,,,s,,,,,,,,WDB-S-DRK,500.0,shopify,13,deny,manual,98.99,,true,true,,,,,WDB-S-DRK,https://cdn.shopify.com/s/files/1/0654/3828/6065/files/RJ-B-Front.jpg?v=1771412389,2,"",,,,,,,,,,,,,,,,,,,,,,,,,,,,,,,,,,,kg,,,
darker-windbreaker,,,,,,,,,m,,,,,,,,WDB-M-DRK,500.0,shopify,17,deny,manual,98.99,,true,true,,,,,WDB-M-DRK,https://cdn.shopify.com/s/files/1/0654/3828/6065/files/RJ-B-Back-V2.jpg?v=1771412389,3,"",,,,,,,,,,,,,,,,,,,,,,,,,,,,,,,,,,,kg,,,
darker-windbreaker,,,,,,,,,l,,,,,,,,WDB-L-DRK,500.0,shopify,0,deny,manual,98.99,,true,true,,,,,WDB-L-DRK,https://cdn.shopify.com/s/files/1/0654/3828/6065/files/2022.jpg?v=1771412389,4,"",,,,,,,,,,,,,,,,,,,,,,,,,,,,,,,,,,,kg,,,
darker-windbreaker,,,,,,,,,xl,,,,,,,,WDB-XL-DRK,500.0,shopify,5,deny,manual,98.99,,true,true,,,,,WDB-XL-DRK,https://cdn.shopify.com/s/files/1/0654/3828/6065/files/2027.jpg?v=1747763484,5,"",,,,,,,,,,,,,,,,,,,,,,,,,,,,,,,,,,,kg,,,
darker-windbreaker,,,,,,,,,,,,,,,,,,,,,,,,,,,,,,,,https://cdn.shopify.com/s/files/1/0654/3828/6065/files/2497_b92646ea-5d2d-48e5-ba51-b52672e9adfc.jpg?v=1747764015,6,"",,,,,,,,,,,,,,,,,,,,,,,,,,,,,,,,,,,,,,
darker-windbreaker,,,,,,,,,,,,,,,,,,,,,,,,,,,,,,,,https://cdn.shopify.com/s/files/1/0654/3828/6065/files/2502_c780c759-907f-4914-a9c4-b2ef0f230d6d.jpg?v=1747764015,7,"",,,,,,,,,,,,,,,,,,,,,,,,,,,,,,,,,,,,,,
darker-windbreaker,,,,,,,,,,,,,,,,,,,,,,,,,,,,,,,,https://cdn.shopify.com/s/files/1/0654/3828/6065/files/2505_7a53f4c2-11ab-4ed4-8d61-28ef8283a064.jpg?v=1747764015,8,"",,,,,,,,,,,,,,,,,,,,,,,,,,,,,,,,,,,,,,
bloody-windbreaker,Bloody Windbreaker,"<ul>
<li>
<p class=""p1"">Colors : white, red<br></p>
</li>
<li>
<p class=""p1"">100% Polyester<br></p>
</li>
<li>
<p class=""p1""> 3D embroidered front logo </p>
</li>
<li>
<p>Adjustment with drawstrings at the hood and waist</p>
</li>
<li>
<p class=""p1"">Every order includes exclusive goodies &lt;3<meta charset=""utf-8""><br></p>
</li>
</ul>",Noclout,Apparel & Accessories > Clothing > Clothing Tops > T-Shirts,"","",true,Taille,xs,product.metafields.shopify.size,,,,,,,WDB-XS-BLDY,500.0,shopify,0,deny,manual,94.99,,true,true,,,,,,https://cdn.shopify.com/s/files/1/0654/3828/6065/files/RJ-W-Front-V4.jpg?v=1747388629,1,"",false,,,212,,,,,,,,,,,,,,,,,,,,,,xs; s; m; l; xl,,,,,,,,,kg,,,active
bloody-windbreaker,,,,,,,,,s,,,,,,,,WDB-S-BLDY,500.0,shopify,0,deny,manual,94.99,,true,true,,,,,,https://cdn.shopify.com/s/files/1/0654/3828/6065/files/RJ-W-Back.jpg?v=1747388629,2,"",,,,,,,,,,,,,,,,,,,,,,,,,,,,,,,,,,,kg,,,
bloody-windbreaker,,,,,,,,,m,,,,,,,,WDB-M-BLDY,500.0,shopify,0,deny,manual,94.99,,true,true,,,,,,https://cdn.shopify.com/s/files/1/0654/3828/6065/files/2130_64bb5365-6a2a-4598-b8c6-81cf2ef709aa.jpg?v=1747763648,3,"",,,,,,,,,,,,,,,,,,,,,,,,,,,,,,,,,,,kg,,,
bloody-windbreaker,,,,,,,,,l,,,,,,,,WDB-L-BLDY,500.0,shopify,0,deny,manual,94.99,,true,true,,,,,,https://cdn.shopify.com/s/files/1/0654/3828/6065/files/2132_e2a59824-cc03-43c2-99ab-69ad807fd43c.jpg?v=1747763648,4,"",,,,,,,,,,,,,,,,,,,,,,,,,,,,,,,,,,,kg,,,
bloody-windbreaker,,,,,,,,,xl,,,,,,,,WDB-XL-BLDY,500.0,shopify,0,deny,manual,94.99,,true,true,,,,,,https://cdn.shopify.com/s/files/1/0654/3828/6065/files/2140_e157e048-902b-465f-8b91-c4432e5d3215.jpg?v=1747763648,5,"",,,,,,,,,,,,,,,,,,,,,,,,,,,,,,,,,,,kg,,,
bloody-windbreaker,,,,,,,,,,,,,,,,,,,,,,,,,,,,,,,,https://cdn.shopify.com/s/files/1/0654/3828/6065/files/2600_e164874f-dad7-4772-b473-be4c2b712fec.jpg?v=1747763648,6,"",,,,,,,,,,,,,,,,,,,,,,,,,,,,,,,,,,,,,,
bloody-windbreaker,,,,,,,,,,,,,,,,,,,,,,,,,,,,,,,,https://cdn.shopify.com/s/files/1/0654/3828/6065/files/2603_05c6a71b-172c-40a6-90e8-432ff7241742.jpg?v=1747763648,7,"",,,,,,,,,,,,,,,,,,,,,,,,,,,,,,,,,,,,,,
bloody-windbreaker,,,,,,,,,,,,,,,,,,,,,,,,,,,,,,,,https://cdn.shopify.com/s/files/1/0654/3828/6065/files/2604_e1719e5c-fe74-41dd-bcaf-133300d2711d.jpg?v=1747763648,8,"",,,,,,,,,,,,,,,,,,,,,,,,,,,,,,,,,,,,,,
yuzu-link-jort,Yuzu Link Jort,"<ul>
<li>
<p class=""p1"">Faded blue-yellow denim</p>
</li>
<li>
<p class=""p1"">100% cotton (non-stretch)</p>
</li>
<li>
<p class=""p1"">Woven denim fabric</p>
</li>
<li>
<p class=""p1"">Topstitched yellow logo on back left pocket</p>
</li>
<li>
<p>Topstitching of the logo on the sides of legs</p>
</li>
<li>
<p class=""p1"">Custom jacron patch</p>
</li>
<li>
<p class=""p1"">Every order includes exclusive goodies &lt;3</p>
</li>
<li>
<meta charset=""utf-8"">Shipped within 1 week</li>
</ul>",Noclout,Uncategorized,"",DROPSOON,true,Size,XS,,,,,,,,JNS-XS-YWF,730.0,shopify,1,deny,manual,69.99,,true,true,,,,,,https://cdn.shopify.com/s/files/1/0654/3828/6065/files/YLJ_825a4480-0e28-4371-890d-8a5a7ba13c78.jpg?v=1748014207,1,"",false,,,,,,,,,,,,,,,,,,,'1,,,,,,,,,,,,,,,kg,,,active
yuzu-link-jort,,,,,,,,,S,,,,,,,,JNS-S-YWF,760.0,shopify,0,deny,manual,69.99,,true,true,,,,,,https://cdn.shopify.com/s/files/1/0654/3828/6065/files/YLJ-Back_ccaceb8f-1e56-4ab5-af9a-bdef43dddec7.jpg?v=1748014207,2,"",,,,,,,,,,,,,,,,,,,,,,,,,,,,,,,,,,,kg,,,
yuzu-link-jort,,,,,,,,,M,,,,,,,,JNS-M-YWF,790.0,shopify,0,deny,manual,69.99,,true,true,,,,,,https://cdn.shopify.com/s/files/1/0654/3828/6065/files/2150_9f912ca8-00a9-44ab-ad80-318adeac535a.jpg?v=1748014207,3,"",,,,,,,,,,,,,,,,,,,,,,,,,,,,,,,,,,,kg,,,
yuzu-link-jort,,,,,,,,,L,,,,,,,,JNS-L-YWF,820.0,shopify,0,deny,manual,69.99,,true,true,,,,,,https://cdn.shopify.com/s/files/1/0654/3828/6065/files/2156_39ebe5f6-9044-46c5-b826-38dfb60bbfa0.jpg?v=1748014207,4,"",,,,,,,,,,,,,,,,,,,,,,,,,,,,,,,,,,,kg,,,
yuzu-link-jort,,,,,,,,,XL,,,,,,,,JNS-XL-YWF,850.0,shopify,0,deny,manual,69.99,,true,true,,,,,,https://cdn.shopify.com/s/files/1/0654/3828/6065/files/2158_a14f7edf-393a-47a6-9a19-93a8e18418d0.jpg?v=1748014207,5,"",,,,,,,,,,,,,,,,,,,,,,,,,,,,,,,,,,,kg,,,
yuzu-link-jort,,,,,,,,,,,,,,,,,,,,,,,,,,,,,,,,https://cdn.shopify.com/s/files/1/0654/3828/6065/files/2620_1221ef6d-f60a-4ac8-9089-ff238e4470df.jpg?v=1748014207,6,"",,,,,,,,,,,,,,,,,,,,,,,,,,,,,,,,,,,,,,
yuzu-link-jort,,,,,,,,,,,,,,,,,,,,,,,,,,,,,,,,https://cdn.shopify.com/s/files/1/0654/3828/6065/files/2624_d66811b3-24bb-4495-8e52-da01e2e10dfc.jpg?v=1748014207,7,"",,,,,,,,,,,,,,,,,,,,,,,,,,,,,,,,,,,,,,
yuzu-link-jort,,,,,,,,,,,,,,,,,,,,,,,,,,,,,,,,https://cdn.shopify.com/s/files/1/0654/3828/6065/files/2627_fa93a592-6ffa-4592-bda8-a41655b8d5a3.jpg?v=1748014207,8,"",,,,,,,,,,,,,,,,,,,,,,,,,,,,,,,,,,,,,,
dark-link-sleeves,Dark Link Sleeves,"<ul>
<li class=""p1"">Colors : black, white</li>
<li class=""p1"">300 GSM</li>
<li class=""p1"">100% cotton</li>
<li class=""p1"">Front logo embroidered</li>
<li class=""p1"">Waffle on sleeves<span class=""Apple-converted-space""> </span>
</li>
<li class=""p1"">Topstitching of the logo along the waffle sleeve</li>
<li class=""p1"">Every order includes exclusive goodies &lt;3</li>
<li class=""p1"">
<meta charset=""utf-8"">Shipped within 1 week</li>
</ul>",Noclout,Apparel & Accessories > Clothing > Clothing Tops > T-Shirts,"","",true,Taille,xs,product.metafields.shopify.size,,,,,,,SLV-XS-DRK,560.0,shopify,8,deny,manual,53.99,,true,true,,,,,SLV-XS-DRK,https://cdn.shopify.com/s/files/1/0654/3828/6065/files/LS-1.jpg?v=1747324183,1,"",false,,,212,,,,,,,,,,,,,,,,'2,,,,,,xs; s; m; l; xl,,,,,,,,,kg,,,active
dark-link-sleeves,,,,,,,,,s,,,,,,,,SLV-S-DRK,570.0,shopify,0,deny,manual,53.99,,true,true,,,,,SLV-S-DRK,https://cdn.shopify.com/s/files/1/0654/3828/6065/files/LS-1-Back.jpg?v=1747324183,2,"",,,,,,,,,,,,,,,,,,,,,,,,,,,,,,,,,,,kg,,,
dark-link-sleeves,,,,,,,,,m,,,,,,,,SLV-M-DRK,590.0,shopify,0,deny,manual,53.99,,true,true,,,,,SLV-M-DRK,https://cdn.shopify.com/s/files/1/0654/3828/6065/files/1971_a91dde37-7064-4387-aae4-5b02d8c9bb6a.jpg?v=1771430252,3,"",,,,,,,,,,,,,,,,,,,,,,,,,,,,,,,,,,,kg,,,
dark-link-sleeves,,,,,,,,,l,,,,,,,,SLV-L-DRK,610.0,shopify,0,deny,manual,53.99,,true,true,,,,,SLV-L-DRK,https://cdn.shopify.com/s/files/1/0654/3828/6065/files/1975_36324565-d561-4889-adfb-9754b78c31d1.jpg?v=1747849103,4,"",,,,,,,,,,,,,,,,,,,,,,,,,,,,,,,,,,,kg,,,
dark-link-sleeves,,,,,,,,,xl,,,,,,,,SLV-XL-DRK,620.0,shopify,0,deny,manual,53.99,,true,true,,,,,SLV-XL-DRK,https://cdn.shopify.com/s/files/1/0654/3828/6065/files/1984_66ef4849-ba16-464c-b88b-89896c5589d5.jpg?v=1747849103,5,"",,,,,,,,,,,,,,,,,,,,,,,,,,,,,,,,,,,kg,,,
dark-link-sleeves,,,,,,,,,,,,,,,,,,,,,,,,,,,,,,,,https://cdn.shopify.com/s/files/1/0654/3828/6065/files/2883_7e502ba2-7a76-423d-a99d-561b83a9006a.jpg?v=1747849103,6,"",,,,,,,,,,,,,,,,,,,,,,,,,,,,,,,,,,,,,,
dark-link-sleeves,,,,,,,,,,,,,,,,,,,,,,,,,,,,,,,,https://cdn.shopify.com/s/files/1/0654/3828/6065/files/2884_bdba5a65-0cbd-4a17-8e8d-25a8e57a7767.jpg?v=1751545439,7,"",,,,,,,,,,,,,,,,,,,,,,,,,,,,,,,,,,,,,,
dark-link-sleeves,,,,,,,,,,,,,,,,,,,,,,,,,,,,,,,,https://cdn.shopify.com/s/files/1/0654/3828/6065/files/2889_b9350bf0-838b-40b2-af1a-87e67c964436.jpg?v=1751545439,8,"",,,,,,,,,,,,,,,,,,,,,,,,,,,,,,,,,,,,,,
pinky-link-sleeves,Pinky Link Sleeves,"<ul>
<li class=""p1"">Colors : pink, white</li>
<li class=""p1"">300 GSM</li>
<li class=""p1"">100% cotton</li>
<li class=""p1"">Front logo embroidered</li>
<li class=""p1"">Waffle on sleeves<span class=""Apple-converted-space""> </span>
</li>
<li class=""p1"">Topstitching of the logo along the waffle sleeve</li>
<li class=""p1"">Every order includes exclusive goodies &lt;3</li>
<li class=""p1"">
<meta charset=""utf-8"">Shipped within 1 week</li>
</ul>",Noclout,Apparel & Accessories > Clothing > Clothing Tops > T-Shirts,"","",true,Taille,xs,product.metafields.shopify.size,,,,,,,SLV-XS-PINK,560.0,shopify,3,deny,manual,53.99,,true,true,,,,,SLV-XS-PINK,https://cdn.shopify.com/s/files/1/0654/3828/6065/files/LS-2.jpg?v=1747389200,1,"",false,,,212,,,,,,,,,,,,,,,,'3,,,,,,xs; s; m; l; xl,,,,,,,,,kg,,,active
pinky-link-sleeves,,,,,,,,,s,,,,,,,,SLV-S-PINK,570.0,shopify,0,deny,manual,53.99,,true,true,,,,,SLV-S-PINK,https://cdn.shopify.com/s/files/1/0654/3828/6065/files/LS-2-Back.jpg?v=1747389200,2,"",,,,,,,,,,,,,,,,,,,,,,,,,,,,,,,,,,,kg,,,
pinky-link-sleeves,,,,,,,,,m,,,,,,,,SLV-M-PINK,590.0,shopify,0,deny,manual,53.99,,true,true,,,,,SLV-M-PINK,https://cdn.shopify.com/s/files/1/0654/3828/6065/files/1953_3a4f8184-7c54-46d4-b25c-bbbdb5fae005.jpg?v=1747825422,3,"",,,,,,,,,,,,,,,,,,,,,,,,,,,,,,,,,,,kg,,,
pinky-link-sleeves,,,,,,,,,l,,,,,,,,SLV-L-PINK,610.0,shopify,0,deny,manual,53.99,,true,true,,,,,SLV-L-PINK,https://cdn.shopify.com/s/files/1/0654/3828/6065/files/1956_9ce63ec1-93bc-4a24-af29-883801ffda73.jpg?v=1747825422,4,"",,,,,,,,,,,,,,,,,,,,,,,,,,,,,,,,,,,kg,,,
pinky-link-sleeves,,,,,,,,,xl,,,,,,,,SLV-XL-PINK,620.0,shopify,2,deny,manual,53.99,,true,true,,,,,SLV-XL-PINK,https://cdn.shopify.com/s/files/1/0654/3828/6065/files/1963_1def818f-1867-49e4-80c2-c71926f7e6c0.jpg?v=1747825422,5,"",,,,,,,,,,,,,,,,,,,,,,,,,,,,,,,,,,,kg,,,
pinky-link-sleeves,,,,,,,,,,,,,,,,,,,,,,,,,,,,,,,,https://cdn.shopify.com/s/files/1/0654/3828/6065/files/2911_c9087bff-81e6-4534-b98d-bcc51c66bcac.jpg?v=1747825422,6,"",,,,,,,,,,,,,,,,,,,,,,,,,,,,,,,,,,,,,,
pinky-link-sleeves,,,,,,,,,,,,,,,,,,,,,,,,,,,,,,,,https://cdn.shopify.com/s/files/1/0654/3828/6065/files/2915_5ede78a7-a1a9-4a35-b06d-f11a8cadb80b.jpg?v=1747825422,7,"",,,,,,,,,,,,,,,,,,,,,,,,,,,,,,,,,,,,,,
pinky-link-sleeves,,,,,,,,,,,,,,,,,,,,,,,,,,,,,,,,https://cdn.shopify.com/s/files/1/0654/3828/6065/files/2922_095e2751-68be-4205-940f-982ebe6bc81f.jpg?v=1747825422,8,"",,,,,,,,,,,,,,,,,,,,,,,,,,,,,,,,,,,,,,
azur-link-tee-copie,Navy Link Sleeves,"<ul>
<li class=""p1"">Colors : blue, white</li>
<li class=""p1"">300 GSM</li>
<li class=""p1"">100% cotton</li>
<li class=""p1"">Front logo embroidered</li>
<li class=""p1"">Waffle on sleeves<span class=""Apple-converted-space""> </span>
</li>
<li class=""p1"">Topstitching of the logo along the waffle sleeve</li>
<li class=""p1"">Every order includes exclusive goodies &lt;3</li>
<li class=""p1"">
<meta charset=""utf-8"">Shipped within 1 week</li>
</ul>",Noclout,Apparel & Accessories > Clothing > Clothing Tops > T-Shirts,"","",true,Taille,xs,product.metafields.shopify.size,,,,,,,SLV-XS-NVY,560.0,shopify,3,deny,manual,53.99,,true,true,,,,,SLV-XS-NVY,https://cdn.shopify.com/s/files/1/0654/3828/6065/files/LS-3.jpg?v=1747325837,1,"",false,,,212,,,,,,,,,,,,,,,,'4,,,,,,xs; s; m; l; xl,,,,,,,,,kg,,,active
azur-link-tee-copie,,,,,,,,,s,,,,,,,,SLV-S-NVY,570.0,shopify,4,deny,manual,53.99,,true,true,,,,,SLV-S-NVY,https://cdn.shopify.com/s/files/1/0654/3828/6065/files/LS-3-Back.jpg?v=1747325837,2,"",,,,,,,,,,,,,,,,,,,,,,,,,,,,,,,,,,,kg,,,
azur-link-tee-copie,,,,,,,,,m,,,,,,,,SLV-M-NVY,590.0,shopify,0,deny,manual,53.99,,true,true,,,,,SLV-M-NVY,https://cdn.shopify.com/s/files/1/0654/3828/6065/files/1662_96fbb546-0307-484b-9c0f-5fce63320d60.jpg?v=1747825336,3,"",,,,,,,,,,,,,,,,,,,,,,,,,,,,,,,,,,,kg,,,
azur-link-tee-copie,,,,,,,,,l,,,,,,,,SLV-L-NVY,610.0,shopify,0,deny,manual,53.99,,true,true,,,,,SLV-L-NVY,https://cdn.shopify.com/s/files/1/0654/3828/6065/files/1664_b063dbd0-403d-47bb-aef3-df7f30aaa126.jpg?v=1747825336,4,"",,,,,,,,,,,,,,,,,,,,,,,,,,,,,,,,,,,kg,,,
azur-link-tee-copie,,,,,,,,,xl,,,,,,,,SLV-XL-NVY,620.0,shopify,1,deny,manual,53.99,,true,true,,,,,SLV-XL-NVY,https://cdn.shopify.com/s/files/1/0654/3828/6065/files/1667_26da57f6-7537-4cae-8307-51281fee7311.jpg?v=1747825336,5,"",,,,,,,,,,,,,,,,,,,,,,,,,,,,,,,,,,,kg,,,
azur-link-tee-copie,,,,,,,,,,,,,,,,,,,,,,,,,,,,,,,,https://cdn.shopify.com/s/files/1/0654/3828/6065/files/2327_c1df2ee5-f879-47cd-bd18-e3754192319e.jpg?v=1747825336,6,"",,,,,,,,,,,,,,,,,,,,,,,,,,,,,,,,,,,,,,
azur-link-tee-copie,,,,,,,,,,,,,,,,,,,,,,,,,,,,,,,,https://cdn.shopify.com/s/files/1/0654/3828/6065/files/2331_84511037-d89b-4f36-b238-691c3df26ed3.jpg?v=1747825336,7,"",,,,,,,,,,,,,,,,,,,,,,,,,,,,,,,,,,,,,,
azur-link-tee-copie,,,,,,,,,,,,,,,,,,,,,,,,,,,,,,,,https://cdn.shopify.com/s/files/1/0654/3828/6065/files/2332_9f92cefa-9c21-4718-ae3d-fccb44d70ddf.jpg?v=1747825336,8,"",,,,,,,,,,,,,,,,,,,,,,,,,,,,,,,,,,,,,,
pinky-hoodie-copie,Pinky Hoodie,"<ul>
<li>
<p class=""p1"">Colors: white, pink</p>
</li>
<li>
<p class=""p1"">350 gsm</p>
</li>
<li>
<p class=""p1"">80% cotton, 20% polyester</p>
</li>
<li>
<p class=""p1"">2 logos (embroidered + printed)</p>
</li>
<li>
<p class=""p1"">Every order includes exclusive goodies &lt;3</p>
</li>
<li>
<meta charset=""utf-8"">Shipped within 1 week</li>
</ul>",Noclout,Apparel & Accessories,"",PRECO,true,Size,XS,,,,,,,,HDE-XS-PINKY,800.0,shopify,18,deny,manual,84.99,,true,true,,,,,HDE-XS-PINKY,https://cdn.shopify.com/s/files/1/0654/3828/6065/files/Pinky_Hoodie_Dos_96f74b6c-e1f6-4db3-8acf-ce6ab674d875.jpg?v=1771510087,1,"",false,,,,,,,,,,,,,,,,,,,'3,,,,,,,,,,,,,,,kg,,,active
pinky-hoodie-copie,,,,,,,,,S,,,,,,,,HDE-S-PINKY,870.0,shopify,10,deny,manual,84.99,,true,true,,,,,HDE-S-PINKY,https://cdn.shopify.com/s/files/1/0654/3828/6065/files/Pinky_Hoodie_Face.jpg?v=1771510106,2,"",,,,,,,,,,,,,,,,,,,,,,,,,,,,,,,,,,,kg,,,
pinky-hoodie-copie,,,,,,,,,M,,,,,,,,HDE-M-PINKY,880.0,shopify,0,deny,manual,84.99,,true,true,,,,,HDE-M-PINKY,https://cdn.shopify.com/s/files/1/0654/3828/6065/files/1632-2.jpg?v=1771510087,3,"",,,,,,,,,,,,,,,,,,,,,,,,,,,,,,,,,,,kg,,,
pinky-hoodie-copie,,,,,,,,,L,,,,,,,,HDE-L-PINKY,900.0,shopify,5,deny,manual,84.99,,true,true,,,,,HDE-L-PINKY,https://cdn.shopify.com/s/files/1/0654/3828/6065/files/1640-2.jpg?v=1771510087,4,"",,,,,,,,,,,,,,,,,,,,,,,,,,,,,,,,,,,kg,,,
pinky-hoodie-copie,,,,,,,,,XL,,,,,,,,HDE-XL-PINKY,960.0,shopify,8,deny,manual,84.99,,true,true,,,,,HDE-XL-PINKY,https://cdn.shopify.com/s/files/1/0654/3828/6065/files/1644-2.jpg?v=1771510087,5,"",,,,,,,,,,,,,,,,,,,,,,,,,,,,,,,,,,,kg,,,
pinky-hoodie-copie,,,,,,,,,,,,,,,,,,,,,,,,,,,,,,,,https://cdn.shopify.com/s/files/1/0654/3828/6065/files/2296_f8647c4e-3ad8-4e77-adc7-31d550a7286e.jpg?v=1771510087,6,"",,,,,,,,,,,,,,,,,,,,,,,,,,,,,,,,,,,,,,
pinky-hoodie-copie,,,,,,,,,,,,,,,,,,,,,,,,,,,,,,,,https://cdn.shopify.com/s/files/1/0654/3828/6065/files/2303_9777b456-76f5-4fdd-872b-9d4aab876479.jpg?v=1771510087,7,"",,,,,,,,,,,,,,,,,,,,,,,,,,,,,,,,,,,,,,
pinky-hoodie-copie,,,,,,,,,,,,,,,,,,,,,,,,,,,,,,,,https://cdn.shopify.com/s/files/1/0654/3828/6065/files/2306_1079612b-151e-4d92-a16d-aba4e005b6f1.jpg?v=1771510087,8,"",,,,,,,,,,,,,,,,,,,,,,,,,,,,,,,,,,,,,,
azur-link-tee,Azur Link Tee,"<ul>
<li>
<p class=""p1"">Colors : blue, white</p>
</li>
<li>
<p class=""p1"">300 GSM</p>
</li>
<li>
<p class=""p1"">100% cotton</p>
</li>
<li>
<p class=""p1"">Front logo embroidered</p>
</li>
</ul>
<ul>
<li>
<p class=""p1"">Logo topstitched on both sleeves </p>
</li>
</ul>
<ul>
<li>
<p class=""p1"">Every order includes exclusive goodies &lt;3</p>
</li>
<li>
<meta charset=""utf-8"">Shipped within 1 week</li>
</ul>",Noclout,Apparel & Accessories > Clothing > Clothing Tops > T-Shirts,"","",true,Taille,xs,product.metafields.shopify.size,,,,,,,,470.0,shopify,0,deny,manual,39.99,,true,true,,,,,,https://cdn.shopify.com/s/files/1/0654/3828/6065/files/AZUR_LINK_TEE_-_AVANT.jpg?v=1747761413,1,"",false,,,212,,,,,,,,,,,,,,,,,,,,,,xs; s; m; l; xl,,,,,,,,,kg,,,active
azur-link-tee,,,,,,,,,s,,,,,,,,,480.0,shopify,0,deny,manual,39.99,,true,true,,,,,,https://cdn.shopify.com/s/files/1/0654/3828/6065/files/AZUR_LINK_TEE___DOS.jpg?v=1747761413,2,"",,,,,,,,,,,,,,,,,,,,,,,,,,,,,,,,,,,kg,,,
azur-link-tee,,,,,,,,,m,,,,,,,,,490.0,shopify,0,deny,manual,39.99,,true,true,,,,,,https://cdn.shopify.com/s/files/1/0654/3828/6065/files/3966.jpg?v=1751981032,3,"",,,,,,,,,,,,,,,,,,,,,,,,,,,,,,,,,,,kg,,,
azur-link-tee,,,,,,,,,l,,,,,,,,,500.0,shopify,0,deny,manual,39.99,,true,true,,,,,,https://cdn.shopify.com/s/files/1/0654/3828/6065/files/3971.jpg?v=1751981032,4,"",,,,,,,,,,,,,,,,,,,,,,,,,,,,,,,,,,,kg,,,
azur-link-tee,,,,,,,,,xl,,,,,,,,,510.0,shopify,0,deny,manual,39.99,,true,true,,,,,,https://cdn.shopify.com/s/files/1/0654/3828/6065/files/3979.jpg?v=1751981032,5,"",,,,,,,,,,,,,,,,,,,,,,,,,,,,,,,,,,,kg,,,
candy-link-tee,Candy Link Tee,"<ul>
<li>
<p class=""p1"">Colors : pink, red</p>
</li>
<li>
<p class=""p1"">300 GSM</p>
</li>
<li>
<p class=""p1"">100% cotton</p>
</li>
<li>
<p class=""p1"">Front logo embroidered</p>
</li>
</ul>
<ul>
<li>
<p class=""p1"">Logo topstitched on both sleeves </p>
</li>
</ul>
<ul>
<li>
<p class=""p1"">Every order includes exclusive goodies &lt;3</p>
</li>
<li>
<meta charset=""utf-8"">Shipped within 1 week</li>
</ul>",Noclout,Apparel & Accessories > Clothing > Clothing Tops > T-Shirts,"","",true,Taille,xs,product.metafields.shopify.size,,,,,,,,470.0,shopify,0,deny,manual,39.99,,true,true,,,,,,https://cdn.shopify.com/s/files/1/0654/3828/6065/files/Tee-1-V2.jpg?v=1747999467,1,"",false,,,212,,,,,,,,,,,,,,,,,,,,,,xs; s; m; l; xl,,,,,,,,,kg,,,active
candy-link-tee,,,,,,,,,s,,,,,,,,,480.0,shopify,0,deny,manual,39.99,,true,true,,,,,,https://cdn.shopify.com/s/files/1/0654/3828/6065/files/Tee-1-Back-V2.jpg?v=1747999467,2,"",,,,,,,,,,,,,,,,,,,,,,,,,,,,,,,,,,,kg,,,
candy-link-tee,,,,,,,,,m,,,,,,,,,490.0,shopify,0,deny,manual,39.99,,true,true,,,,,,https://cdn.shopify.com/s/files/1/0654/3828/6065/files/2055_2c052ebe-bd21-49e6-9b1b-689335ec4c62.jpg?v=1747999467,3,"",,,,,,,,,,,,,,,,,,,,,,,,,,,,,,,,,,,kg,,,
candy-link-tee,,,,,,,,,l,,,,,,,,,500.0,shopify,0,deny,manual,39.99,,true,true,,,,,,https://cdn.shopify.com/s/files/1/0654/3828/6065/files/2057_b67ec43b-f53d-4e72-a60d-6e83526231a2.jpg?v=1747999467,4,"",,,,,,,,,,,,,,,,,,,,,,,,,,,,,,,,,,,kg,,,
candy-link-tee,,,,,,,,,xl,,,,,,,,,510.0,shopify,0,deny,manual,39.99,,true,true,,,,,,https://cdn.shopify.com/s/files/1/0654/3828/6065/files/2060_182b8557-2e38-4f71-a7c2-efdc0ee5d15a.jpg?v=1747999467,5,"",,,,,,,,,,,,,,,,,,,,,,,,,,,,,,,,,,,kg,,,
candy-link-tee,,,,,,,,,,,,,,,,,,,,,,,,,,,,,,,,https://cdn.shopify.com/s/files/1/0654/3828/6065/files/2457_0d5703f0-3277-4328-8e68-c08e0b11a263.jpg?v=1747999467,6,"",,,,,,,,,,,,,,,,,,,,,,,,,,,,,,,,,,,,,,
candy-link-tee,,,,,,,,,,,,,,,,,,,,,,,,,,,,,,,,https://cdn.shopify.com/s/files/1/0654/3828/6065/files/2459_1711fcd7-2b46-4817-bae1-3df72c3aac50.jpg?v=1747999467,7,"",,,,,,,,,,,,,,,,,,,,,,,,,,,,,,,,,,,,,,
candy-link-tee,,,,,,,,,,,,,,,,,,,,,,,,,,,,,,,,https://cdn.shopify.com/s/files/1/0654/3828/6065/files/2463_625ccc07-3529-489f-97af-7e91fee8dcfb.jpg?v=1747999467,8,"",,,,,,,,,,,,,,,,,,,,,,,,,,,,,,,,,,,,,,
bloody-link-tee,Bloody Link Tee,"<ul>
<li>
<p class=""p1"">Colors : white, red</p>
</li>
<li>
<p class=""p1"">300 GSM</p>
</li>
<li>
<p class=""p1"">100% cotton</p>
</li>
<li>
<p class=""p1"">Front logo embroidered</p>
</li>
</ul>
<ul>
<li>
<p class=""p1"">Logo topstitched on both sleeves </p>
</li>
</ul>
<ul>
<li>
<p class=""p1"">Every order includes exclusive goodies &lt;3</p>
</li>
<li>
<meta charset=""utf-8"">Shipped within 1 week</li>
</ul>",Noclout,Apparel & Accessories > Clothing > Clothing Tops > T-Shirts,"","",true,Taille,xs,product.metafields.shopify.size,,,,,,,,470.0,shopify,0,deny,manual,39.99,,true,true,,,,,,https://cdn.shopify.com/s/files/1/0654/3828/6065/files/Tee-3-V2.jpg?v=1747999498,1,"",false,,,212,,,,,,,,,,,,,,,,,,,,,,xs; s; m; l; xl,,,,,,,,,kg,,,active
bloody-link-tee,,,,,,,,,s,,,,,,,,,480.0,shopify,0,deny,manual,39.99,,true,true,,,,,,https://cdn.shopify.com/s/files/1/0654/3828/6065/files/Tee-3-Back-V2.jpg?v=1747999498,2,"",,,,,,,,,,,,,,,,,,,,,,,,,,,,,,,,,,,kg,,,
bloody-link-tee,,,,,,,,,m,,,,,,,,,490.0,shopify,0,deny,manual,39.99,,true,true,,,,,,https://cdn.shopify.com/s/files/1/0654/3828/6065/files/2086_04b07e26-e39d-457f-ac50-58c744810d6a.jpg?v=1747999498,3,"",,,,,,,,,,,,,,,,,,,,,,,,,,,,,,,,,,,kg,,,
bloody-link-tee,,,,,,,,,l,,,,,,,,,500.0,shopify,0,deny,manual,39.99,,true,true,,,,,,https://cdn.shopify.com/s/files/1/0654/3828/6065/files/2089_8dea514d-3a59-4887-9131-61f5c4da2b4e.jpg?v=1747999498,4,"",,,,,,,,,,,,,,,,,,,,,,,,,,,,,,,,,,,kg,,,
bloody-link-tee,,,,,,,,,xl,,,,,,,,,510.0,shopify,0,deny,manual,39.99,,true,true,,,,,,https://cdn.shopify.com/s/files/1/0654/3828/6065/files/2093_6edb4906-d351-4629-a5bb-0c4479a5535b.jpg?v=1747999498,5,"",,,,,,,,,,,,,,,,,,,,,,,,,,,,,,,,,,,kg,,,
bloody-link-tee,,,,,,,,,,,,,,,,,,,,,,,,,,,,,,,,https://cdn.shopify.com/s/files/1/0654/3828/6065/files/2528_cf7d23e4-41aa-45cb-bd74-64cc0d1d4366.jpg?v=1748014173,6,"",,,,,,,,,,,,,,,,,,,,,,,,,,,,,,,,,,,,,,
bloody-link-tee,,,,,,,,,,,,,,,,,,,,,,,,,,,,,,,,https://cdn.shopify.com/s/files/1/0654/3828/6065/files/2529_b82fb47e-525e-4b38-86f8-985dbb4cc3ae.jpg?v=1748014173,7,"",,,,,,,,,,,,,,,,,,,,,,,,,,,,,,,,,,,,,,
bloody-link-tee,,,,,,,,,,,,,,,,,,,,,,,,,,,,,,,,https://cdn.shopify.com/s/files/1/0654/3828/6065/files/2539_46627e68-bd5a-43e7-a9b1-ad23e9af6f58.jpg?v=1748014173,8,"",,,,,,,,,,,,,,,,,,,,,,,,,,,,,,,,,,,,,,
dark-link-tee,Dark Link Tee,"<ul>
<li>
<p class=""p1"">Colors : black, white</p>
</li>
<li>
<p class=""p1"">300 GSM</p>
</li>
<li>
<p class=""p1"">100% cotton</p>
</li>
<li>
<p class=""p1"">Front logo embroidered</p>
</li>
</ul>
<ul>
<li>
<p class=""p1"">Logo topstitched on both sleeves </p>
</li>
</ul>
<ul>
<li>
<p class=""p1"">Every order includes exclusive goodies &lt;3</p>
</li>
<li>
<meta charset=""utf-8"">Shipped within 1 week</li>
</ul>",Noclout,Apparel & Accessories > Clothing > Clothing Tops > T-Shirts,"","",true,Taille,xs,product.metafields.shopify.size,,,,,,,TEE-XS-DKRL,470.0,shopify,0,deny,manual,39.99,,true,true,,,,,TEE-XS-DKRL,https://cdn.shopify.com/s/files/1/0654/3828/6065/files/Tee-4.jpg?v=1747325801,1,"",false,,,212,,,,,,,,,,,,,,,,,,,,,,xs; s; m; l; xl,,,,,,,,,kg,,,active
dark-link-tee,,,,,,,,,s,,,,,,,,TEE-S-DKRL,480.0,shopify,0,deny,manual,39.99,,true,true,,,,,TEE-S-DKRL,https://cdn.shopify.com/s/files/1/0654/3828/6065/files/Tee-4-Back.jpg?v=1747325801,2,"",,,,,,,,,,,,,,,,,,,,,,,,,,,,,,,,,,,kg,,,
dark-link-tee,,,,,,,,,m,,,,,,,,TEE-M-DKRL,490.0,shopify,0,deny,manual,39.99,,true,true,,,,,TEE-M-DKRL,https://cdn.shopify.com/s/files/1/0654/3828/6065/files/2063-Black.jpg?v=1748014189,3,"",,,,,,,,,,,,,,,,,,,,,,,,,,,,,,,,,,,kg,,,
dark-link-tee,,,,,,,,,l,,,,,,,,TEE-L-DKRL,500.0,shopify,0,deny,manual,39.99,,true,true,,,,,TEE-L-DKRL,https://cdn.shopify.com/s/files/1/0654/3828/6065/files/2068-Black.jpg?v=1748014189,4,"",,,,,,,,,,,,,,,,,,,,,,,,,,,,,,,,,,,kg,,,
dark-link-tee,,,,,,,,,xl,,,,,,,,TEE-XL-DKRL,510.0,shopify,0,deny,manual,39.99,,true,true,,,,,TEE-XL-DKRL,https://cdn.shopify.com/s/files/1/0654/3828/6065/files/270-Black.jpg?v=1748014189,5,"",,,,,,,,,,,,,,,,,,,,,,,,,,,,,,,,,,,kg,,,
dark-link-tee,,,,,,,,,,,,,,,,,,,,,,,,,,,,,,,,https://cdn.shopify.com/s/files/1/0654/3828/6065/files/2423_b48579ec-39dc-4f37-9a19-ea32e90e15de.jpg?v=1748014189,6,"",,,,,,,,,,,,,,,,,,,,,,,,,,,,,,,,,,,,,,
dark-link-tee,,,,,,,,,,,,,,,,,,,,,,,,,,,,,,,,https://cdn.shopify.com/s/files/1/0654/3828/6065/files/2425_eb66c384-bf1b-4476-aec3-f319b307feac.jpg?v=1748014189,7,"",,,,,,,,,,,,,,,,,,,,,,,,,,,,,,,,,,,,,,
dark-link-tee,,,,,,,,,,,,,,,,,,,,,,,,,,,,,,,,https://cdn.shopify.com/s/files/1/0654/3828/6065/files/2454_f0a57520-c4c8-479d-bbc5-12baaffe8f9a.jpg?v=1748014189,8,"",,,,,,,,,,,,,,,,,,,,,,,,,,,,,,,,,,,,,,
yellow-jeans,Yellow Fade Jeans,"<ul>
<li>
<p class=""p1"">Faded blue-yellow denim</p>
</li>
<li>
<p class=""p1"">100% cotton (non-stretch)</p>
</li>
<li>
<p class=""p1"">Woven denim fabric</p>
</li>
<li>
<p class=""p1"">3D embroidered yellow logo on back left pocket</p>
</li>
<li>
<p class=""p1"">Yellow embroidery on front right pocket</p>
</li>
<li>
<p class=""p1"">Custom jacron patch</p>
</li>
<li>
<p class=""p1"">Every order includes exclusive goodies &lt;3</p>
</li>
</ul>",Noclout,Uncategorized,"",DROPSOON,true,Size,XS,,,,,,,,JNS-XS-YWF,780.0,shopify,0,deny,manual,89.99,,true,true,,,,,,https://cdn.shopify.com/s/files/1/0654/3828/6065/files/YF.jpg?v=1747848985,1,"",false,,,,,,,,,,,,,,,,,,,,,,,,,,,,,,,,,,kg,,,active
yellow-jeans,,,,,,,,,S,,,,,,,,JNS-S-YWF,850.0,shopify,0,deny,manual,89.99,,true,true,,,,,,https://cdn.shopify.com/s/files/1/0654/3828/6065/files/YF-Back.jpg?v=1747848985,2,"",,,,,,,,,,,,,,,,,,,,,,,,,,,,,,,,,,,kg,,,
yellow-jeans,,,,,,,,,M,,,,,,,,JNS-M-YWF,900.0,shopify,0,deny,manual,89.99,,true,true,,,,,,https://cdn.shopify.com/s/files/1/0654/3828/6065/files/2168.jpg?v=1748529288,3,"",,,,,,,,,,,,,,,,,,,,,,,,,,,,,,,,,,,kg,,,
yellow-jeans,,,,,,,,,L,,,,,,,,JNS-L-YWF,940.0,shopify,0,deny,manual,89.99,,true,true,,,,,,https://cdn.shopify.com/s/files/1/0654/3828/6065/files/2172.jpg?v=1748529287,4,"",,,,,,,,,,,,,,,,,,,,,,,,,,,,,,,,,,,kg,,,
yellow-jeans,,,,,,,,,XL,,,,,,,,JNS-XL-YWF,980.0,shopify,0,deny,manual,89.99,,true,true,,,,,,https://cdn.shopify.com/s/files/1/0654/3828/6065/files/2179.jpg?v=1748529287,5,"",,,,,,,,,,,,,,,,,,,,,,,,,,,,,,,,,,,kg,,,
blue-jeans,Blue Fade Jeans,"<ul>
<li>
<p class=""p1"">Faded blue-white denim</p>
</li>
<li>
<p class=""p1"">100% cotton (non-stretch)</p>
</li>
<li>
<p class=""p1"">Woven denim fabric</p>
</li>
<li>
<p class=""p1"">3D embroidered white logo on back left pocket</p>
</li>
<li>
<p class=""p1"">White embroidery on front right pocket</p>
</li>
<li>
<p class=""p1"">Custom jacron patch<meta charset=""utf-8""></p>
</li>
<li>
<meta charset=""utf-8"">
<p>Every order includes exclusive goodies &lt;3</p>
</li>
</ul>",Noclout,Uncategorized,"",DROPSOON,true,Size,XS,,,,,,,,JNS-XS-BLF,780.0,shopify,15,deny,manual,89.99,,true,true,,,,,JNS-XS-BLF,https://cdn.shopify.com/s/files/1/0654/3828/6065/files/BF.jpg?v=1747849174,1,"",false,,,,,,,,,,,,,,,,,TRUE,,'3,,,,,,,,,,,,,,,kg,,,active
blue-jeans,,,,,,,,,S,,,,,,,,JNS-S-BLF,850.0,shopify,20,deny,manual,89.99,,true,true,,,,,JNS-S-BLF,https://cdn.shopify.com/s/files/1/0654/3828/6065/files/BF-Back.jpg?v=1747849174,2,"",,,,,,,,,,,,,,,,,,,,,,,,,,,,,,,,,,,kg,,,
blue-jeans,,,,,,,,,M,,,,,,,,JNS-M-BLF,900.0,shopify,29,deny,manual,89.99,,true,true,,,,,JNS-M-BLF,https://cdn.shopify.com/s/files/1/0654/3828/6065/files/1632_600a881f-75b4-4b79-bc2f-fa5a8a1d5168.jpg?v=1771600982,3,"",,,,,,,,,,,,,,,,,,,,,,,,,,,,,,,,,,,kg,,,
blue-jeans,,,,,,,,,L,,,,,,,,JNS-L-BLF,940.0,shopify,13,deny,manual,89.99,,true,true,,,,,JNS-L-BLF,https://cdn.shopify.com/s/files/1/0654/3828/6065/files/1640_bf41c901-a828-48a2-baf6-7ff6b0a141bd.jpg?v=1771600982,4,"",,,,,,,,,,,,,,,,,,,,,,,,,,,,,,,,,,,kg,,,
blue-jeans,,,,,,,,,XL,,,,,,,,JNS-XL-BLF,980.0,shopify,16,deny,manual,89.99,,true,true,,,,,JNS-XL-BLF,https://cdn.shopify.com/s/files/1/0654/3828/6065/files/1644_2a536d42-66e0-42b7-ac98-c01457bc7000.jpg?v=1771600982,5,"",,,,,,,,,,,,,,,,,,,,,,,,,,,,,,,,,,,kg,,,
blue-jeans,,,,,,,,,,,,,,,,,,,,,,,,,,,,,,,,https://cdn.shopify.com/s/files/1/0654/3828/6065/files/2296_9ec9733f-7076-4656-b72c-065746bc0f5e.jpg?v=1771600982,6,"",,,,,,,,,,,,,,,,,,,,,,,,,,,,,,,,,,,,,,
blue-jeans,,,,,,,,,,,,,,,,,,,,,,,,,,,,,,,,https://cdn.shopify.com/s/files/1/0654/3828/6065/files/2303_6cbb6ca1-d4ff-4749-948b-4977c5e9c71e.jpg?v=1771600982,7,"",,,,,,,,,,,,,,,,,,,,,,,,,,,,,,,,,,,,,,
blue-jeans,,,,,,,,,,,,,,,,,,,,,,,,,,,,,,,,https://cdn.shopify.com/s/files/1/0654/3828/6065/files/2306_893227d6-52cf-4208-a9e4-824a79edc73c.jpg?v=1771600982,8,"",,,,,,,,,,,,,,,,,,,,,,,,,,,,,,,,,,,,,,
cream-tee,Armada Tee,"<ul>
<li>
<p class=""p1"">Color: cream, orange</p>
</li>
<li>
<p class=""p1"">305 gsm</p>
</li>
<li>
<p class=""p1"">100% cotton</p>
</li>
<li>
<p class=""p1"">Back logo printed in classic screen print + puff print</p>
</li>
<li>
<p class=""p1"">Front logo embroidered<br></p>
</li>
<li>
<meta charset=""utf-8"">
<p>Every order includes exclusive goodies &lt;3</p>
<meta charset=""utf-8"">
</li>
</ul>",Noclout,Apparel & Accessories,"",DROPSOON,true,Size,XS,,,,,,,,TEE-XS-ARMA,340.0,shopify,0,deny,manual,44.99,,true,true,,,,,,https://cdn.shopify.com/s/files/1/0654/3828/6065/files/Armada_Tee_Dos.jpg?v=1771415653,1,"",false,,,,,,,,,,,,,,,,,,,,,,,,,,,,,,,,,,kg,,,active
cream-tee,,,,,,,,,S,,,,,,,,TEE-S-ARMA,370.0,shopify,0,deny,manual,44.99,,true,true,,,,,,https://cdn.shopify.com/s/files/1/0654/3828/6065/files/Armada_Tee_Face.jpg?v=1771415653,2,"",,,,,,,,,,,,,,,,,,,,,,,,,,,,,,,,,,,kg,,,
cream-tee,,,,,,,,,M,,,,,,,,TEE-M-ARMA,390.0,shopify,0,deny,manual,44.99,,true,true,,,,,,https://cdn.shopify.com/s/files/1/0654/3828/6065/files/ARMADA_TEE_4.jpg?v=1771415653,3,"",,,,,,,,,,,,,,,,,,,,,,,,,,,,,,,,,,,kg,,,
cream-tee,,,,,,,,,L,,,,,,,,TEE-L-ARMA,400.0,shopify,0,deny,manual,44.99,,true,true,,,,,,https://cdn.shopify.com/s/files/1/0654/3828/6065/files/ARMADA_TEE_5.jpg?v=1771415653,4,"",,,,,,,,,,,,,,,,,,,,,,,,,,,,,,,,,,,kg,,,
cream-tee,,,,,,,,,XL,,,,,,,,TEE-XL-ARMA,410.0,shopify,0,deny,manual,44.99,,true,true,,,,,,https://cdn.shopify.com/s/files/1/0654/3828/6065/files/ARMADA_TEE_6.jpg?v=1771415653,5,"",,,,,,,,,,,,,,,,,,,,,,,,,,,,,,,,,,,kg,,,
cream-tee,,,,,,,,,,,,,,,,,,,,,,,,,,,,,,,,https://cdn.shopify.com/s/files/1/0654/3828/6065/files/ARMADA_TEE_1.jpg?v=1771415653,6,"",,,,,,,,,,,,,,,,,,,,,,,,,,,,,,,,,,,,,,
cream-tee,,,,,,,,,,,,,,,,,,,,,,,,,,,,,,,,https://cdn.shopify.com/s/files/1/0654/3828/6065/files/ARMADA_TEE_2.jpg?v=1771415653,7,"",,,,,,,,,,,,,,,,,,,,,,,,,,,,,,,,,,,,,,
cream-tee,,,,,,,,,,,,,,,,,,,,,,,,,,,,,,,,https://cdn.shopify.com/s/files/1/0654/3828/6065/files/ARMADA_TEE_3.jpg?v=1771415653,8,"",,,,,,,,,,,,,,,,,,,,,,,,,,,,,,,,,,,,,,
grey-tee,Artic Tee,"<ul>
<li>
<p class=""p1"">Color: grey, blue</p>
</li>
<li>
<p class=""p1"">305 gsm</p>
</li>
<li>
<p class=""p1"">100% cotton</p>
</li>
<li>
<p class=""p1"">Back logo printed in classic screen print + puff print</p>
</li>
<li>
<p class=""p1"">Front logo embroidered</p>
</li>
<li>
<p class=""p1"">Every order includes exclusive goodies &lt;3</p>
</li>
</ul>",Noclout,Apparel & Accessories,"",DROPSOON,true,Size,XS,,,,,,,,TEE-XS-ARTC,340.0,shopify,0,deny,manual,44.99,,true,true,,,,,,https://cdn.shopify.com/s/files/1/0654/3828/6065/files/Artic_tee_Dosss.jpg?v=1771416032,1,"",false,,,,,,,,,,,,,,,,,,,,,,,,,,,,,,,,,,kg,,,active
grey-tee,,,,,,,,,S,,,,,,,,TEE-S-ARTC,370.0,shopify,0,deny,manual,44.99,,true,true,,,,,,https://cdn.shopify.com/s/files/1/0654/3828/6065/files/Artic_Tee_Face.jpg?v=1771416032,2,"",,,,,,,,,,,,,,,,,,,,,,,,,,,,,,,,,,,kg,,,
grey-tee,,,,,,,,,M,,,,,,,,TEE-M-ARTC,390.0,shopify,0,deny,manual,44.99,,true,true,,,,,,https://cdn.shopify.com/s/files/1/0654/3828/6065/files/1566-ARTIC.jpg?v=1771416032,3,"",,,,,,,,,,,,,,,,,,,,,,,,,,,,,,,,,,,kg,,,
grey-tee,,,,,,,,,L,,,,,,,,TEE-L-ARTC,400.0,shopify,0,deny,manual,44.99,,true,true,,,,,,https://cdn.shopify.com/s/files/1/0654/3828/6065/files/1567-ARTIC.jpg?v=1771416032,4,"",,,,,,,,,,,,,,,,,,,,,,,,,,,,,,,,,,,kg,,,
grey-tee,,,,,,,,,XL,,,,,,,,TEE-XL-ARTC,410.0,shopify,0,deny,manual,44.99,,true,true,,,,,,https://cdn.shopify.com/s/files/1/0654/3828/6065/files/Plan_de_travail_2.jpg?v=1771416214,5,"",,,,,,,,,,,,,,,,,,,,,,,,,,,,,,,,,,,kg,,,
grey-tee,,,,,,,,,,,,,,,,,,,,,,,,,,,,,,,,https://cdn.shopify.com/s/files/1/0654/3828/6065/files/ARTIC_TEE_1.jpg?v=1771416214,6,"",,,,,,,,,,,,,,,,,,,,,,,,,,,,,,,,,,,,,,
grey-tee,,,,,,,,,,,,,,,,,,,,,,,,,,,,,,,,https://cdn.shopify.com/s/files/1/0654/3828/6065/files/ARTIC_TEE_2.jpg?v=1771416214,7,"",,,,,,,,,,,,,,,,,,,,,,,,,,,,,,,,,,,,,,
grey-tee,,,,,,,,,,,,,,,,,,,,,,,,,,,,,,,,https://cdn.shopify.com/s/files/1/0654/3828/6065/files/Plan_de_travail_1.jpg?v=1771416214,8,"",,,,,,,,,,,,,,,,,,,,,,,,,,,,,,,,,,,,,,
cream-knit,Cream Knit,"<ul>
<li>
<p class=""p1"">Colors: cream, white</p>
</li>
<li>
<p class=""p1"">100% cotton</p>
</li>
<li>
<p class=""p1"">Front logo embroidered</p>
</li>
<li>
<p class=""p1"">Back logo embroidered with chenille detailing</p>
</li>
<li>
<p class=""p1"">Fitted collar</p>
</li>
<li>
<p class=""p1"">Every order includes exclusive goodies &lt;3</p>
</li>
</ul>",Noclout,Apparel & Accessories > Clothing > Clothing Tops > Sweaters,"",DROPSOON,true,Size,XS,,,,,,,,KNT-XS-CREM,850.0,shopify,1,deny,manual,89.99,,true,true,,,,,KNT-XS-CREM,https://cdn.shopify.com/s/files/1/0654/3828/6065/files/new_knit_arriere_beige.jpg?v=1741777191,1,"",false,,,173,,,,,,,,,,,,,,,,'2,,,,,,,,,,,,,,,kg,,,active
cream-knit,,,,,,,,,S,,,,,,,,KNT-S-CREM,940.0,shopify,0,deny,manual,89.99,,true,true,,,,,KNT-S-CREM,https://cdn.shopify.com/s/files/1/0654/3828/6065/files/new_knit_avant_beige.jpg?v=1741777191,2,"",,,,,,,,,,,,,,,,,,,,,,,,,,,,,,,,,,,kg,,,
cream-knit,,,,,,,,,M,,,,,,,,KNT-M-CREM,980.0,shopify,0,deny,manual,89.99,,true,true,,,,,KNT-M-CREM,https://cdn.shopify.com/s/files/1/0654/3828/6065/files/2183.jpg?v=1748529318,3,"",,,,,,,,,,,,,,,,,,,,,,,,,,,,,,,,,,,kg,,,
cream-knit,,,,,,,,,L,,,,,,,,KNT-L-CREM,1030.0,shopify,0,deny,manual,89.99,,true,true,,,,,KNT-L-CREM,https://cdn.shopify.com/s/files/1/0654/3828/6065/files/2186.jpg?v=1748529318,4,"",,,,,,,,,,,,,,,,,,,,,,,,,,,,,,,,,,,kg,,,
cream-knit,,,,,,,,,XL,,,,,,,,KNT-XL-CREM,1080.0,shopify,0,deny,manual,89.99,,true,true,,,,,KNT-XL-CREM,https://cdn.shopify.com/s/files/1/0654/3828/6065/files/2188.jpg?v=1748529318,5,"",,,,,,,,,,,,,,,,,,,,,,,,,,,,,,,,,,,kg,,,
cream-knit,,,,,,,,,,,,,,,,,,,,,,,,,,,,,,,,https://cdn.shopify.com/s/files/1/0654/3828/6065/files/IMG_9115.jpg?v=1755864818,6,"",,,,,,,,,,,,,,,,,,,,,,,,,,,,,,,,,,,,,,
cream-knit,,,,,,,,,,,,,,,,,,,,,,,,,,,,,,,,https://cdn.shopify.com/s/files/1/0654/3828/6065/files/IMG_9116_02a587c1-1a36-427c-a738-0df3294a61cc.jpg?v=1755864817,7,"",,,,,,,,,,,,,,,,,,,,,,,,,,,,,,,,,,,,,,
cream-knit,,,,,,,,,,,,,,,,,,,,,,,,,,,,,,,,https://cdn.shopify.com/s/files/1/0654/3828/6065/files/IMG_9117_53811ab4-fdd3-4781-92e2-13b778b5b261.jpg?v=1755864910,8,"",,,,,,,,,,,,,,,,,,,,,,,,,,,,,,,,,,,,,,
pinky-knit,Flamingo Knit,"<ul>
<li>
<p class=""p1"">Colors: pink, white</p>
</li>
<li>
<p class=""p1"">100% cotton</p>
</li>
<li>
<p class=""p1"">Front logo embroidered</p>
</li>
<li>
<p class=""p1"">Back logo embroidered with chenille detailing</p>
</li>
<li>
<p class=""p1"">Fitted collar</p>
</li>
<li>
<p class=""p1"">Every order includes exclusive goodies &lt;3</p>
</li>
</ul>",Noclout,Apparel & Accessories > Clothing > Clothing Tops > Sweaters,"",DROPSOON,true,Size,XS,,,,,,,,KNT-XS-FLMO,850.0,shopify,11,deny,manual,89.99,,true,true,,,,,KNT-XS-FLMO,https://cdn.shopify.com/s/files/1/0654/3828/6065/files/new_knit_arriere_rose_e2d2a1ec-e2da-4c66-9274-02fdf3cf967b.jpg?v=1741777431,1,"",false,,,173,,,,,,,,,,,,,,TRUE,,'3,,,,,,,,,,,,,,,kg,,,active
pinky-knit,,,,,,,,,S,,,,,,,,KNT-S-FLMO,940.0,shopify,34,deny,manual,89.99,,true,true,,,,,KNT-S-FLMO,https://cdn.shopify.com/s/files/1/0654/3828/6065/files/new_knit_avant_rose_ae311160-a818-4373-9514-9c4fb76a5957.jpg?v=1741777431,2,"",,,,,,,,,,,,,,,,,,,,,,,,,,,,,,,,,,,kg,,,
pinky-knit,,,,,,,,,M,,,,,,,,KNT-M-FLMO,980.0,shopify,59,deny,manual,89.99,,true,true,,,,,KNT-M-FLMO,https://cdn.shopify.com/s/files/1/0654/3828/6065/files/1609.jpg?v=1748527253,3,"",,,,,,,,,,,,,,,,,,,,,,,,,,,,,,,,,,,kg,,,
pinky-knit,,,,,,,,,L,,,,,,,,KNT-L-FLMO,1030.0,shopify,36,deny,manual,89.99,,true,true,,,,,KNT-L-FLMO,https://cdn.shopify.com/s/files/1/0654/3828/6065/files/1612.jpg?v=1748527253,4,"",,,,,,,,,,,,,,,,,,,,,,,,,,,,,,,,,,,kg,,,
pinky-knit,,,,,,,,,XL,,,,,,,,KNT-XL-FLMO,1080.0,shopify,11,deny,manual,89.99,,true,true,,,,,KNT-XL-FLMO,https://cdn.shopify.com/s/files/1/0654/3828/6065/files/1616.jpg?v=1748527253,5,"",,,,,,,,,,,,,,,,,,,,,,,,,,,,,,,,,,,kg,,,
pinky-knit,,,,,,,,,,,,,,,,,,,,,,,,,,,,,,,,https://cdn.shopify.com/s/files/1/0654/3828/6065/files/IMG_9130.jpg?v=1755864818,6,"",,,,,,,,,,,,,,,,,,,,,,,,,,,,,,,,,,,,,,
pinky-knit,,,,,,,,,,,,,,,,,,,,,,,,,,,,,,,,https://cdn.shopify.com/s/files/1/0654/3828/6065/files/IMG_9131.jpg?v=1755864818,7,"",,,,,,,,,,,,,,,,,,,,,,,,,,,,,,,,,,,,,,
pinky-knit,,,,,,,,,,,,,,,,,,,,,,,,,,,,,,,,https://cdn.shopify.com/s/files/1/0654/3828/6065/files/IMG_9132.jpg?v=1755864818,8,"",,,,,,,,,,,,,,,,,,,,,,,,,,,,,,,,,,,,,,
blue-knit,Pelago Knit,"<ul>
<li>
<p class=""p1"">Colors: blue, white</p>
</li>
<li>
<p class=""p1"">100% cotton</p>
</li>
<li>
<p class=""p1"">Front logo embroidered</p>
</li>
<li>
<p class=""p1"">Back logo embroidered with chenille detailing</p>
</li>
<li>
<p class=""p1"">Fitted collar</p>
</li>
<li>
<p class=""p1"">Every order includes exclusive goodies &lt;3</p>
</li>
</ul>",Noclout,Apparel & Accessories > Clothing > Clothing Tops > Sweaters,"","",true,Size,XS,,,,,,,,KNT-XS-PLGO,850.0,shopify,18,deny,manual,89.99,,true,true,,,,,KNT-XS-PLGO,https://cdn.shopify.com/s/files/1/0654/3828/6065/files/PELAGO_KNIT_1.jpg?v=1771430111,1,"",false,,,173,,,,,,,,,,,,,,TRUE,,'3,,,,,,,,,,,,,,,kg,,,active
blue-knit,,,,,,,,,S,,,,,,,,KNT-S-PLGO,940.0,shopify,39,deny,manual,89.99,,true,true,,,,,KNT-S-PLGO,https://cdn.shopify.com/s/files/1/0654/3828/6065/files/new_knit_avant_bleu_f2.jpg?v=1771430111,2,"",,,,,,,,,,,,,,,,,,,,,,,,,,,,,,,,,,,kg,,,
blue-knit,,,,,,,,,M,,,,,,,,KNT-M-PLGO,980.0,shopify,67,deny,manual,89.99,,true,true,,,,,KNT-M-PLGO,https://cdn.shopify.com/s/files/1/0654/3828/6065/files/new_knit_avant_bleu_2.jpg?v=1771430111,3,"",,,,,,,,,,,,,,,,,,,,,,,,,,,,,,,,,,,kg,,,
blue-knit,,,,,,,,,L,,,,,,,,KNT-L-PLGO,1030.0,shopify,46,deny,manual,89.99,,true,true,,,,,KNT-L-PLGO,https://cdn.shopify.com/s/files/1/0654/3828/6065/files/1749.jpg?v=1771430111,4,"",,,,,,,,,,,,,,,,,,,,,,,,,,,,,,,,,,,kg,,,
blue-knit,,,,,,,,,XL,,,,,,,,KNT-XL-PLGO,1080.0,shopify,21,deny,manual,89.99,,true,true,,,,,KNT-XL-PLGO,https://cdn.shopify.com/s/files/1/0654/3828/6065/files/1753.jpg?v=1771430111,5,"",,,,,,,,,,,,,,,,,,,,,,,,,,,,,,,,,,,kg,,,
blue-knit,,,,,,,,,,,,,,,,,,,,,,,,,,,,,,,,https://cdn.shopify.com/s/files/1/0654/3828/6065/files/1756.jpg?v=1771430111,6,"",,,,,,,,,,,,,,,,,,,,,,,,,,,,,,,,,,,,,,
blue-knit,,,,,,,,,,,,,,,,,,,,,,,,,,,,,,,,https://cdn.shopify.com/s/files/1/0654/3828/6065/files/PELAGO_KNIT_2.jpg?v=1756720745,7,"",,,,,,,,,,,,,,,,,,,,,,,,,,,,,,,,,,,,,,
blue-knit,,,,,,,,,,,,,,,,,,,,,,,,,,,,,,,,https://cdn.shopify.com/s/files/1/0654/3828/6065/files/PELAGO_KNIT_3.jpg?v=1756720745,8,"",,,,,,,,,,,,,,,,,,,,,,,,,,,,,,,,,,,,,,
orange-knit,Mars Knit,"<ul>
<li>
<p class=""p1"">Colors: orange, cream</p>
</li>
<li>
<p class=""p1"">100% cotton</p>
</li>
<li>
<p class=""p1"">Front logo embroidered</p>
</li>
<li>
<p class=""p1"">Back logo embroidered with chenille detailing</p>
</li>
<li>
<p class=""p1"">Fitted collar</p>
</li>
<li>
<p class=""p1"">Every order includes exclusive goodies &lt;3</p>
</li>
</ul>",Noclout,Apparel & Accessories > Clothing > Clothing Tops > Sweaters,"",DROPSOON,true,Size,XS,,,,,,,,KNT-XS-MARS,850.0,shopify,10,deny,manual,89.99,,true,true,,,,,KNT-XS-MARS,https://cdn.shopify.com/s/files/1/0654/3828/6065/files/new_knit_arriere_orange_2.jpg?v=1741777729,1,"",false,,,173,,,,,,,,,,,,,,,,,,,,,,,,,,,,,,,kg,,,active
orange-knit,,,,,,,,,S,,,,,,,,KNT-S-MARS,940.0,shopify,1,deny,manual,89.99,,true,true,,,,,KNT-S-MARS,https://cdn.shopify.com/s/files/1/0654/3828/6065/files/new_knit_avant_orange_2.jpg?v=1741777729,2,"",,,,,,,,,,,,,,,,,,,,,,,,,,,,,,,,,,,kg,,,
orange-knit,,,,,,,,,M,,,,,,,,KNT-M-MARS,980.0,shopify,0,deny,manual,89.99,,true,true,,,,,KNT-M-MARS,https://cdn.shopify.com/s/files/1/0654/3828/6065/files/1763.jpg?v=1748528013,3,"",,,,,,,,,,,,,,,,,,,,,,,,,,,,,,,,,,,kg,,,
orange-knit,,,,,,,,,L,,,,,,,,KNT-L-MARS,1030.0,shopify,0,deny,manual,89.99,,true,true,,,,,KNT-L-MARS,https://cdn.shopify.com/s/files/1/0654/3828/6065/files/1765.jpg?v=1748528012,4,"",,,,,,,,,,,,,,,,,,,,,,,,,,,,,,,,,,,kg,,,
orange-knit,,,,,,,,,XL,,,,,,,,KNT-XL-MARS,1080.0,shopify,0,deny,manual,89.99,,true,true,,,,,KNT-XL-MARS,https://cdn.shopify.com/s/files/1/0654/3828/6065/files/1768.jpg?v=1748528012,5,"",,,,,,,,,,,,,,,,,,,,,,,,,,,,,,,,,,,kg,,,
orange-knit,,,,,,,,,,,,,,,,,,,,,,,,,,,,,,,,https://cdn.shopify.com/s/files/1/0654/3828/6065/files/IMG_9133.jpg?v=1755864818,6,"",,,,,,,,,,,,,,,,,,,,,,,,,,,,,,,,,,,,,,
orange-knit,,,,,,,,,,,,,,,,,,,,,,,,,,,,,,,,https://cdn.shopify.com/s/files/1/0654/3828/6065/files/IMG_9134.jpg?v=1755864818,7,"",,,,,,,,,,,,,,,,,,,,,,,,,,,,,,,,,,,,,,
orange-knit,,,,,,,,,,,,,,,,,,,,,,,,,,,,,,,,https://cdn.shopify.com/s/files/1/0654/3828/6065/files/IMG_9135.jpg?v=1755864818,8,"",,,,,,,,,,,,,,,,,,,,,,,,,,,,,,,,,,,,,,
darker-jean,Darker Jeans,"<ul>
<li>
<p class=""p1"">Faded black denim</p>
</li>
<li>
<p class=""p1"">100% cotton (non-stretch)</p>
</li>
<li>
<p class=""p1"">Woven denim fabric</p>
</li>
<li>
<p class=""p1"">3D embroidered black logo on back left pocket</p>
</li>
<li>
<p class=""p1"">Tone-on-tone embroidery on front right pocket</p>
</li>
<li>
<p class=""p1"">Custom jacron patch</p>
</li>
<li>
<p class=""p1"">Every order includes exclusive goodies &lt;3</p>
</li>
</ul>",Noclout,Uncategorized,"","",true,Size,XS,,,,,,,,JNS-XS-DKR,780.0,shopify,11,deny,manual,89.99,,true,true,,,,,JNS-XS-DKR,https://cdn.shopify.com/s/files/1/0654/3828/6065/files/DJ.jpg?v=1771430150,1,"",false,,,,,,,,,,,,,,,,,,,'1,,,,,,,,,,,,,,,kg,,,active
darker-jean,,,,,,,,,S,,,,,,,,JNS-S-DKR,850.0,shopify,11,deny,manual,89.99,,true,true,,,,,JNS-S-DKR,https://cdn.shopify.com/s/files/1/0654/3828/6065/files/DJ-Back.jpg?v=1771430150,2,"",,,,,,,,,,,,,,,,,,,,,,,,,,,,,,,,,,,kg,,,
darker-jean,,,,,,,,,M,,,,,,,,JNS-M-DKR,900.0,shopify,22,deny,manual,89.99,,true,true,,,,,JNS-M-DKR,https://cdn.shopify.com/s/files/1/0654/3828/6065/files/1971_a91dde37-7064-4387-aae4-5b02d8c9bb6a.jpg?v=1771430252,3,"",,,,,,,,,,,,,,,,,,,,,,,,,,,,,,,,,,,kg,,,
darker-jean,,,,,,,,,L,,,,,,,,JNS-L-DKR,940.0,shopify,12,deny,manual,89.99,,true,true,,,,,JNS-L-DKR,https://cdn.shopify.com/s/files/1/0654/3828/6065/files/1975_36324565-d561-4889-adfb-9754b78c31d1.jpg?v=1747849103,4,"",,,,,,,,,,,,,,,,,,,,,,,,,,,,,,,,,,,kg,,,
darker-jean,,,,,,,,,XL,,,,,,,,JNS-XL-DKR,980.0,shopify,14,deny,manual,89.99,,true,true,,,,,JNS-XL-DKR,https://cdn.shopify.com/s/files/1/0654/3828/6065/files/1984_66ef4849-ba16-464c-b88b-89896c5589d5.jpg?v=1747849103,5,"",,,,,,,,,,,,,,,,,,,,,,,,,,,,,,,,,,,kg,,,
darker-jean,,,,,,,,,,,,,,,,,,,,,,,,,,,,,,,,https://cdn.shopify.com/s/files/1/0654/3828/6065/files/2883_7e502ba2-7a76-423d-a99d-561b83a9006a.jpg?v=1747849103,6,"",,,,,,,,,,,,,,,,,,,,,,,,,,,,,,,,,,,,,,
darker-jean,,,,,,,,,,,,,,,,,,,,,,,,,,,,,,,,https://cdn.shopify.com/s/files/1/0654/3828/6065/files/2884_bdba5a65-0cbd-4a17-8e8d-25a8e57a7767.jpg?v=1751545439,7,"",,,,,,,,,,,,,,,,,,,,,,,,,,,,,,,,,,,,,,
darker-jean,,,,,,,,,,,,,,,,,,,,,,,,,,,,,,,,https://cdn.shopify.com/s/files/1/0654/3828/6065/files/2889_b9350bf0-838b-40b2-af1a-87e67c964436.jpg?v=1751545439,8,"",,,,,,,,,,,,,,,,,,,,,,,,,,,,,,,,,,,,,,
darker-beanie,Darker Beanie,"<ul>
<li>
<p class=""p1"">Colors: black, white</p>
</li>
<li>
<p class=""p1"">100% cotton</p>
</li>
<li>
<p class=""p1"">Jacquard logo</p>
</li>
<li>
<p class=""p1"">Every order includes exclusive goodies &lt;3</p>
</li>
</ul>",Noclout,Apparel & Accessories,"","",true,Title,Default Title,,,,,,,,BNE-AS-DARKER-1,100.0,shopify,0,deny,manual,34.99,,true,true,,,,,"",https://cdn.shopify.com/s/files/1/0654/3828/6065/files/neww_beanie.jpg?v=1741777878,1,"",false,,,,,,,,,,,,,,,,,,,,,,,,,,,,,,,,,,kg,,,active
darker-beanie,,,,,,,,,,,,,,,,,,,,,,,,,,,,,,,,https://cdn.shopify.com/s/files/1/0654/3828/6065/files/1842.jpg?v=1748528129,2,"",,,,,,,,,,,,,,,,,,,,,,,,,,,,,,,,,,,,,,
darker-beanie,,,,,,,,,,,,,,,,,,,,,,,,,,,,,,,,https://cdn.shopify.com/s/files/1/0654/3828/6065/files/1843.jpg?v=1748528129,3,"",,,,,,,,,,,,,,,,,,,,,,,,,,,,,,,,,,,,,,
darker-beanie,,,,,,,,,,,,,,,,,,,,,,,,,,,,,,,,https://cdn.shopify.com/s/files/1/0654/3828/6065/files/1845.jpg?v=1748528129,4,"",,,,,,,,,,,,,,,,,,,,,,,,,,,,,,,,,,,,,,
brume-atomic-jersey-copy,Darker Jersey,"<ul>
<li>
<p class=""p1"">Colors: black, grey</p>
</li>
<li>
<p class=""p1"">150gsm / 180gsm</p>
</li>
<li>
<p class=""p1"">100% polyester</p>
</li>
<li>
<p class=""p1"">Back logo printed with sublimation</p>
</li>
<li>
<p class=""p1"">Front woven label</p>
</li>
<li>
<p class=""p1"">Printed neck label (prevents friction)<br></p>
</li>
<li>
<p class=""p1"">Every order includes exclusive goodies &lt;3</p>
</li>
</ul>",Noclout,Apparel & Accessories > Clothing > Clothing Tops > T-Shirts,"","",true,Size,xs,product.metafields.shopify.size,,,,,,,JER-XS-NOIR,230.0,shopify,7,deny,manual,39.99,,true,true,,,,,JER-XS-NOIR,https://cdn.shopify.com/s/files/1/0654/3828/6065/files/new_jersey.jpg?v=1750321811,1,"",false,,,212,,adult,,,,,,,,,,,,,,,adultes,,gray,cotton,crew,xs; s; m; l; xl,short,unisexe,,,,,,,kg,,,active
brume-atomic-jersey-copy,,,,,,,,,s,,,,,,,,JER-S-NOIR,240.0,shopify,47,deny,manual,39.99,,true,true,,,,,JER-S-NOIR,https://cdn.shopify.com/s/files/1/0654/3828/6065/files/new_JERSEY_DOS.jpg?v=1750321811,2,"",,,,,,,,,,,,,,,,,,,,,,,,,,,,,,,,,,,kg,,,
brume-atomic-jersey-copy,,,,,,,,,m,,,,,,,,JER-M-NOIR,250.0,shopify,73,deny,manual,39.99,,true,true,,,,,JER-M-NOIR,https://cdn.shopify.com/s/files/1/0654/3828/6065/files/2119.jpg?v=1748529248,3,"",,,,,,,,,,,,,,,,,,,,,,,,,,,,,,,,,,,kg,,,
brume-atomic-jersey-copy,,,,,,,,,l,,,,,,,,JER-L-NOIR,260.0,shopify,65,deny,manual,39.99,,true,true,,,,,JER-L-NOIR,https://cdn.shopify.com/s/files/1/0654/3828/6065/files/2121.jpg?v=1748529248,4,"",,,,,,,,,,,,,,,,,,,,,,,,,,,,,,,,,,,kg,,,
brume-atomic-jersey-copy,,,,,,,,,xl,,,,,,,,JER-XL-NOIR,270.0,shopify,6,deny,manual,39.99,,true,true,,,,,JER-XL-NOIR,https://cdn.shopify.com/s/files/1/0654/3828/6065/files/2125.jpg?v=1748529248,5,"",,,,,,,,,,,,,,,,,,,,,,,,,,,,,,,,,,,kg,,,
brume-atomic-jersey-copy,,,,,,,,,,,,,,,,,,,,,,,,,,,,,,,,https://cdn.shopify.com/s/files/1/0654/3828/6065/files/IMG_9121.jpg?v=1755864818,6,"",,,,,,,,,,,,,,,,,,,,,,,,,,,,,,,,,,,,,,
brume-atomic-jersey-copy,,,,,,,,,,,,,,,,,,,,,,,,,,,,,,,,https://cdn.shopify.com/s/files/1/0654/3828/6065/files/IMG_9122.jpg?v=1755864972,7,"",,,,,,,,,,,,,,,,,,,,,,,,,,,,,,,,,,,,,,
brume-atomic-jersey-copy,,,,,,,,,,,,,,,,,,,,,,,,,,,,,,,,https://cdn.shopify.com/s/files/1/0654/3828/6065/files/IMG_9123.jpg?v=1755864817,8,"",,,,,,,,,,,,,,,,,,,,,,,,,,,,,,,,,,,,,,
darker-hoodie-bf,Darker Hoodie,"<ul>
<li>
<p class=""p1"">Colors: black, white</p>
</li>
<li>
<p class=""p1"">350 gsm</p>
</li>
<li>
<p class=""p1"">80% cotton, 20% polyester</p>
</li>
<li>
<p class=""p1"">2 logos (embroidered + printed)</p>
</li>
<li>
<p class=""p1"">Every order includes exclusive goodies &lt;3</p>
</li>
</ul>",Noclout,Apparel & Accessories,"",BIENTOT-DISPO,true,Size,XS,,,,,,,,HDE-XS-DKR,800.0,shopify,1,deny,manual,84.99,,true,true,,,,,HDE-XS-DKR,https://cdn.shopify.com/s/files/1/0654/3828/6065/files/IMG_9119_00e3b04c-03ae-4b44-b8ea-c2c6490be688.jpg?v=1771430239,1,"",false,,,,,,,,,,,,,,,,,,,,,,,,,,,,,,,,,,kg,,,active
darker-hoodie-bf,,,,,,,,,S,,,,,,,,HDE-S-DKR,870.0,shopify,10,deny,manual,84.99,,true,true,,,,,HDE-S-DKR,https://cdn.shopify.com/s/files/1/0654/3828/6065/files/new_darker_hoodie_Dos_aa69d154-af49-4a2c-b39d-d1f57f4548a1.jpg?v=1771430239,2,"",,,,,,,,,,,,,,,,,,,,,,,,,,,,,,,,,,,kg,,,
darker-hoodie-bf,,,,,,,,,M,,,,,,,,HDE-M-DKR,880.0,shopify,15,deny,manual,84.99,,true,true,,,,,HDE-M-DKR,https://cdn.shopify.com/s/files/1/0654/3828/6065/files/new_darker_hoodie_avant_6cd4a424-4646-4688-a949-3209a57f4f97.jpg?v=1771430239,3,"",,,,,,,,,,,,,,,,,,,,,,,,,,,,,,,,,,,kg,,,
darker-hoodie-bf,,,,,,,,,L,,,,,,,,HDE-L-DKR,900.0,shopify,8,deny,manual,84.99,,true,true,,,,,HDE-L-DKR,https://cdn.shopify.com/s/files/1/0654/3828/6065/files/1831.jpg?v=1771430239,4,"",,,,,,,,,,,,,,,,,,,,,,,,,,,,,,,,,,,kg,,,
darker-hoodie-bf,,,,,,,,,XL,,,,,,,,HDE-XL-DKR,960.0,shopify,1,deny,manual,84.99,,true,true,,,,,HDE-XL-DKR,https://cdn.shopify.com/s/files/1/0654/3828/6065/files/1835.jpg?v=1771430239,5,"",,,,,,,,,,,,,,,,,,,,,,,,,,,,,,,,,,,kg,,,
darker-hoodie-bf,,,,,,,,,,,,,,,,,,,,,,,,,,,,,,,,https://cdn.shopify.com/s/files/1/0654/3828/6065/files/1839.jpg?v=1771430239,6,"",,,,,,,,,,,,,,,,,,,,,,,,,,,,,,,,,,,,,,
darker-hoodie-bf,,,,,,,,,,,,,,,,,,,,,,,,,,,,,,,,https://cdn.shopify.com/s/files/1/0654/3828/6065/files/IMG_9118_93457646-467c-4f9e-87f3-37ceb134fbbd.jpg?v=1771430239,7,"",,,,,,,,,,,,,,,,,,,,,,,,,,,,,,,,,,,,,,
darker-hoodie-bf,,,,,,,,,,,,,,,,,,,,,,,,,,,,,,,,https://cdn.shopify.com/s/files/1/0654/3828/6065/files/IMG_9120_96ee646a-e598-4f76-98bc-ea507d7359ad.jpg?v=1755864944,8,"",,,,,,,,,,,,,,,,,,,,,,,,,,,,,,,,,,,,,,
darker-tee,Darker Tee V2,"<ul>
<li>
<p class=""p1"">Colors: black, white</p>
</li>
<li>
<p class=""p1"">305 gsm</p>
</li>
<li>
<p class=""p1"">100% cotton</p>
</li>
<li>
<p class=""p1"">Back logo printed in classic screen print + puff print</p>
</li>
<li>
<p class=""p1"">Front logo embroidered</p>
</li>
<li>
<p class=""p1"">Every order includes exclusive goodies &lt;3</p>
</li>
</ul>",Noclout,Apparel & Accessories > Clothing > Clothing Tops > T-Shirts,"","",true,Size,XS,,,,,,,,TEE_XS_DKR,260.0,shopify,17,deny,manual,44.99,,true,true,,,,,TEE_XS_DKR,https://cdn.shopify.com/s/files/1/0654/3828/6065/files/Darker_Tee_Dos.jpg?v=1771415726,1,"",false,,,212,,,,,,,,,,,,,,,,'2,,,,,,,,,,,,,,,kg,,,active
darker-tee,,,,,,,,,S,,,,,,,,TEE_S_DKR,280.0,shopify,26,deny,manual,44.99,,true,true,,,,,TEE_S_DKR,https://cdn.shopify.com/s/files/1/0654/3828/6065/files/Darker_Tee_Face.jpg?v=1771415726,2,"",,,,,,,,,,,,,,,,,,,,,,,,,,,,,,,,,,,kg,,,
darker-tee,,,,,,,,,M,,,,,,,,TEE_M_DKR,300.0,shopify,46,deny,manual,44.99,,true,true,,,,,TEE_M_DKR,https://cdn.shopify.com/s/files/1/0654/3828/6065/files/1943-DARKER.jpg?v=1771415726,3,"",,,,,,,,,,,,,,,,,,,,,,,,,,,,,,,,,,,kg,,,
darker-tee,,,,,,,,,L,,,,,,,,TEE_L_DKR,320.0,shopify,24,deny,manual,44.99,,true,true,,,,,TEE_L_DKR,https://cdn.shopify.com/s/files/1/0654/3828/6065/files/1946-DARKER.jpg?v=1771415726,4,"",,,,,,,,,,,,,,,,,,,,,,,,,,,,,,,,,,,kg,,,
darker-tee,,,,,,,,,XL,,,,,,,,TEE_XL_DKR,340.0,shopify,7,deny,manual,44.99,,true,true,,,,,TEE_XL_DKR,https://cdn.shopify.com/s/files/1/0654/3828/6065/files/1951-DARKER.jpg?v=1771415726,5,"",,,,,,,,,,,,,,,,,,,,,,,,,,,,,,,,,,,kg,,,
darker-knit,Darker Knit,"<ul>
<li>
<p class=""p1"">Colors: black, white</p>
</li>
<li>
<p class=""p1"">100% cotton</p>
</li>
<li>
<p class=""p1"">Front logo embroidered</p>
</li>
<li>
<p class=""p1"">Back logo embroidered with chenille detailing</p>
</li>
<li>
<p class=""p1"">Fitted collar</p>
</li>
<li>
<p class=""p1"">Every order includes exclusive goodies &lt;3</p>
</li>
</ul>",Noclout,Apparel & Accessories > Clothing Accessories > Hats,"","",true,Size,XS,,,,,,,,KNT-XS-DRK,850.0,shopify,10,deny,manual,89.99,,true,true,,,,,KNT-XS-DRK,https://cdn.shopify.com/s/files/1/0654/3828/6065/files/new_knit_arriere.jpg?v=1774345902,1,"",false,,,173,,,,,,,,,,,,,,TRUE,,'6,,,,,,,,,,,,,,,kg,,,active
darker-knit,,,,,,,,,S,,,,,,,,KNT-S-DRK,940.0,shopify,29,deny,manual,89.99,,true,true,,,,,KNT-S-DRK,https://cdn.shopify.com/s/files/1/0654/3828/6065/files/new_knit_avant.jpg?v=1774346131,2,"",,,,,,,,,,,,,,,,,,,,,,,,,,,,,,,,,,,kg,,,
darker-knit,,,,,,,,,M,,,,,,,,KNT-M-DRK,980.0,shopify,53,deny,manual,89.99,,true,true,,,,,KNT-M-DRK,https://cdn.shopify.com/s/files/1/0654/3828/6065/files/IMG_9125_c25e52f7-c27e-497d-ab03-98b50ea2aa6a.jpg?v=1771430218,3,"",,,,,,,,,,,,,,,,,,,,,,,,,,,,,,,,,,,kg,,,
darker-knit,,,,,,,,,L,,,,,,,,KNT-L-DRK,1030.0,shopify,22,deny,manual,89.99,,true,true,,,,,KNT-L-DRK,https://cdn.shopify.com/s/files/1/0654/3828/6065/files/1784.jpg?v=1771412416,4,"",,,,,,,,,,,,,,,,,,,,,,,,,,,,,,,,,,,kg,,,
darker-knit,,,,,,,,,XL,,,,,,,,KNT-XL-DRK,1080.0,shopify,10,deny,manual,89.99,,true,true,,,,,KNT-XL-DRK,https://cdn.shopify.com/s/files/1/0654/3828/6065/files/1786.jpg?v=1771412416,5,"",,,,,,,,,,,,,,,,,,,,,,,,,,,,,,,,,,,kg,,,
darker-knit,,,,,,,,,,,,,,,,,,,,,,,,,,,,,,,,https://cdn.shopify.com/s/files/1/0654/3828/6065/files/1789.jpg?v=1771412416,6,"",,,,,,,,,,,,,,,,,,,,,,,,,,,,,,,,,,,,,,
darker-knit,,,,,,,,,,,,,,,,,,,,,,,,,,,,,,,,https://cdn.shopify.com/s/files/1/0654/3828/6065/files/IMG_9124_6bd98a5e-a1a2-4b9d-856d-c1b0dc4638d0.jpg?v=1771412416,7,"",,,,,,,,,,,,,,,,,,,,,,,,,,,,,,,,,,,,,,
darker-knit,,,,,,,,,,,,,,,,,,,,,,,,,,,,,,,,https://cdn.shopify.com/s/files/1/0654/3828/6065/files/IMG_9126_898739b4-9bc8-47ed-ac85-a5d49407afc3.jpg?v=1755865002,8,"",,,,,,,,,,,,,,,,,,,,,,,,,,,,,,,,,,,,,,
lugia-atomic-jersey,Skypiea Atomic Jersey,"<ul>
<li>
<p class=""p1"">Colors: blue, white</p>
</li>
<li>
<p class=""p1"">150gsm / 180gsm</p>
</li>
<li>
<p class=""p1"">100% polyester</p>
</li>
<li>
<p class=""p1"">Back logo printed with sublimation</p>
</li>
<li>
<p class=""p1"">Front woven label</p>
</li>
<li>
<p class=""p1"">Printed neck label (prevents friction)<br></p>
</li>
<li>
<p class=""p1"">Every order includes exclusive goodies &lt;3</p>
</li>
</ul>",Noclout,Apparel & Accessories > Clothing > Clothing Tops > T-Shirts,"","",true,Size,xs,product.metafields.shopify.size,,,,,,,JER-XS-BLEU,230.0,shopify,9,deny,manual,39.99,,true,true,,,,,JER-XS-BLEU,https://cdn.shopify.com/s/files/1/0654/3828/6065/files/new_Jersey_Bleu_avant_c9ef71fc-9616-462a-adb5-a0fd2235ad15.jpg?v=1750321817,1,"",false,,,212,,adult,,,,,,,,,,,,,,'3,adultes,,gray,cotton,crew,xs; s; m; l; xl,short,unisexe,,,,,,,kg,,,active
lugia-atomic-jersey,,,,,,,,,s,,,,,,,,JER-S-BLEU,240.0,shopify,49,deny,manual,39.99,,true,true,,,,,JER-S-BLEU,https://cdn.shopify.com/s/files/1/0654/3828/6065/files/new_Jersey_Bleu_Dos_07f1a8d4-7608-40a0-bdbc-6a8af06fd91a.jpg?v=1750321817,2,"",,,,,,,,,,,,,,,,,,,,,,,,,,,,,,,,,,,kg,,,
lugia-atomic-jersey,,,,,,,,,m,,,,,,,,JER-M-BLEU,250.0,shopify,130,deny,manual,39.99,,true,true,,,,,JER-M-BLEU,https://cdn.shopify.com/s/files/1/0654/3828/6065/files/2107.jpg?v=1751838203,3,"",,,,,,,,,,,,,,,,,,,,,,,,,,,,,,,,,,,kg,,,
lugia-atomic-jersey,,,,,,,,,l,,,,,,,,JER-L-BLEU,260.0,shopify,107,deny,manual,39.99,,true,true,,,,,JER-L-BLEU,https://cdn.shopify.com/s/files/1/0654/3828/6065/files/2111.jpg?v=1751838203,4,"",,,,,,,,,,,,,,,,,,,,,,,,,,,,,,,,,,,kg,,,
lugia-atomic-jersey,,,,,,,,,xl,,,,,,,,JER-XL-BLEU,270.0,shopify,11,deny,manual,39.99,,true,true,,,,,JER-XL-BLEU,https://cdn.shopify.com/s/files/1/0654/3828/6065/files/2116.jpg?v=1751838203,5,"",,,,,,,,,,,,,,,,,,,,,,,,,,,,,,,,,,,kg,,,
lugia-atomic-jersey,,,,,,,,,,,,,,,,,,,,,,,,,,,,,,,,https://cdn.shopify.com/s/files/1/0654/3828/6065/files/IMG_9149_518bbf22-eafc-4c2f-9099-aa77b0d567ea.jpg?v=1755864818,6,"",,,,,,,,,,,,,,,,,,,,,,,,,,,,,,,,,,,,,,
lugia-atomic-jersey,,,,,,,,,,,,,,,,,,,,,,,,,,,,,,,,https://cdn.shopify.com/s/files/1/0654/3828/6065/files/IMG_9150_9ab4db09-3646-4174-b2c5-bee9885997f6.jpg?v=1755864817,7,"",,,,,,,,,,,,,,,,,,,,,,,,,,,,,,,,,,,,,,
lugia-atomic-jersey,,,,,,,,,,,,,,,,,,,,,,,,,,,,,,,,https://cdn.shopify.com/s/files/1/0654/3828/6065/files/IMG_9151.jpg?v=1755864819,8,"",,,,,,,,,,,,,,,,,,,,,,,,,,,,,,,,,,,,,,
kiri-atomic-jersey,Brume Atomic Jersey,"<ul>
<li>
<p class=""p1"">Colors: grey, white</p>
</li>
<li>
<p class=""p1"">150gsm / 180gsm</p>
</li>
<li>
<p class=""p1"">100% polyester</p>
</li>
<li>
<p class=""p1"">Back logo printed with sublimation</p>
</li>
<li>
<p class=""p1"">Front woven label</p>
</li>
<li>
<p class=""p1"">Printed neck label (prevents friction)<br></p>
</li>
<li>
<p class=""p1"">Every order includes exclusive goodies &lt;3</p>
</li>
</ul>",Noclout,Apparel & Accessories > Clothing > Clothing Tops > T-Shirts,"","",true,Size,xs,product.metafields.shopify.size,,,,,,,JER-XS-BLANC,230.0,shopify,12,deny,manual,39.99,,true,true,,,,,JER-XS-BLANC,https://cdn.shopify.com/s/files/1/0654/3828/6065/files/new_Jersey_Gris_Avant.jpg?v=1750321823,1,"",false,,,212,,adult,,,,,,,,,,,,,,,adultes,,gray,cotton,crew,xs; s; m; l; xl,short,unisexe,,,,,,,kg,,,active
kiri-atomic-jersey,,,,,,,,,s,,,,,,,,JER-S-BLANC,240.0,shopify,60,deny,manual,39.99,,true,true,,,,,JER-S-BLANC,https://cdn.shopify.com/s/files/1/0654/3828/6065/files/new_Jersey_Gris_arriere.jpg?v=1750321823,2,"",,,,,,,,,,,,,,,,,,,,,,,,,,,,,,,,,,,kg,,,
kiri-atomic-jersey,,,,,,,,,m,,,,,,,,JER-M-BLANC,250.0,shopify,107,deny,manual,39.99,,true,true,,,,,JER-M-BLANC,https://cdn.shopify.com/s/files/1/0654/3828/6065/files/2038.jpg?v=1748529093,3,"",,,,,,,,,,,,,,,,,,,,,,,,,,,,,,,,,,,kg,,,
kiri-atomic-jersey,,,,,,,,,l,,,,,,,,JER-L-BLANC,260.0,shopify,103,deny,manual,39.99,,true,true,,,,,JER-L-BLANC,https://cdn.shopify.com/s/files/1/0654/3828/6065/files/2040.jpg?v=1748529092,4,"",,,,,,,,,,,,,,,,,,,,,,,,,,,,,,,,,,,kg,,,
kiri-atomic-jersey,,,,,,,,,xl,,,,,,,,JER-XL-BLANC,270.0,shopify,3,deny,manual,39.99,,true,true,,,,,JER-XL-BLANC,https://cdn.shopify.com/s/files/1/0654/3828/6065/files/2041.jpg?v=1748529093,5,"",,,,,,,,,,,,,,,,,,,,,,,,,,,,,,,,,,,kg,,,
kiri-atomic-jersey,,,,,,,,,,,,,,,,,,,,,,,,,,,,,,,,https://cdn.shopify.com/s/files/1/0654/3828/6065/files/IMG_9112_fadb343c-1f73-4dfe-92d7-4244b98542f4.jpg?v=1755864817,6,"",,,,,,,,,,,,,,,,,,,,,,,,,,,,,,,,,,,,,,
kiri-atomic-jersey,,,,,,,,,,,,,,,,,,,,,,,,,,,,,,,,https://cdn.shopify.com/s/files/1/0654/3828/6065/files/IMG_9113_15eafceb-89f1-42f6-b877-354f651b98fd.jpg?v=1755864817,7,"",,,,,,,,,,,,,,,,,,,,,,,,,,,,,,,,,,,,,,
kiri-atomic-jersey,,,,,,,,,,,,,,,,,,,,,,,,,,,,,,,,https://cdn.shopify.com/s/files/1/0654/3828/6065/files/IMG_9114_baa889ac-d3fe-4290-8182-b266f1622a23.jpg?v=1755864817,8,"",,,,,,,,,,,,,,,,,,,,,,,,,,,,,,,,,,,,,,
racing-jacket-blue,Lugia Racing Jacket,"<ul>
<li>
<p class=""p1"">Colors: black, blue</p>
</li>
<li>
<p class=""p1"">PU leather</p>
</li>
<li>
<p class=""p1"">Embroidered logos on front, back, and sleeve (3D embroidery, chenille embroidery, classic embroidery)</p>
</li>
<li>
<p class=""p1"">Embossed logo on the back</p>
</li>
<li>
<p class=""p1"">Embossed detailing on key areas: shoulders, elbows, collarbones, forearms</p>
</li>
<li>
<p class=""p1"">Every order includes exclusive goodies &lt;3</p>
</li>
</ul>",Noclout,Apparel & Accessories > Clothing > Clothing Tops > T-Shirts,"","",true,Size,xs,product.metafields.shopify.size,,,,,,,JKT-XS-LGA,400.0,shopify,0,deny,manual,129.99,,true,true,,,,,,https://cdn.shopify.com/s/files/1/0654/3828/6065/files/new_Racing_Bleu_Avant.jpg?v=1741780222,1,"",false,,,212,,adult,,,,,,,,,,,,,,,adultes,,gray,cotton,crew,xs; s; m; l; xl,short,unisexe,,,,,,,kg,,,active
racing-jacket-blue,,,,,,,,,s,,,,,,,,JKT-S-LGA,400.0,shopify,0,deny,manual,129.99,,true,true,,,,,,https://cdn.shopify.com/s/files/1/0654/3828/6065/files/new_Racing_Bleu_Dos.jpg?v=1741780222,2,"",,,,,,,,,,,,,,,,,,,,,,,,,,,,,,,,,,,kg,,,
racing-jacket-blue,,,,,,,,,m,,,,,,,,JKT-M-LGA,400.0,shopify,0,deny,manual,129.99,,true,true,,,,,,https://cdn.shopify.com/s/files/1/0654/3828/6065/files/1720.jpg?v=1748527862,3,"",,,,,,,,,,,,,,,,,,,,,,,,,,,,,,,,,,,kg,,,
racing-jacket-blue,,,,,,,,,l,,,,,,,,JKT-L-LGA,400.0,shopify,0,deny,manual,129.99,,true,true,,,,,,https://cdn.shopify.com/s/files/1/0654/3828/6065/files/1725.jpg?v=1748527862,4,"",,,,,,,,,,,,,,,,,,,,,,,,,,,,,,,,,,,kg,,,
racing-jacket-blue,,,,,,,,,xl,,,,,,,,JKT-XL-LGA,400.0,shopify,0,deny,manual,129.99,,true,true,,,,,,https://cdn.shopify.com/s/files/1/0654/3828/6065/files/1729.jpg?v=1748527861,5,"",,,,,,,,,,,,,,,,,,,,,,,,,,,,,,,,,,,kg,,,
racing-jacket-black,Vantablack Racing Jacket,"<ul>
<li>
<p class=""p1"">Colors: black, gray</p>
</li>
<li>
<p class=""p1"">PU leather</p>
</li>
<li>
<p class=""p1"">Embroidered logos on front, back, and sleeve (3D embroidery, chenille embroidery, classic embroidery)</p>
</li>
<li>
<p class=""p1"">Embossed logo on the back</p>
</li>
<li>
<p class=""p1"">Embossed detailing on key areas: shoulders, elbows, collarbones, forearms</p>
</li>
<li>
<p class=""p1"">Every order includes exclusive goodies &lt;3</p>
</li>
</ul>",Noclout,Uncategorized,"","",true,Size,xs,product.metafields.shopify.size,,,,,,,JKT-XS-VTBK,0.0,shopify,0,deny,manual,129.99,,true,true,,,,,,https://cdn.shopify.com/s/files/1/0654/3828/6065/files/new_Racing_Noir_Avant.jpg?v=1741780269,1,"",false,,,212,,adult,,,,,,,,,,,,,,,adultes,,black,,,xs; s; m; l; xl,,unisexe,medium,,,,,,kg,,,active
racing-jacket-black,,,,,,,,,s,,,,,,,,JKT-S-VTBK,0.0,shopify,0,deny,manual,129.99,,true,true,,,,,,https://cdn.shopify.com/s/files/1/0654/3828/6065/files/new_Racing_Noir_Dos.jpg?v=1741780269,2,"",,,,,,,,,,,,,,,,,,,,,,,,,,,,,,,,,,,kg,,,
racing-jacket-black,,,,,,,,,m,,,,,,,,JKT-M-VTBK,0.0,shopify,0,deny,manual,129.99,,true,true,,,,,,https://cdn.shopify.com/s/files/1/0654/3828/6065/files/1847.jpg?v=1748528204,3,"",,,,,,,,,,,,,,,,,,,,,,,,,,,,,,,,,,,kg,,,
racing-jacket-black,,,,,,,,,l,,,,,,,,JKT-L-VTBK,0.0,shopify,0,deny,manual,129.99,,true,true,,,,,,https://cdn.shopify.com/s/files/1/0654/3828/6065/files/1851.jpg?v=1748528203,4,"",,,,,,,,,,,,,,,,,,,,,,,,,,,,,,,,,,,kg,,,
racing-jacket-black,,,,,,,,,xl,,,,,,,,JKT-XL-VTBK,0.0,shopify,0,deny,manual,129.99,,true,true,,,,,,https://cdn.shopify.com/s/files/1/0654/3828/6065/files/1856.jpg?v=1748528204,5,"",,,,,,,,,,,,,,,,,,,,,,,,,,,,,,,,,,,kg,,,
rossocorsa-zip,Rossocorsa Zip,"<ul>
<li>
<p class=""p1"">Colors: burgundy, pink</p>
</li>
<li>
<p class=""p1"">350 gsm</p>
</li>
<li>
<p class=""p1"">80% cotton, 20% polyester</p>
</li>
<li>
<p class=""p1"">Dott logo in puff print</p>
</li>
<li>
<p class=""p1"">Front woven label</p>
</li>
<li>
<p class=""p1"">Every order includes exclusive goodies &lt;3</p>
</li>
</ul>",Noclout,Apparel & Accessories,"","",true,Size,XS,,,,,,,,ZIP-XS-ROCA,760.0,shopify,0,deny,manual,84.99,,true,true,,,,,,https://cdn.shopify.com/s/files/1/0654/3828/6065/files/Rossocorsa_Zip.jpg?v=1771509811,1,"",false,,,,,,,,,,,,,,,,,,,'2,,,,,,,,,,,,,,,kg,,,active
rossocorsa-zip,,,,,,,,,S,,,,,,,,ZIP-S-ROCA,820.0,shopify,0,deny,manual,84.99,,true,true,,,,,,https://cdn.shopify.com/s/files/1/0654/3828/6065/files/1876.jpg?v=1771509811,2,"",,,,,,,,,,,,,,,,,,,,,,,,,,,,,,,,,,,kg,,,
rossocorsa-zip,,,,,,,,,M,,,,,,,,ZIP-M-ROCA,880.0,shopify,0,deny,manual,84.99,,true,true,,,,,,https://cdn.shopify.com/s/files/1/0654/3828/6065/files/1877.jpg?v=1771509811,3,"",,,,,,,,,,,,,,,,,,,,,,,,,,,,,,,,,,,kg,,,
rossocorsa-zip,,,,,,,,,L,,,,,,,,ZIP-L-ROCA,940.0,shopify,0,deny,manual,84.99,,true,true,,,,,,https://cdn.shopify.com/s/files/1/0654/3828/6065/files/1881.jpg?v=1771509811,4,"",,,,,,,,,,,,,,,,,,,,,,,,,,,,,,,,,,,kg,,,
rossocorsa-zip,,,,,,,,,XL,,,,,,,,ZIP-XL-ROCA,1000.0,shopify,0,deny,manual,84.99,,true,true,,,,,,https://cdn.shopify.com/s/files/1/0654/3828/6065/files/IMG_9143_5507e4e3-8dab-4373-85c0-026eb3f1682e.jpg?v=1771509811,5,"",,,,,,,,,,,,,,,,,,,,,,,,,,,,,,,,,,,kg,,,
rossocorsa-zip,,,,,,,,,,,,,,,,,,,,,,,,,,,,,,,,https://cdn.shopify.com/s/files/1/0654/3828/6065/files/IMG_9144_75a5fca4-e7ad-4798-b1da-5ca31225a7b8.jpg?v=1771509811,6,"",,,,,,,,,,,,,,,,,,,,,,,,,,,,,,,,,,,,,,
rossocorsa-zip,,,,,,,,,,,,,,,,,,,,,,,,,,,,,,,,https://cdn.shopify.com/s/files/1/0654/3828/6065/files/IMG_9145.jpg?v=1771509811,7,"",,,,,,,,,,,,,,,,,,,,,,,,,,,,,,,,,,,,,,
vantablack-zip-copy,Rainforest Zip,"<ul>
<li>
<p class=""p1"">Colors: dark green, light green</p>
</li>
<li>
<p class=""p1"">350 gsm</p>
</li>
<li>
<p class=""p1"">80% cotton, 20% polyester</p>
</li>
<li>
<p class=""p1"">Dott logo in puff print</p>
</li>
<li>
<p class=""p1"">Front woven label</p>
</li>
<li>
<p class=""p1"">Every order includes exclusive goodies &lt;3</p>
</li>
</ul>",Noclout,Apparel & Accessories,"","",true,Size,XS,,,,,,,,,760.0,shopify,1,deny,manual,84.99,,true,true,,,,,"",https://cdn.shopify.com/s/files/1/0654/3828/6065/files/Rainforest_Zip.jpg?v=1771509796,1,"",false,,,,,,,,,,,,,,,,,,,'1,,,,,,,,,,,,,,,kg,,,active
vantablack-zip-copy,,,,,,,,,S,,,,,,,,,760.0,shopify,1,deny,manual,84.99,,true,true,,,,,"",https://cdn.shopify.com/s/files/1/0654/3828/6065/files/1861.jpg?v=1771509796,2,"",,,,,,,,,,,,,,,,,,,,,,,,,,,,,,,,,,,kg,,,
vantablack-zip-copy,,,,,,,,,M,,,,,,,,,760.0,shopify,0,deny,manual,84.99,,true,true,,,,,"",https://cdn.shopify.com/s/files/1/0654/3828/6065/files/1867.jpg?v=1771509796,3,"",,,,,,,,,,,,,,,,,,,,,,,,,,,,,,,,,,,kg,,,
vantablack-zip-copy,,,,,,,,,L,,,,,,,,,760.0,shopify,0,deny,manual,84.99,,true,true,,,,,"",https://cdn.shopify.com/s/files/1/0654/3828/6065/files/1872.jpg?v=1771509796,4,"",,,,,,,,,,,,,,,,,,,,,,,,,,,,,,,,,,,kg,,,
vantablack-zip-copy,,,,,,,,,XL,,,,,,,,,760.0,shopify,0,deny,manual,84.99,,true,true,,,,,"",https://cdn.shopify.com/s/files/1/0654/3828/6065/files/RAINFOREST_ZIP_1.jpg?v=1771509796,5,"",,,,,,,,,,,,,,,,,,,,,,,,,,,,,,,,,,,kg,,,
vantablack-zip-copy,,,,,,,,,,,,,,,,,,,,,,,,,,,,,,,,https://cdn.shopify.com/s/files/1/0654/3828/6065/files/RAINFOREST_ZIP_2.jpg?v=1771509796,6,"",,,,,,,,,,,,,,,,,,,,,,,,,,,,,,,,,,,,,,
vantablack-zip-copy,,,,,,,,,,,,,,,,,,,,,,,,,,,,,,,,https://cdn.shopify.com/s/files/1/0654/3828/6065/files/RAINFOREST_ZIP_3.jpg?v=1771509796,7,"",,,,,,,,,,,,,,,,,,,,,,,,,,,,,,,,,,,,,,
og-zip-copy,Vantablack Zip,"<ul>
<li>
<p class=""p1"">Colors: black, white</p>
</li>
<li>
<p class=""p1"">350 gsm</p>
</li>
<li>
<p class=""p1"">80% cotton, 20% polyester</p>
</li>
<li>
<p class=""p1"">Dott logo in puff print</p>
</li>
<li>
<p class=""p1"">Front woven label</p>
</li>
<li>
<p class=""p1"">Every order includes exclusive goodies &lt;3</p>
</li>
</ul>",Noclout,Apparel & Accessories,"","",true,Size,XS,,,,,,,,ZIP-XS-VTBK,200.0,shopify,0,deny,manual,84.99,,true,true,,,,,,https://cdn.shopify.com/s/files/1/0654/3828/6065/files/Vantablack_Zip.jpg?v=1771509779,1,"",false,,,,,,,,,,,,,,,,,,,,,,,,,,,,,,,,,,kg,,,active
og-zip-copy,,,,,,,,,S,,,,,,,,ZIP-S-VTBK,200.0,shopify,0,deny,manual,84.99,,true,true,,,,,,https://cdn.shopify.com/s/files/1/0654/3828/6065/files/VANTABLACK_ZIP_4.jpg?v=1771509779,2,"",,,,,,,,,,,,,,,,,,,,,,,,,,,,,,,,,,,kg,,,
og-zip-copy,,,,,,,,,M,,,,,,,,ZIP-M-VTBK,200.0,shopify,0,deny,manual,84.99,,true,true,,,,,,https://cdn.shopify.com/s/files/1/0654/3828/6065/files/VANTABLACK_ZIP_5.jpg?v=1771509779,3,"",,,,,,,,,,,,,,,,,,,,,,,,,,,,,,,,,,,kg,,,
og-zip-copy,,,,,,,,,L,,,,,,,,ZIP-L-VTBK,200.0,shopify,0,deny,manual,84.99,,true,true,,,,,,https://cdn.shopify.com/s/files/1/0654/3828/6065/files/VANTABLACK_ZIP_6.jpg?v=1771509779,4,"",,,,,,,,,,,,,,,,,,,,,,,,,,,,,,,,,,,kg,,,
og-zip-copy,,,,,,,,,XL,,,,,,,,ZIP-XL-VTBK,200.0,shopify,0,deny,manual,84.99,,true,true,,,,,,https://cdn.shopify.com/s/files/1/0654/3828/6065/files/VANTABLACK_ZIP_1.jpg?v=1771509779,5,"",,,,,,,,,,,,,,,,,,,,,,,,,,,,,,,,,,,kg,,,
og-zip-copy,,,,,,,,,,,,,,,,,,,,,,,,,,,,,,,,https://cdn.shopify.com/s/files/1/0654/3828/6065/files/VANTABLACK_ZIP_2.jpg?v=1771509779,6,"",,,,,,,,,,,,,,,,,,,,,,,,,,,,,,,,,,,,,,
og-zip-copy,,,,,,,,,,,,,,,,,,,,,,,,,,,,,,,,https://cdn.shopify.com/s/files/1/0654/3828/6065/files/VANTABLACK_ZIP_3.jpg?v=1771509779,7,"",,,,,,,,,,,,,,,,,,,,,,,,,,,,,,,,,,,,,,
deepsea-tee,Deepsea Tee,"<ul>
<li>
<p class=""p1"">Colors: dark blue, light blue</p>
</li>
<li>
<p class=""p1"">305 gsm</p>
</li>
<li>
<p class=""p1"">100% cotton</p>
</li>
<li>
<p class=""p1"">Back logo printed in classic screen print + puff print</p>
</li>
<li>
<p class=""p1"">Front logo embroidered</p>
</li>
<li>
<p class=""p1"">Every order includes exclusive goodies &lt;3</p>
</li>
</ul>",Noclout,Apparel & Accessories > Clothing > Clothing Tops > T-Shirts,"","",true,Size,xs,product.metafields.shopify.size,,,,,,,"",400.0,shopify,0,deny,manual,44.99,,true,true,,,,,"",https://cdn.shopify.com/s/files/1/0654/3828/6065/files/Deep_See_Dos.jpg?v=1771415612,1,"",false,,,212,,adult,,,,,,,,,,,,,,,adultes,,navy,cotton,crew,xs; s; m; l; xl,short,unisexe,,,,,,,kg,,,active
deepsea-tee,,,,,,,,,s,,,,,,,,"",400.0,shopify,0,deny,manual,44.99,,true,true,,,,,"",https://cdn.shopify.com/s/files/1/0654/3828/6065/files/Deep_See_Face.jpg?v=1771415612,2,"",,,,,,,,,,,,,,,,,,,,,,,,,,,,,,,,,,,kg,,,
deepsea-tee,,,,,,,,,m,,,,,,,,TEE-M-DPSA,400.0,shopify,0,deny,manual,44.99,,true,true,,,,,"",https://cdn.shopify.com/s/files/1/0654/3828/6065/files/1566.jpg?v=1771415612,3,"",,,,,,,,,,,,,,,,,,,,,,,,,,,,,,,,,,,kg,,,
deepsea-tee,,,,,,,,,l,,,,,,,,"",400.0,shopify,0,deny,manual,44.99,,true,true,,,,,"",https://cdn.shopify.com/s/files/1/0654/3828/6065/files/1567.jpg?v=1771415612,4,"",,,,,,,,,,,,,,,,,,,,,,,,,,,,,,,,,,,kg,,,
deepsea-tee,,,,,,,,,xl,,,,,,,,"",400.0,shopify,0,deny,manual,44.99,,true,true,,,,,"",https://cdn.shopify.com/s/files/1/0654/3828/6065/files/1573.jpg?v=1771415612,5,"",,,,,,,,,,,,,,,,,,,,,,,,,,,,,,,,,,,kg,,,
deepsea-tee,,,,,,,,,,,,,,,,,,,,,,,,,,,,,,,,https://cdn.shopify.com/s/files/1/0654/3828/6065/files/DEEPSEA_TEE_1.jpg?v=1771415612,6,"",,,,,,,,,,,,,,,,,,,,,,,,,,,,,,,,,,,,,,
deepsea-tee,,,,,,,,,,,,,,,,,,,,,,,,,,,,,,,,https://cdn.shopify.com/s/files/1/0654/3828/6065/files/DEEPSEA_TEE_2.jpg?v=1771415612,7,"",,,,,,,,,,,,,,,,,,,,,,,,,,,,,,,,,,,,,,
deepsea-tee,,,,,,,,,,,,,,,,,,,,,,,,,,,,,,,,https://cdn.shopify.com/s/files/1/0654/3828/6065/files/DEEPSEA_TEE_3.jpg?v=1771415612,8,"",,,,,,,,,,,,,,,,,,,,,,,,,,,,,,,,,,,,,,
alpine-tee,Alpine Tee,"<ul>
<li>
<p class=""p1"">Colors: grey, pink</p>
</li>
<li>
<p class=""p1"">305 gsm</p>
</li>
<li>
<p class=""p1"">100% cotton</p>
</li>
<li>
<p class=""p1"">Front logo printed in screen printing</p>
</li>
<li>
<p class=""p1"">Back woven label</p>
</li>
<li>
<p class=""p1"">Every order includes exclusive goodies &lt;3</p>
</li>
</ul>",Noclout,Apparel & Accessories > Clothing > Clothing Tops > T-Shirts,"","",true,Size,xs,product.metafields.shopify.size,NFC,Yes (+2€),,,,,TEE-XS-ALPEP,360.0,shopify,0,deny,manual,39.99,,true,true,,,,,"",https://cdn.shopify.com/s/files/1/0654/3828/6065/files/ew_Tee_Rose2.jpg?v=1741780670,1,"",false,,,212,,adult,,,,,,,,,,,,,,,adultes,,gray,cotton,crew,xs; s; m; l; xl,short,unisexe,,,,,,,kg,,,active
alpine-tee,,,,,,,,,xs,,,No,,,,,TEE-XS-ALPE,360.0,shopify,0,deny,manual,41.99,,true,true,,,,,"",https://cdn.shopify.com/s/files/1/0654/3828/6065/files/1623.jpg?v=1748527290,2,"",,,,,,,,,,,,,,,,,,,,,,,,,,,,,,,,,,,kg,,,
alpine-tee,,,,,,,,,s,,,Yes (+2€),,,,,TEE-S-ALPEP,360.0,shopify,0,deny,manual,39.99,,true,true,,,,,"",https://cdn.shopify.com/s/files/1/0654/3828/6065/files/1629.jpg?v=1748527290,3,"",,,,,,,,,,,,,,,,,,,,,,,,,,,,,,,,,,,kg,,,
alpine-tee,,,,,,,,,s,,,No,,,,,TEE-S-ALPE,360.0,shopify,0,deny,manual,41.99,,true,true,,,,,"",https://cdn.shopify.com/s/files/1/0654/3828/6065/files/1631.jpg?v=1748527290,4,"",,,,,,,,,,,,,,,,,,,,,,,,,,,,,,,,,,,kg,,,
alpine-tee,,,,,,,,,m,,,Yes (+2€),,,,,TEE-M-ALPEP,360.0,shopify,0,deny,manual,39.99,,true,true,,,,,"",https://cdn.shopify.com/s/files/1/0654/3828/6065/files/IMG_9111_6033945a-55eb-4108-8ef0-92f85294638d.jpg?v=1755864858,5,"",,,,,,,,,,,,,,,,,,,,,,,,,,,,,,,,,,,kg,,,
alpine-tee,,,,,,,,,m,,,No,,,,,TEE-M-ALPE,360.0,shopify,0,deny,manual,41.99,,true,true,,,,,"",https://cdn.shopify.com/s/files/1/0654/3828/6065/files/IMG_9110.jpg?v=1755864818,6,"",,,,,,,,,,,,,,,,,,,,,,,,,,,,,,,,,,,kg,,,
alpine-tee,,,,,,,,,l,,,Yes (+2€),,,,,TEE-L-ALPEP,360.0,shopify,0,deny,manual,39.99,,true,true,,,,,"",https://cdn.shopify.com/s/files/1/0654/3828/6065/files/IMG_9109.jpg?v=1755864818,7,"",,,,,,,,,,,,,,,,,,,,,,,,,,,,,,,,,,,kg,,,
alpine-tee,,,,,,,,,l,,,No,,,,,TEE-L-ALPE,360.0,shopify,0,deny,manual,41.99,,true,true,,,,,"",,,,,,,,,,,,,,,,,,,,,,,,,,,,,,,,,,,,,,kg,,,
alpine-tee,,,,,,,,,xl,,,Yes (+2€),,,,,TEE-XL-ALPEP,360.0,shopify,0,deny,manual,39.99,,true,true,,,,,"",,,,,,,,,,,,,,,,,,,,,,,,,,,,,,,,,,,,,,kg,,,
alpine-tee,,,,,,,,,xl,,,No,,,,,TEE-XL-ALPE,360.0,shopify,0,deny,manual,41.99,,true,true,,,,,"",,,,,,,,,,,,,,,,,,,,,,,,,,,,,,,,,,,,,,kg,,,
touareg-tee,Touareg Tee,"<ul>
<li>
<p class=""p1"">Colors: cream, gray</p>
</li>
<li>
<p class=""p1"">305 gsm</p>
</li>
<li>
<p class=""p1"">100% cotton</p>
</li>
<li>
<p class=""p1"">Front logo printed in screen printing</p>
</li>
<li>
<p class=""p1"">Back woven label</p>
</li>
<li>
<p class=""p1"">Every order includes exclusive goodies &lt;3</p>
</li>
</ul>",Noclout,Apparel & Accessories > Clothing > Clothing Tops > T-Shirts,"","",true,Size,xs,product.metafields.shopify.size,NFC Option,Yes (+2€),,,,,TEE-XS-TRGP,360.0,shopify,0,deny,manual,41.99,,true,true,,,,,"",https://cdn.shopify.com/s/files/1/0654/3828/6065/files/new_TOUAREG_TEE.jpg?v=1741780843,1,"",false,,,212,,adult,,,,,,,,,,,,,,,adultes,,beige,cotton,crew,xs; s; m; l; xl,short,unisexe,medium,,,,,,kg,,,active
touareg-tee,,,,,,,,,xs,,,No,,,,,TEE-XS-TRG,360.0,shopify,0,deny,manual,39.99,,true,true,,,,,"",https://cdn.shopify.com/s/files/1/0654/3828/6065/files/1885.jpg?v=1748528313,2,"",,,,,,,,,,,,,,,,,,,,,,,,,,,,,,,,,,,kg,,,
touareg-tee,,,,,,,,,s,,,Yes (+2€),,,,,TEE-S-TRGP,380.0,shopify,0,deny,manual,41.99,,true,true,,,,,"",https://cdn.shopify.com/s/files/1/0654/3828/6065/files/1888.jpg?v=1748528313,3,"",,,,,,,,,,,,,,,,,,,,,,,,,,,,,,,,,,,kg,,,
touareg-tee,,,,,,,,,s,,,No,,,,,TEE-S-TRG,380.0,shopify,0,deny,manual,39.99,,true,true,,,,,"",https://cdn.shopify.com/s/files/1/0654/3828/6065/files/1894.jpg?v=1748528313,4,"",,,,,,,,,,,,,,,,,,,,,,,,,,,,,,,,,,,kg,,,
touareg-tee,,,,,,,,,m,,,Yes (+2€),,,,,TEE-M-TRGP,400.0,shopify,0,deny,manual,41.99,,true,true,,,,,"",,,,,,,,,,,,,,,,,,,,,,,,,,,,,,,,,,,,,,kg,,,
touareg-tee,,,,,,,,,m,,,No,,,,,TEE-M-TRG,400.0,shopify,0,deny,manual,39.99,,true,true,,,,,"",,,,,,,,,,,,,,,,,,,,,,,,,,,,,,,,,,,,,,kg,,,
touareg-tee,,,,,,,,,l,,,Yes (+2€),,,,,TEE-L-TRGP,420.0,shopify,0,deny,manual,41.99,,true,true,,,,,"",,,,,,,,,,,,,,,,,,,,,,,,,,,,,,,,,,,,,,kg,,,
touareg-tee,,,,,,,,,l,,,No,,,,,TEE-L-TRG,420.0,shopify,0,deny,manual,39.99,,true,true,,,,,"",,,,,,,,,,,,,,,,,,,,,,,,,,,,,,,,,,,,,,kg,,,
touareg-tee,,,,,,,,,xl,,,Yes (+2€),,,,,TEE-XL-TRGP,440.0,shopify,0,deny,manual,41.99,,true,true,,,,,"",,,,,,,,,,,,,,,,,,,,,,,,,,,,,,,,,,,,,,kg,,,
touareg-tee,,,,,,,,,xl,,,No,,,,,TEE-XL-TRG,440.0,shopify,0,deny,manual,39.99,,true,true,,,,,"",,,,,,,,,,,,,,,,,,,,,,,,,,,,,,,,,,,,,,kg,,,
darkforest-tee,Darkforest Tee,"<ul>
<li>
<p class=""p1"">Colors: green, gray</p>
</li>
<li>
<p class=""p1"">305 gsm</p>
</li>
<li>
<p class=""p1"">100% cotton</p>
</li>
<li>
<p class=""p1"">Front logo printed in screen printing</p>
</li>
<li>
<p class=""p1"">Back woven label</p>
</li>
<li>
<p class=""p1"">Every order includes exclusive goodies &lt;3</p>
</li>
</ul>",Noclout,Apparel & Accessories > Clothing > Clothing Tops > T-Shirts,"","",true,Size,xs,product.metafields.shopify.size,NFC Option,Yes (+2€),,,,,TEE-XS-DKFP,360.0,shopify,0,deny,manual,41.99,,true,true,,,,,"",https://cdn.shopify.com/s/files/1/0654/3828/6065/files/new_Tee_Vert2.jpg?v=1741780890,1,"",false,,,212,,adult,,,,,,,,,,,,,,'1,adultes,,green,cotton,crew,xs; s; m; l; xl,short,unisexe,,,,,,,kg,,,active
darkforest-tee,,,,,,,,,xs,,,No,,,,,TEE-XS-DKF,360.0,shopify,0,deny,manual,39.99,,true,true,,,,,"",https://cdn.shopify.com/s/files/1/0654/3828/6065/files/1898.jpg?v=1748528348,2,"",,,,,,,,,,,,,,,,,,,,,,,,,,,,,,,,,,,kg,,,
darkforest-tee,,,,,,,,,s,,,Yes (+2€),,,,,TEE-S-DKFP,380.0,shopify,0,deny,manual,41.99,,true,true,,,,,"",https://cdn.shopify.com/s/files/1/0654/3828/6065/files/1900.jpg?v=1748528348,3,"",,,,,,,,,,,,,,,,,,,,,,,,,,,,,,,,,,,kg,,,
darkforest-tee,,,,,,,,,s,,,No,,,,,TEE-S-DKF,380.0,shopify,0,deny,manual,39.99,,true,true,,,,,"",https://cdn.shopify.com/s/files/1/0654/3828/6065/files/1904.jpg?v=1748528348,4,"",,,,,,,,,,,,,,,,,,,,,,,,,,,,,,,,,,,kg,,,
darkforest-tee,,,,,,,,,m,,,Yes (+2€),,,,,TEE-M-DKFP,400.0,shopify,0,deny,manual,41.99,,true,true,,,,,"",https://cdn.shopify.com/s/files/1/0654/3828/6065/files/DARKFOREST_TEE_1.jpg?v=1756721309,5,"",,,,,,,,,,,,,,,,,,,,,,,,,,,,,,,,,,,kg,,,
darkforest-tee,,,,,,,,,m,,,No,,,,,TEE-M-DKF,400.0,shopify,0,deny,manual,39.99,,true,true,,,,,"",https://cdn.shopify.com/s/files/1/0654/3828/6065/files/DARKFOREST_TEE_2.jpg?v=1756721310,6,"",,,,,,,,,,,,,,,,,,,,,,,,,,,,,,,,,,,kg,,,
darkforest-tee,,,,,,,,,l,,,Yes (+2€),,,,,TEE-L-DKFP,420.0,shopify,0,deny,manual,41.99,,true,true,,,,,"",https://cdn.shopify.com/s/files/1/0654/3828/6065/files/DARKFOREST_TEE_3.jpg?v=1756721310,7,"",,,,,,,,,,,,,,,,,,,,,,,,,,,,,,,,,,,kg,,,
darkforest-tee,,,,,,,,,l,,,No,,,,,TEE-L-DKF,420.0,shopify,0,deny,manual,39.99,,true,true,,,,,"",,,,,,,,,,,,,,,,,,,,,,,,,,,,,,,,,,,,,,kg,,,
darkforest-tee,,,,,,,,,xl,,,Yes (+2€),,,,,TEE-XL-DKFP,440.0,shopify,0,deny,manual,41.99,,true,true,,,,,"",,,,,,,,,,,,,,,,,,,,,,,,,,,,,,,,,,,,,,kg,,,
darkforest-tee,,,,,,,,,xl,,,No,,,,,TEE-XL-DKF,440.0,shopify,0,deny,manual,39.99,,true,true,,,,,"",,,,,,,,,,,,,,,,,,,,,,,,,,,,,,,,,,,,,,kg,,,
vantablack-tee,Vantablack Tee,"<ul>
<li>
<p class=""p1"">Colors: black, gray</p>
</li>
<li>
<p class=""p1"">305 gsm</p>
</li>
<li>
<p class=""p1"">100% cotton</p>
</li>
<li>
<p class=""p1"">Front logo printed in screen printing</p>
</li>
<li>
<p class=""p1"">Back woven label</p>
</li>
<li>
<p class=""p1"">Every order includes exclusive goodies &lt;3</p>
</li>
</ul>",Noclout,Apparel & Accessories > Clothing > Clothing Tops > T-Shirts,"","",true,Size,xs,product.metafields.shopify.size,NFC Option,Yes (+2€),,,,,TEE-XS-VANTP,360.0,shopify,0,deny,manual,41.99,,true,true,,,,,"",https://cdn.shopify.com/s/files/1/0654/3828/6065/files/new_Tee_Noir2.jpg?v=1741780937,1,"",false,,,212,,adult,,,,,,,,,,,,,,,adultes,,black,cotton,,xs; s; m; l; xl,short,unisexe,medium,,,,,,kg,,,active
vantablack-tee,,,,,,,,,xs,,,No,,,,,TEE-XS-VANT,360.0,shopify,0,deny,manual,39.99,,true,true,,,,,"",https://cdn.shopify.com/s/files/1/0654/3828/6065/files/1907.jpg?v=1748528384,2,"",,,,,,,,,,,,,,,,,,,,,,,,,,,,,,,,,,,kg,,,
vantablack-tee,,,,,,,,,s,,,Yes (+2€),,,,,TEE-S-VANTP,380.0,shopify,0,deny,manual,41.99,,true,true,,,,,"",https://cdn.shopify.com/s/files/1/0654/3828/6065/files/1911.jpg?v=1748528384,3,"",,,,,,,,,,,,,,,,,,,,,,,,,,,,,,,,,,,kg,,,
vantablack-tee,,,,,,,,,s,,,No,,,,,TEE-S-VANT,380.0,shopify,0,deny,manual,39.99,,true,true,,,,,"",https://cdn.shopify.com/s/files/1/0654/3828/6065/files/1916.jpg?v=1748528385,4,"",,,,,,,,,,,,,,,,,,,,,,,,,,,,,,,,,,,kg,,,
vantablack-tee,,,,,,,,,m,,,Yes (+2€),,,,,TEE-M-VANTP,400.0,shopify,0,deny,manual,41.99,,true,true,,,,,"",https://cdn.shopify.com/s/files/1/0654/3828/6065/files/VANDABLACK_TEE_1.jpg?v=1756721268,5,"",,,,,,,,,,,,,,,,,,,,,,,,,,,,,,,,,,,kg,,,
vantablack-tee,,,,,,,,,m,,,No,,,,,TEE-M-VANT,400.0,shopify,0,deny,manual,39.99,,true,true,,,,,"",https://cdn.shopify.com/s/files/1/0654/3828/6065/files/VANDABLACK_TEE_2.jpg?v=1756721268,6,"",,,,,,,,,,,,,,,,,,,,,,,,,,,,,,,,,,,kg,,,
vantablack-tee,,,,,,,,,l,,,Yes (+2€),,,,,TEE-L-VANTP,420.0,shopify,0,deny,manual,41.99,,true,true,,,,,"",https://cdn.shopify.com/s/files/1/0654/3828/6065/files/VANDABLACK_TEE_3.jpg?v=1756721268,7,"",,,,,,,,,,,,,,,,,,,,,,,,,,,,,,,,,,,kg,,,
vantablack-tee,,,,,,,,,l,,,No,,,,,TEE-L-VANT,420.0,shopify,0,deny,manual,39.99,,true,true,,,,,"",,,,,,,,,,,,,,,,,,,,,,,,,,,,,,,,,,,,,,kg,,,
vantablack-tee,,,,,,,,,xl,,,Yes (+2€),,,,,TEE-XL-VANTP,440.0,shopify,0,deny,manual,41.99,,true,true,,,,,"",,,,,,,,,,,,,,,,,,,,,,,,,,,,,,,,,,,,,,kg,,,
vantablack-tee,,,,,,,,,xl,,,No,,,,,TEE-XL-VANT,440.0,shopify,0,deny,manual,39.99,,true,true,,,,,"",,,,,,,,,,,,,,,,,,,,,,,,,,,,,,,,,,,,,,kg,,,
air-love,Air Love,"<ul>
<li>
<p class=""p1"">Bootleg AF1</p>
</li>
<li>
<p class=""p1"">Heart swoosh scratch</p>
</li>
<li>
<p class=""p1"">Includes 7 additional scratch patches (white, blue, pink, red, purple, green, yellow)</p>
</li>
<li>
<p class=""p1"">Embroidered logo on heel</p>
</li>
<li>
<p class=""p1"">Every order includes exclusive goodies &lt;3</p>
</li>
</ul>",Noclout,Uncategorized,"","",true,Size,36,,,,,,,,,0.0,shopify,0,deny,manual,129.90,,true,true,,,,,,https://cdn.shopify.com/s/files/1/0654/3828/6065/files/AIR_LOVE_V2.jpg?v=1770895705,1,"",false,,,,,,,,,,,,,,,,,,,,,,,,,,,,,,,,,,kg,,70.00,active
air-love,,,,,,,,,37,,,,,,,,,0.0,shopify,0,deny,manual,129.90,,true,true,,,,,,https://cdn.shopify.com/s/files/1/0654/3828/6065/files/Capture_d_ecran_2024-07-23_a_17.11.41.png?v=1770895705,2,"",,,,,,,,,,,,,,,,,,,,,,,,,,,,,,,,,,,kg,,70.00,
air-love,,,,,,,,,38,,,,,,,,,0.0,shopify,0,deny,manual,129.90,,true,true,,,,,,,,,,,,,,,,,,,,,,,,,,,,,,,,,,,,,,,,,,,kg,,70.00,
air-love,,,,,,,,,39,,,,,,,,,0.0,shopify,0,deny,manual,129.90,,true,true,,,,,,,,,,,,,,,,,,,,,,,,,,,,,,,,,,,,,,,,,,,kg,,70.00,
air-love,,,,,,,,,40,,,,,,,,,0.0,shopify,0,deny,manual,129.90,,true,true,,,,,,,,,,,,,,,,,,,,,,,,,,,,,,,,,,,,,,,,,,,kg,,70.00,
air-love,,,,,,,,,41,,,,,,,,,0.0,shopify,0,deny,manual,129.90,,true,true,,,,,,,,,,,,,,,,,,,,,,,,,,,,,,,,,,,,,,,,,,,kg,,70.00,
air-love,,,,,,,,,42,,,,,,,,,0.0,shopify,0,deny,manual,129.90,,true,true,,,,,,,,,,,,,,,,,,,,,,,,,,,,,,,,,,,,,,,,,,,kg,,70.00,
air-love,,,,,,,,,43,,,,,,,,,0.0,shopify,0,deny,manual,129.90,,true,true,,,,,,,,,,,,,,,,,,,,,,,,,,,,,,,,,,,,,,,,,,,kg,,70.00,
air-love,,,,,,,,,44,,,,,,,,,0.0,shopify,0,deny,manual,129.90,,true,true,,,,,,,,,,,,,,,,,,,,,,,,,,,,,,,,,,,,,,,,,,,kg,,70.00,
air-love,,,,,,,,,45,,,,,,,,,0.0,shopify,0,deny,manual,129.90,,true,true,,,,,,,,,,,,,,,,,,,,,,,,,,,,,,,,,,,,,,,,,,,kg,,70.00,
air-love,,,,,,,,,46,,,,,,,,,0.0,shopify,0,deny,manual,129.90,,true,true,,,,,,,,,,,,,,,,,,,,,,,,,,,,,,,,,,,,,,,,,,,kg,,70.00,
air-love,,,,,,,,,47,,,,,,,,,0.0,shopify,0,deny,manual,129.90,,true,true,,,,,,,,,,,,,,,,,,,,,,,,,,,,,,,,,,,,,,,,,,,kg,,70.00,
air-love,,,,,,,,,48,,,,,,,,"",0.0,shopify,0,deny,manual,129.90,,true,true,,,,,"",,,,,,,,,,,,,,,,,,,,,,,,,,,,,,,,,,,,,,kg,,70.00,
ocean-swimming-short,Ocean Swimming Short,"<ul>
<li>
<p class=""p1"">Colors: dark blue, light blue in sunlight</p>
</li>
<li>
<p class=""p1"">100% polyester</p>
</li>
<li>
<p class=""p1"">Front logo embroidered<br></p>
</li>
<li>
<p class=""p1"">Color-changing in water, shade, and sunlight</p>
</li>
<li>
<p class=""p1"">Every order includes exclusive goodies &lt;3</p>
</li>
</ul>",Noclout,Apparel & Accessories > Clothing > Swimwear > Boardshorts,"","",false,Size,xs,product.metafields.shopify.size,,,,,,,,210.0,shopify,0,deny,manual,29.99,,true,true,,,,,,https://cdn.shopify.com/s/files/1/0654/3828/6065/files/new_ocean2.jpg?v=1741781480,1,"",false,,,,,adult,,,,,,,,,,,,,,,adultes,,violet; bleu,polyester,,xs; s; m; l; xl,,unisexe,,,,,,,kg,,,draft
ocean-swimming-short,,,,,,,,,s,,,,,,,,SWS-S-OCEN,220.0,shopify,0,deny,manual,29.99,,true,true,,,,,,https://cdn.shopify.com/s/files/1/0654/3828/6065/files/new_ocean1.jpg?v=1741781480,2,"",,,,,,,,,,,,,,,,,,,,,,,,,,,,,,,,,,,kg,,,
ocean-swimming-short,,,,,,,,,m,,,,,,,,,230.0,shopify,0,deny,manual,29.99,,true,true,,,,,,,,,,,,,,,,,,,,,,,,,,,,,,,,,,,,,,,,,,,kg,,,
ocean-swimming-short,,,,,,,,,l,,,,,,,,,240.0,shopify,0,deny,manual,29.99,,true,true,,,,,,,,,,,,,,,,,,,,,,,,,,,,,,,,,,,,,,,,,,,kg,,,
ocean-swimming-short,,,,,,,,,xl,,,,,,,,SWS-XL-OCEN,250.0,shopify,0,deny,manual,29.99,,true,true,,,,,,,,,,,,,,,,,,,,,,,,,,,,,,,,,,,,,,,,,,,kg,,,
greener-swimming-short,Greener Swimming Short,"<ul>
<li>
<p class=""p1"">Colors: green, yellow in sunlight</p>
</li>
<li>
<p class=""p1"">100% polyester</p>
</li>
<li>
<p class=""p1"">Front logo embroidered<br></p>
</li>
<li>
<p class=""p1"">Color-changing in water, shade, and sunlight</p>
</li>
<li>
<p class=""p1"">Every order includes exclusive goodies &lt;3</p>
</li>
</ul>",Noclout,Apparel & Accessories > Clothing > Swimwear > Boardshorts,"","",false,Size,xs,product.metafields.shopify.size,,,,,,,SWS-XS-GRNR,210.0,shopify,0,deny,manual,29.99,,true,true,,,,,,https://cdn.shopify.com/s/files/1/0654/3828/6065/files/new_greenshort_2.jpg?v=1746485005,1,"",false,,,,,adult,,,,,,,,,,,,,,,adultes,,violet; bleu,polyester,,xs; s; m; l; xl,,unisexe,,,,,,,kg,,,draft
greener-swimming-short,,,,,,,,,s,,,,,,,,SWS-S-GRNR,220.0,shopify,1,deny,manual,29.99,,true,true,,,,,,https://cdn.shopify.com/s/files/1/0654/3828/6065/files/new_greenshort_3.jpg?v=1746485005,2,"",,,,,,,,,,,,,,,,,,,,,,,,,,,,,,,,,,,kg,,,
greener-swimming-short,,,,,,,,,m,,,,,,,,SWS-M-GRNR,230.0,shopify,0,deny,manual,29.99,,true,true,,,,,,https://cdn.shopify.com/s/files/1/0654/3828/6065/files/new_greenshort_1.jpg?v=1741781566,3,"",,,,,,,,,,,,,,,,,,,,,,,,,,,,,,,,,,,kg,,,
greener-swimming-short,,,,,,,,,l,,,,,,,,SWS-L-GRNR,240.0,shopify,3,deny,manual,29.99,,true,true,,,,,,,,,,,,,,,,,,,,,,,,,,,,,,,,,,,,,,,,,,,kg,,,
greener-swimming-short,,,,,,,,,xl,,,,,,,,SWS-XL-GRNR,250.0,shopify,0,deny,manual,29.99,,true,true,,,,,,,,,,,,,,,,,,,,,,,,,,,,,,,,,,,,,,,,,,,kg,,,
sky-swimming-short,Sky Swimming Short,"<ul>
<li>
<p class=""p1"">Colors: blue, turquoise blue in sunlight</p>
</li>
<li>
<p class=""p1"">100% polyester</p>
</li>
<li>
<p class=""p1"">Front logo embroidered<br></p>
</li>
<li>
<p class=""p1"">Color-changing in water, shade, and sunlight</p>
</li>
<li>
<p class=""p1"">Every order includes exclusive goodies &lt;3</p>
</li>
</ul>",Noclout,Apparel & Accessories > Clothing > Swimwear > Boardshorts,"","",false,Size,xs,product.metafields.shopify.size,,,,,,,SWS-XS-SKY,210.0,shopify,0,deny,manual,29.99,,true,true,,,,,,https://cdn.shopify.com/s/files/1/0654/3828/6065/files/new_blue2.jpg?v=1741783711,1,"",false,,,,,adult,,,,,,,,,,,,,,,adultes,,bleu,polyester,,xs; s; m; l; xl,,unisexe,,,,,,,kg,,,draft
sky-swimming-short,,,,,,,,,s,,,,,,,,SWS-S-SKY,220.0,shopify,0,deny,manual,29.99,,true,true,,,,,,https://cdn.shopify.com/s/files/1/0654/3828/6065/files/new_blue1.jpg?v=1741783711,2,"",,,,,,,,,,,,,,,,,,,,,,,,,,,,,,,,,,,kg,,,
sky-swimming-short,,,,,,,,,m,,,,,,,,SWS-M-SKY,230.0,shopify,0,deny,manual,29.99,,true,true,,,,,,,,,,,,,,,,,,,,,,,,,,,,,,,,,,,,,,,,,,,kg,,,
sky-swimming-short,,,,,,,,,l,,,,,,,,SWS-L-SKY,240.0,shopify,0,deny,manual,29.99,,true,true,,,,,,,,,,,,,,,,,,,,,,,,,,,,,,,,,,,,,,,,,,,kg,,,
sky-swimming-short,,,,,,,,,xl,,,,,,,,SWS-XL-SKY,250.0,shopify,0,deny,manual,29.99,,true,true,,,,,,,,,,,,,,,,,,,,,,,,,,,,,,,,,,,,,,,,,,,kg,,,
sunny-swimming-short,Sunny Swimming Short,"<ul>
<li>
<p class=""p1"">Colors: orange, yellow in sunlight</p>
</li>
<li>
<p class=""p1"">100% polyester</p>
</li>
<li>
<p class=""p1"">Front logo embroidered<br></p>
</li>
<li>
<p class=""p1"">Color-changing in water, shade, and sunlight</p>
</li>
<li>
<p class=""p1"">Every order includes exclusive goodies &lt;3</p>
</li>
</ul>",Noclout,Apparel & Accessories > Clothing > Swimwear > Boardshorts,"","",false,Size,xs,product.metafields.shopify.size,,,,,,,SWS-XS-SNY,210.0,shopify,0,deny,manual,29.99,,true,true,,,,,,https://cdn.shopify.com/s/files/1/0654/3828/6065/files/new_sunny2.jpg?v=1746484964,1,"",false,,,,,adult,,,,,,,,,,,,,,,adultes,,violet; bleu,polyester,,xs; s; m; l; xl,,unisexe,,,,,,,kg,,,draft
sunny-swimming-short,,,,,,,,,s,,,,,,,,SWS-S-SNY,220.0,shopify,0,deny,manual,29.99,,true,true,,,,,,https://cdn.shopify.com/s/files/1/0654/3828/6065/files/new_sunny3.jpg?v=1746484964,2,"",,,,,,,,,,,,,,,,,,,,,,,,,,,,,,,,,,,kg,,,
sunny-swimming-short,,,,,,,,,m,,,,,,,,SWS-M-SNY,230.0,shopify,0,deny,manual,29.99,,true,true,,,,,,https://cdn.shopify.com/s/files/1/0654/3828/6065/files/new_sunny1.jpg?v=1746484974,3,"",,,,,,,,,,,,,,,,,,,,,,,,,,,,,,,,,,,kg,,,
sunny-swimming-short,,,,,,,,,l,,,,,,,,SWS-L-SNY,240.0,shopify,0,deny,manual,29.99,,true,true,,,,,,,,,,,,,,,,,,,,,,,,,,,,,,,,,,,,,,,,,,,kg,,,
sunny-swimming-short,,,,,,,,,xl,,,,,,,,SWS-XL-SNY,250.0,shopify,0,deny,manual,29.99,,true,true,,,,,,,,,,,,,,,,,,,,,,,,,,,,,,,,,,,,,,,,,,,kg,,,
ultra-violet-swimming-short,Ultra Violet Swimming Short,"<ul>
<li>
<p class=""p1"">Colors: purple, blue in sunlight</p>
</li>
<li>
<p class=""p1"">100% polyester</p>
</li>
<li>
<p class=""p1"">Front logo embroidered<br></p>
</li>
<li>
<p class=""p1"">Color-changing in water, shade, and sunlight</p>
</li>
<li>
<p class=""p1"">Every order includes exclusive goodies &lt;3</p>
</li>
</ul>",Noclout,Apparel & Accessories > Clothing > Swimwear > Boardshorts,"","",false,Size,xs,product.metafields.shopify.size,,,,,,,SWS-XS-UTV,210.0,shopify,0,deny,manual,29.99,,true,true,,,,,"",https://cdn.shopify.com/s/files/1/0654/3828/6065/files/new_UV2.jpg?v=1746484989,1,"",false,,,,,adult,,,,,,,,,,,,,,,adultes,,violet; bleu,polyester,,xs; s; m; l; xl,,unisexe,,,,,,,kg,,,draft
ultra-violet-swimming-short,,,,,,,,,s,,,,,,,,SWS-S-UTV,220.0,shopify,0,deny,manual,29.99,,true,true,,,,,"",https://cdn.shopify.com/s/files/1/0654/3828/6065/files/new_UV3.jpg?v=1746484989,2,"",,,,,,,,,,,,,,,,,,,,,,,,,,,,,,,,,,,kg,,,
ultra-violet-swimming-short,,,,,,,,,m,,,,,,,,SWS-M-UTV,230.0,shopify,0,deny,manual,29.99,,true,true,,,,,"",https://cdn.shopify.com/s/files/1/0654/3828/6065/files/new_UV1.jpg?v=1741784140,3,"",,,,,,,,,,,,,,,,,,,,,,,,,,,,,,,,,,,kg,,,
ultra-violet-swimming-short,,,,,,,,,l,,,,,,,,SWS-L-UTV,240.0,shopify,0,deny,manual,29.99,,true,true,,,,,"",,,,,,,,,,,,,,,,,,,,,,,,,,,,,,,,,,,,,,kg,,,
ultra-violet-swimming-short,,,,,,,,,xl,,,,,,,,SWS-XL-UTV,250.0,shopify,0,deny,manual,29.99,,true,true,,,,,"",,,,,,,,,,,,,,,,,,,,,,,,,,,,,,,,,,,,,,kg,,,
chromatic-purple-tee,Chromatic Purple Tee,"<ul>
<li>
<p class=""p1"">Colors: white, purple</p>
</li>
<li>
<p class=""p1"">305 gsm</p>
</li>
<li>
<p class=""p1"">100% cotton</p>
</li>
<li>
<p class=""p1"">Back logo printed in classic screen print + puff print</p>
</li>
<li>
<p class=""p1"">Front logo embroidered</p>
</li>
<li>
<p class=""p1"">Every order includes exclusive goodies &lt;3</p>
</li>
</ul>",Noclout,Apparel & Accessories,"",test,true,Size,XS,,,,,,,,TEE-XS-CPPL,300.0,shopify,0,deny,manual,44.99,,true,true,,,,,,https://cdn.shopify.com/s/files/1/0654/3828/6065/files/6_-_Chromatic_-_Violet_-_Dos.jpg?v=1771412878,1,"",false,,,,,,,,,,,,,,,,,,,,,,,,,,,,,,,,,,kg,,19.00,active
chromatic-purple-tee,,,,,,,,,S,,,,,,,,TEE-S-CPPL,300.0,shopify,0,deny,manual,44.99,,true,true,,,,,,https://cdn.shopify.com/s/files/1/0654/3828/6065/files/6_-_Chromatic_-_Violet_-_Face.jpg?v=1771415435,2,"",,,,,,,,,,,,,,,,,,,,,,,,,,,,,,,,,,,kg,,19.00,
chromatic-purple-tee,,,,,,,,,M,,,,,,,,TEE-M-CPPL,300.0,shopify,0,deny,manual,44.99,,true,true,,,,,,https://cdn.shopify.com/s/files/1/0654/3828/6065/files/1735-Purple.jpg?v=1771415435,3,"",,,,,,,,,,,,,,,,,,,,,,,,,,,,,,,,,,,kg,,19.00,
chromatic-purple-tee,,,,,,,,,L,,,,,,,,TEE-L-CPPL,300.0,shopify,0,deny,manual,44.99,,true,true,,,,,,https://cdn.shopify.com/s/files/1/0654/3828/6065/files/1742-Purple.jpg?v=1771415435,4,"",,,,,,,,,,,,,,,,,,,,,,,,,,,,,,,,,,,kg,,19.00,
chromatic-purple-tee,,,,,,,,,XL,,,,,,,,TEE-XL-CPPL,300.0,shopify,0,deny,manual,44.99,,true,true,,,,,,https://cdn.shopify.com/s/files/1/0654/3828/6065/files/1745-Purple.jpg?v=1771415435,5,"",,,,,,,,,,,,,,,,,,,,,,,,,,,,,,,,,,,kg,,19.00,
chromatic-purple-tee,,,,,,,,,,,,,,,,,,,,,,,,,,,,,,,,https://cdn.shopify.com/s/files/1/0654/3828/6065/files/CHROMATIC_PURPLE_TEE_1.jpg?v=1771415435,6,"",,,,,,,,,,,,,,,,,,,,,,,,,,,,,,,,,,,,,,
chromatic-purple-tee,,,,,,,,,,,,,,,,,,,,,,,,,,,,,,,,https://cdn.shopify.com/s/files/1/0654/3828/6065/files/CHROMATIC_PURPLE_TEE_2.jpg?v=1771415435,7,"",,,,,,,,,,,,,,,,,,,,,,,,,,,,,,,,,,,,,,
chromatic-purple-tee,,,,,,,,,,,,,,,,,,,,,,,,,,,,,,,,https://cdn.shopify.com/s/files/1/0654/3828/6065/files/CHROMATIC_PURPLE_TEE_3.jpg?v=1771415435,8,"",,,,,,,,,,,,,,,,,,,,,,,,,,,,,,,,,,,,,,
chromatic-yellow-tee,Chromatic Yellow Tee,"<ul>
<li>
<p class=""p1"">Colors: white, yellow</p>
</li>
<li>
<p class=""p1"">305 gsm</p>
</li>
<li>
<p class=""p1"">100% cotton</p>
</li>
<li>
<p class=""p1"">Back logo printed in classic screen print + puff print</p>
</li>
<li>
<p class=""p1"">Front logo embroidered</p>
</li>
<li>
<p class=""p1"">Every order includes exclusive goodies &lt;3</p>
</li>
</ul>",Noclout,Apparel & Accessories,"",test,true,Size,XS,,,,,,,,,300.0,shopify,0,deny,manual,44.99,,true,true,,,,,,https://cdn.shopify.com/s/files/1/0654/3828/6065/files/2_-_Chromatic_-_Jaune_-_Dos.jpg?v=1771412903,1,"",false,,,,,,,,,,,,,,,,,,,,,,,,,,,,,,,,,,kg,,19.00,active
chromatic-yellow-tee,,,,,,,,,S,,,,,,,,,300.0,shopify,0,deny,manual,44.99,,true,true,,,,,,https://cdn.shopify.com/s/files/1/0654/3828/6065/files/2_-_Chromatic_-_Jaune_-_Face.jpg?v=1771415448,2,"",,,,,,,,,,,,,,,,,,,,,,,,,,,,,,,,,,,kg,,19.00,
chromatic-yellow-tee,,,,,,,,,M,,,,,,,,,300.0,shopify,0,deny,manual,44.99,,true,true,,,,,,https://cdn.shopify.com/s/files/1/0654/3828/6065/files/1691-Yellow.jpg?v=1771415448,3,"",,,,,,,,,,,,,,,,,,,,,,,,,,,,,,,,,,,kg,,19.00,
chromatic-yellow-tee,,,,,,,,,L,,,,,,,,,300.0,shopify,0,deny,manual,44.99,,true,true,,,,,,https://cdn.shopify.com/s/files/1/0654/3828/6065/files/1695-Yellow.jpg?v=1771415448,4,"",,,,,,,,,,,,,,,,,,,,,,,,,,,,,,,,,,,kg,,19.00,
chromatic-yellow-tee,,,,,,,,,XL,,,,,,,,,300.0,shopify,0,deny,manual,44.99,,true,true,,,,,,https://cdn.shopify.com/s/files/1/0654/3828/6065/files/1699-Yellow.jpg?v=1771415448,5,"",,,,,,,,,,,,,,,,,,,,,,,,,,,,,,,,,,,kg,,19.00,
chromatic-yellow-tee,,,,,,,,,,,,,,,,,,,,,,,,,,,,,,,,https://cdn.shopify.com/s/files/1/0654/3828/6065/files/CHROMATIC_YELLOW_TEE_1.jpg?v=1771415448,6,"",,,,,,,,,,,,,,,,,,,,,,,,,,,,,,,,,,,,,,
chromatic-yellow-tee,,,,,,,,,,,,,,,,,,,,,,,,,,,,,,,,https://cdn.shopify.com/s/files/1/0654/3828/6065/files/CHROMATIC_YELLOW_TEE_2.jpg?v=1771415448,7,"",,,,,,,,,,,,,,,,,,,,,,,,,,,,,,,,,,,,,,
chromatic-yellow-tee,,,,,,,,,,,,,,,,,,,,,,,,,,,,,,,,https://cdn.shopify.com/s/files/1/0654/3828/6065/files/CHROMATIC_YELLOW_TEE_3.jpg?v=1771415448,8,"",,,,,,,,,,,,,,,,,,,,,,,,,,,,,,,,,,,,,,
chromatic-green-tee,Chromatic Green Tee,"<ul>
<li>
<p class=""p1"">Colors: white, green</p>
</li>
<li>
<p class=""p1"">305 gsm</p>
</li>
<li>
<p class=""p1"">100% cotton</p>
</li>
<li>
<p class=""p1"">Back logo printed in classic screen print + puff print</p>
</li>
<li>
<p class=""p1"">Front logo embroidered</p>
</li>
<li>
<p class=""p1"">Every order includes exclusive goodies &lt;3</p>
</li>
</ul>",Noclout,Apparel & Accessories,"",test,true,Size,XS,,,,,,,,TEE-XS-GREN,300.0,shopify,0,deny,manual,44.99,,true,true,,,,,,https://cdn.shopify.com/s/files/1/0654/3828/6065/files/5_-_Chromatic_-_Vert_-_Dos.jpg?v=1771412921,1,"",false,,,,,,,,,,,,,,,,,,,,,,,,,,,,,,,,,,kg,,19.00,active
chromatic-green-tee,,,,,,,,,S,,,,,,,,TEE-S-GREN,300.0,shopify,0,deny,manual,44.99,,true,true,,,,,,https://cdn.shopify.com/s/files/1/0654/3828/6065/files/5_-_Chromatic_-_Vert_-_Face.jpg?v=1771415461,2,"",,,,,,,,,,,,,,,,,,,,,,,,,,,,,,,,,,,kg,,19.00,
chromatic-green-tee,,,,,,,,,M,,,,,,,,TEE-M-GREN,300.0,shopify,0,deny,manual,44.99,,true,true,,,,,,https://cdn.shopify.com/s/files/1/0654/3828/6065/files/1735-Green.jpg?v=1771415461,3,"",,,,,,,,,,,,,,,,,,,,,,,,,,,,,,,,,,,kg,,19.00,
chromatic-green-tee,,,,,,,,,L,,,,,,,,TEE-L-GREN,300.0,shopify,0,deny,manual,44.99,,true,true,,,,,,https://cdn.shopify.com/s/files/1/0654/3828/6065/files/1742-Green.jpg?v=1771415461,4,"",,,,,,,,,,,,,,,,,,,,,,,,,,,,,,,,,,,kg,,19.00,
chromatic-green-tee,,,,,,,,,XL,,,,,,,,TEE-XL-GREN,300.0,shopify,0,deny,manual,44.99,,true,true,,,,,,https://cdn.shopify.com/s/files/1/0654/3828/6065/files/Chromatic_Vert_Porte_Tom.jpg?v=1771415461,5,"",,,,,,,,,,,,,,,,,,,,,,,,,,,,,,,,,,,kg,,19.00,
chromatic-green-tee,,,,,,,,,,,,,,,,,,,,,,,,,,,,,,,,https://cdn.shopify.com/s/files/1/0654/3828/6065/files/CHROMATIC_GREEN_TEE_1.jpg?v=1771415461,6,"",,,,,,,,,,,,,,,,,,,,,,,,,,,,,,,,,,,,,,
chromatic-green-tee,,,,,,,,,,,,,,,,,,,,,,,,,,,,,,,,https://cdn.shopify.com/s/files/1/0654/3828/6065/files/CHROMATIC_GREEN_TEE_2.jpg?v=1771415461,7,"",,,,,,,,,,,,,,,,,,,,,,,,,,,,,,,,,,,,,,
chromatic-green-tee,,,,,,,,,,,,,,,,,,,,,,,,,,,,,,,,https://cdn.shopify.com/s/files/1/0654/3828/6065/files/CHROMATIC_GREEN_TEE_3.jpg?v=1771415461,8,"",,,,,,,,,,,,,,,,,,,,,,,,,,,,,,,,,,,,,,
chromatic-blue-tee-1,Chromatic Blue Tee,"<ul>
<li>
<p class=""p1"">Colors: white, blue</p>
</li>
<li>
<p class=""p1"">305 gsm</p>
</li>
<li>
<p class=""p1"">100% cotton</p>
</li>
<li>
<p class=""p1"">Back logo printed in classic screen print + puff print</p>
</li>
<li>
<p class=""p1"">Front logo embroidered</p>
</li>
<li>
<p class=""p1"">Every order includes exclusive goodies &lt;3</p>
</li>
</ul>",Noclout,Apparel & Accessories,"",test,true,Size,XS,,,,,,,,TEE-XS-CBLE,300.0,shopify,23,deny,manual,44.99,,true,true,,,,,TEE-XS-CBLE,https://cdn.shopify.com/s/files/1/0654/3828/6065/files/1_913302f5-8b90-4c19-9ad3-42cc9572ba81.jpg?v=1773861071,1,"",false,,,,,,,,,,,,,,,,,,,'3,,,,,,,,,,,,,,,kg,,19.00,active
chromatic-blue-tee-1,,,,,,,,,S,,,,,,,,TEE-S-CBLE,300.0,shopify,29,deny,manual,44.99,,true,true,,,,,TEE-S-CBLE,https://cdn.shopify.com/s/files/1/0654/3828/6065/files/1_-_Chromatic_-_Bleu_-_Dos.jpg?v=1773861071,2,"",,,,,,,,,,,,,,,,,,,,,,,,,,,,,,,,,,,kg,,19.00,
chromatic-blue-tee-1,,,,,,,,,M,,,,,,,,TEE-M-CBLE,300.0,shopify,60,deny,manual,44.99,,true,true,,,,,TEE-M-CBLE,https://cdn.shopify.com/s/files/1/0654/3828/6065/files/1_-_Chromatic_-_Bleu_-_Face.jpg?v=1773861071,3,"",,,,,,,,,,,,,,,,,,,,,,,,,,,,,,,,,,,kg,,19.00,
chromatic-blue-tee-1,,,,,,,,,L,,,,,,,,TEE-L-CBLE,300.0,shopify,26,deny,manual,44.99,,true,true,,,,,TEE-L-CBLE,https://cdn.shopify.com/s/files/1/0654/3828/6065/files/1691-Blue.jpg?v=1773861071,4,"",,,,,,,,,,,,,,,,,,,,,,,,,,,,,,,,,,,kg,,19.00,
chromatic-blue-tee-1,,,,,,,,,XL,,,,,,,,TEE-XL-CBLE,300.0,shopify,9,deny,manual,44.99,,true,true,,,,,TEE-XL-CBLE,https://cdn.shopify.com/s/files/1/0654/3828/6065/files/1695-Blue.jpg?v=1773861071,5,"",,,,,,,,,,,,,,,,,,,,,,,,,,,,,,,,,,,kg,,19.00,
chromatic-blue-tee-1,,,,,,,,,,,,,,,,,,,,,,,,,,,,,,,,https://cdn.shopify.com/s/files/1/0654/3828/6065/files/CHROMATIC_BLUE_TEE_1.jpg?v=1771415419,6,"",,,,,,,,,,,,,,,,,,,,,,,,,,,,,,,,,,,,,,
chromatic-blue-tee-1,,,,,,,,,,,,,,,,,,,,,,,,,,,,,,,,https://cdn.shopify.com/s/files/1/0654/3828/6065/files/CHROMATIC_BLUE_TEE_2.jpg?v=1771415419,7,"",,,,,,,,,,,,,,,,,,,,,,,,,,,,,,,,,,,,,,
chromatic-blue-tee-1,,,,,,,,,,,,,,,,,,,,,,,,,,,,,,,,https://cdn.shopify.com/s/files/1/0654/3828/6065/files/CHROMATIC_BLUE_TEE_3.jpg?v=1771415419,8,"",,,,,,,,,,,,,,,,,,,,,,,,,,,,,,,,,,,,,,
chromatic-blue-tee,Chromatic Red Tee,"<ul>
<li>
<p class=""p1"">Colors: white, red</p>
</li>
<li>
<p class=""p1"">305 gsm</p>
</li>
<li>
<p class=""p1"">100% cotton</p>
</li>
<li>
<p class=""p1"">Back logo printed in classic screen print + puff print</p>
</li>
<li>
<p class=""p1"">Front logo embroidered</p>
</li>
<li>
<p class=""p1"">Every order includes exclusive goodies &lt;3</p>
</li>
</ul>",Noclout,Apparel & Accessories,"",test,true,Size,XS,,Price,Remaining stock - 22.99€,,,,,,300.0,shopify,0,deny,manual,44.99,,true,true,,,,,,https://cdn.shopify.com/s/files/1/0654/3828/6065/files/4_-_Chromatic_-_Rouge_-_Dos.jpg?v=1771413088,1,"",false,,,,,,,,,,,,,,,,,,,'1,,,,,,,,,,,,,,,kg,,19.00,active
chromatic-blue-tee,,,,,,,,,S,,,Remaining stock - 22.99€,,,,,,300.0,shopify,0,deny,manual,44.99,,true,true,,,,,,https://cdn.shopify.com/s/files/1/0654/3828/6065/files/4_-_Chromatic_-_Rouge_-_Face.jpg?v=1771415471,2,"",,,,,,,,,,,,,,,,,,,,,,,,,,,,,,,,,,,kg,,19.00,
chromatic-blue-tee,,,,,,,,,M,,,Remaining stock - 22.99€,,,,,,300.0,shopify,0,deny,manual,44.99,,true,true,,,,,,https://cdn.shopify.com/s/files/1/0654/3828/6065/files/1691_ffe0ffa5-7215-4d2f-aea7-cc2dee860a18.jpg?v=1771415471,3,"",,,,,,,,,,,,,,,,,,,,,,,,,,,,,,,,,,,kg,,19.00,
chromatic-blue-tee,,,,,,,,,L,,,Remaining stock - 22.99€,,,,,,300.0,shopify,0,deny,manual,44.99,,true,true,,,,,,https://cdn.shopify.com/s/files/1/0654/3828/6065/files/1695.jpg?v=1771415471,4,"",,,,,,,,,,,,,,,,,,,,,,,,,,,,,,,,,,,kg,,19.00,
chromatic-blue-tee,,,,,,,,,XL,,,Remaining stock - 22.99€,,,,,,300.0,shopify,0,deny,manual,44.99,,true,true,,,,,,https://cdn.shopify.com/s/files/1/0654/3828/6065/files/1699.jpg?v=1771415471,5,"",,,,,,,,,,,,,,,,,,,,,,,,,,,,,,,,,,,kg,,19.00,
chromatic-blue-tee,,,,,,,,,,,,,,,,,,,,,,,,,,,,,,,,https://cdn.shopify.com/s/files/1/0654/3828/6065/files/CHROMATIC_RED_TEE_1.jpg?v=1771415471,6,"",,,,,,,,,,,,,,,,,,,,,,,,,,,,,,,,,,,,,,
chromatic-blue-tee,,,,,,,,,,,,,,,,,,,,,,,,,,,,,,,,https://cdn.shopify.com/s/files/1/0654/3828/6065/files/CHROMATIC_RED_TEE_2.jpg?v=1771415471,7,"",,,,,,,,,,,,,,,,,,,,,,,,,,,,,,,,,,,,,,
chromatic-blue-tee,,,,,,,,,,,,,,,,,,,,,,,,,,,,,,,,https://cdn.shopify.com/s/files/1/0654/3828/6065/files/CHROMATIC_RED_TEE_3.jpg?v=1771415471,8,"",,,,,,,,,,,,,,,,,,,,,,,,,,,,,,,,,,,,,,
chromatic-pink-tee,Chromatic Pink Tee,"<ul>
<li>
<p class=""p1"">Colors: white, pink</p>
</li>
<li>
<p class=""p1"">305 gsm</p>
</li>
<li>
<p class=""p1"">100% cotton</p>
</li>
<li>
<p class=""p1"">Back logo printed in classic screen print + puff print</p>
</li>
<li>
<p class=""p1"">Front logo embroidered</p>
</li>
<li>
<p class=""p1"">Every order includes exclusive goodies &lt;3</p>
</li>
</ul>",Noclout,Apparel & Accessories,"",test,true,Size,XS,,,,,,,,TEE-XS-CPKY,300.0,shopify,2,deny,manual,44.99,,true,true,,,,,TEE-XS-CPKY,https://cdn.shopify.com/s/files/1/0654/3828/6065/files/3_-_Chromatic_-_Rose_-_Dos.jpg?v=1771413128,1,"",false,,,,,,,,,,,,,,,,,,,'3,,,,,,,,,,,,,,,kg,,19.00,active
chromatic-pink-tee,,,,,,,,,S,,,,,,,,TEE-S-CPKY,300.0,shopify,13,deny,manual,44.99,,true,true,,,,,TEE-S-CPKY,https://cdn.shopify.com/s/files/1/0654/3828/6065/files/3_-_Chromatic_-_Rose_-_Face_13f041ad-4f73-4d9b-9818-f5610b60a11e.jpg?v=1771415514,2,"",,,,,,,,,,,,,,,,,,,,,,,,,,,,,,,,,,,kg,,19.00,
chromatic-pink-tee,,,,,,,,,M,,,,,,,,TEE-M-CPKY,300.0,shopify,37,deny,manual,44.99,,true,true,,,,,TEE-M-CPKY,https://cdn.shopify.com/s/files/1/0654/3828/6065/files/1691-Pink.jpg?v=1771415514,3,"",,,,,,,,,,,,,,,,,,,,,,,,,,,,,,,,,,,kg,,19.00,
chromatic-pink-tee,,,,,,,,,L,,,,,,,,TEE-L-CPKY,300.0,shopify,15,deny,manual,44.99,,true,true,,,,,TEE-L-CPKY,https://cdn.shopify.com/s/files/1/0654/3828/6065/files/1695-Pink.jpg?v=1771415514,4,"",,,,,,,,,,,,,,,,,,,,,,,,,,,,,,,,,,,kg,,19.00,
chromatic-pink-tee,,,,,,,,,XL,,,,,,,,TEE-XL-CPKY,300.0,shopify,5,deny,manual,44.99,,true,true,,,,,TEE-XL-CPKY,https://cdn.shopify.com/s/files/1/0654/3828/6065/files/1_7b014365-1ab4-4afd-b55e-2963583fed92.jpg?v=1771415514,5,"",,,,,,,,,,,,,,,,,,,,,,,,,,,,,,,,,,,kg,,19.00,
chromatic-pink-tee,,,,,,,,,,,,,,,,,,,,,,,,,,,,,,,,https://cdn.shopify.com/s/files/1/0654/3828/6065/files/CHROMATIC_PINK_TEE_1.jpg?v=1771415514,6,"",,,,,,,,,,,,,,,,,,,,,,,,,,,,,,,,,,,,,,
chromatic-pink-tee,,,,,,,,,,,,,,,,,,,,,,,,,,,,,,,,https://cdn.shopify.com/s/files/1/0654/3828/6065/files/CHROMATIC_PINK_TEE_2.jpg?v=1771415514,7,"",,,,,,,,,,,,,,,,,,,,,,,,,,,,,,,,,,,,,,
chromatic-pink-tee,,,,,,,,,,,,,,,,,,,,,,,,,,,,,,,,https://cdn.shopify.com/s/files/1/0654/3828/6065/files/CHROMATIC_PINK_TEE_3.jpg?v=1771415514,8,"",,,,,,,,,,,,,,,,,,,,,,,,,,,,,,,,,,,,,,
foldy-jean,Foldy Jeans,"<ul>
<li>
<p class=""p1"">Faded blue denim</p>
</li>
<li>
<p class=""p1"">Front and back crease detailing</p>
</li>
<li>
<p class=""p1"">100% cotton (non-stretch)</p>
</li>
<li>
<p class=""p1"">Woven denim fabric</p>
</li>
<li>
<p class=""p1"">3D embroidered blue logo on back left pocket</p>
</li>
<li>
<p class=""p1"">Every order includes exclusive goodies &lt;3</p>
</li>
</ul>",Noclout,Uncategorized,"","",true,Size,XS,,,,,,,,JNS-XS-FOLDY,400.0,shopify,0,deny,manual,94.99,,true,true,,,,,,https://cdn.shopify.com/s/files/1/0654/3828/6065/files/FJ.jpg?v=1747849291,1,"",false,,,,,,,,,,,,,,,,,,,,,,,,,,,,,,,,,,kg,,,active
foldy-jean,,,,,,,,,S,,,,,,,,JNS-S-FOLDY,400.0,shopify,0,deny,manual,94.99,,true,true,,,,,,https://cdn.shopify.com/s/files/1/0654/3828/6065/files/FJ-Back.jpg?v=1747849291,2,"",,,,,,,,,,,,,,,,,,,,,,,,,,,,,,,,,,,kg,,,
foldy-jean,,,,,,,,,M,,,,,,,,JNS-M-FOLDY,400.0,shopify,0,deny,manual,94.99,,true,true,,,,,,https://cdn.shopify.com/s/files/1/0654/3828/6065/files/1704.jpg?v=1748527920,3,"",,,,,,,,,,,,,,,,,,,,,,,,,,,,,,,,,,,kg,,,
foldy-jean,,,,,,,,,L,,,,,,,,JNS-L-FOLDY,400.0,shopify,0,deny,manual,94.99,,true,true,,,,,,https://cdn.shopify.com/s/files/1/0654/3828/6065/files/1708.jpg?v=1748527920,4,"",,,,,,,,,,,,,,,,,,,,,,,,,,,,,,,,,,,kg,,,
foldy-jean,,,,,,,,,XL,,,,,,,,JNS-XL-FOLDY,400.0,shopify,0,deny,manual,94.99,,true,true,,,,,,https://cdn.shopify.com/s/files/1/0654/3828/6065/files/1710.jpg?v=1748527920,5,"",,,,,,,,,,,,,,,,,,,,,,,,,,,,,,,,,,,kg,,,
bloody-hoodie,Bloody Hoodie,"<ul>
<li>
<p class=""p1"">Colors: white, red</p>
</li>
<li>
<p class=""p1"">350 gsm</p>
</li>
<li>
<p class=""p1"">80% cotton, 20% polyester</p>
</li>
<li>
<p class=""p1"">2 logos (embroidered + printed)</p>
</li>
<li>
<p class=""p1"">Every order includes exclusive goodies &lt;3</p>
</li>
</ul>",Noclout,Apparel & Accessories,"",PRECO,true,Size,XS,,,,,,,,HDE-XS-BLDY,800.0,shopify,5,deny,manual,84.99,,true,true,,,,,HDE-XS-BLDY,https://cdn.shopify.com/s/files/1/0654/3828/6065/files/Bloody_Hoodie_Dos_4d6aead0-14b9-430a-9792-4c88b143762b.jpg?v=1771510106,1,"",false,,,,,,,,,,,,,,,,,,,'1,,,,,,,,,,,,,,,kg,,,active
bloody-hoodie,,,,,,,,,S,,,,,,,,HDE-S-BLDY,800.0,shopify,9,deny,manual,84.99,,true,true,,,,,HDE-S-BLDY,https://cdn.shopify.com/s/files/1/0654/3828/6065/files/Bllody_Hoodie_Face.jpg?v=1771600982,2,"",,,,,,,,,,,,,,,,,,,,,,,,,,,,,,,,,,,kg,,,
bloody-hoodie,,,,,,,,,M,,,,,,,,HDE-M-BLDY,800.0,shopify,15,deny,manual,84.99,,true,true,,,,,HDE-M-BLDY,https://cdn.shopify.com/s/files/1/0654/3828/6065/files/1632_600a881f-75b4-4b79-bc2f-fa5a8a1d5168.jpg?v=1771600982,3,"",,,,,,,,,,,,,,,,,,,,,,,,,,,,,,,,,,,kg,,,
bloody-hoodie,,,,,,,,,L,,,,,,,,HDE-L-BLDY,800.0,shopify,6,deny,manual,84.99,,true,true,,,,,HDE-L-BLDY,https://cdn.shopify.com/s/files/1/0654/3828/6065/files/1640_bf41c901-a828-48a2-baf6-7ff6b0a141bd.jpg?v=1771600982,4,"",,,,,,,,,,,,,,,,,,,,,,,,,,,,,,,,,,,kg,,,
bloody-hoodie,,,,,,,,,XL,,,,,,,,HDE-XL-BLDY,800.0,shopify,3,deny,manual,84.99,,true,true,,,,,HDE-XL-BLDY,https://cdn.shopify.com/s/files/1/0654/3828/6065/files/1644_2a536d42-66e0-42b7-ac98-c01457bc7000.jpg?v=1771600982,5,"",,,,,,,,,,,,,,,,,,,,,,,,,,,,,,,,,,,kg,,,
bloody-hoodie,,,,,,,,,,,,,,,,,,,,,,,,,,,,,,,,https://cdn.shopify.com/s/files/1/0654/3828/6065/files/2296_9ec9733f-7076-4656-b72c-065746bc0f5e.jpg?v=1771600982,6,"",,,,,,,,,,,,,,,,,,,,,,,,,,,,,,,,,,,,,,
bloody-hoodie,,,,,,,,,,,,,,,,,,,,,,,,,,,,,,,,https://cdn.shopify.com/s/files/1/0654/3828/6065/files/2303_6cbb6ca1-d4ff-4749-948b-4977c5e9c71e.jpg?v=1771600982,7,"",,,,,,,,,,,,,,,,,,,,,,,,,,,,,,,,,,,,,,
bloody-hoodie,,,,,,,,,,,,,,,,,,,,,,,,,,,,,,,,https://cdn.shopify.com/s/files/1/0654/3828/6065/files/2306_893227d6-52cf-4208-a9e4-824a79edc73c.jpg?v=1771600982,8,"",,,,,,,,,,,,,,,,,,,,,,,,,,,,,,,,,,,,,,
royal-hoodie,Royal Hoodie,"<ul>
<li>
<p class=""p1"">Colors: blue, white</p>
</li>
<li>
<p class=""p1"">350 gsm</p>
</li>
<li>
<p class=""p1"">80% cotton, 20% polyester</p>
</li>
<li>
<p class=""p1"">2 logos (embroidered + printed)</p>
</li>
<li>
<p class=""p1"">Every order includes exclusive goodies &lt;3</p>
</li>
</ul>",Noclout,Apparel & Accessories,"",PRECO,true,Size,XS,,,,,,,,HDE-XS-ROYL,800.0,shopify,3,deny,manual,84.99,,true,true,,,,,HDE-XS-ROYL,https://cdn.shopify.com/s/files/1/0654/3828/6065/files/Royal_Hoodie_Dos_9e48b374-e400-4e31-a4d8-5e9762ed6b0e.jpg?v=1771510121,1,"",false,,,,,,,,,,,,,,,,,,,'5,,,,,,,,,,,,,,,kg,,,active
royal-hoodie,,,,,,,,,S,,,,,,,,HDE-S-ROYL,870.0,shopify,6,deny,manual,84.99,,true,true,,,,,HDE-S-ROYL,https://cdn.shopify.com/s/files/1/0654/3828/6065/files/Royal_Hoodie_Face.jpg?v=1771510121,2,"",,,,,,,,,,,,,,,,,,,,,,,,,,,,,,,,,,,kg,,,
royal-hoodie,,,,,,,,,M,,,,,,,,HDE-M-ROYL,880.0,shopify,4,deny,manual,84.99,,true,true,,,,,HDE-M-ROYL,https://cdn.shopify.com/s/files/1/0654/3828/6065/files/1919.jpg?v=1771510121,3,"",,,,,,,,,,,,,,,,,,,,,,,,,,,,,,,,,,,kg,,,
royal-hoodie,,,,,,,,,L,,,,,,,,HDE-L-ROYL,900.0,shopify,2,deny,manual,84.99,,true,true,,,,,HDE-L-ROYL,https://cdn.shopify.com/s/files/1/0654/3828/6065/files/1924.jpg?v=1771510121,4,"",,,,,,,,,,,,,,,,,,,,,,,,,,,,,,,,,,,kg,,,
royal-hoodie,,,,,,,,,XL,,,,,,,,HDE-XL-ROYL,960.0,shopify,0,deny,manual,84.99,,true,true,,,,,HDE-XL-ROYL,https://cdn.shopify.com/s/files/1/0654/3828/6065/files/1928.jpg?v=1771510121,5,"",,,,,,,,,,,,,,,,,,,,,,,,,,,,,,,,,,,kg,,,
royal-hoodie,,,,,,,,,,,,,,,,,,,,,,,,,,,,,,,,https://cdn.shopify.com/s/files/1/0654/3828/6065/files/ROYAL_HOODIE_1.jpg?v=1771510121,6,"",,,,,,,,,,,,,,,,,,,,,,,,,,,,,,,,,,,,,,
royal-hoodie,,,,,,,,,,,,,,,,,,,,,,,,,,,,,,,,https://cdn.shopify.com/s/files/1/0654/3828/6065/files/ROYAL_HOODIE_2.jpg?v=1771510121,7,"",,,,,,,,,,,,,,,,,,,,,,,,,,,,,,,,,,,,,,
royal-hoodie,,,,,,,,,,,,,,,,,,,,,,,,,,,,,,,,https://cdn.shopify.com/s/files/1/0654/3828/6065/files/ROYAL_HOODIE_3.jpg?v=1771510121,8,"",,,,,,,,,,,,,,,,,,,,,,,,,,,,,,,,,,,,,,
darker-zip,Darker Zip,"<ul>
<li>
<p class=""p1"">Colors: black, white</p>
</li>
<li>
<p class=""p1"">350 gsm</p>
</li>
<li>
<p class=""p1"">80% cotton, 20% polyester</p>
</li>
<li>
<p class=""p1"">2 logos (embroidered + printed)</p>
</li>
<li>
<p class=""p1"">Every order includes exclusive goodies &lt;3</p>
</li>
</ul>",Noclout,Apparel & Accessories,"",PRECO,true,Size,XS,,NFC Option,NFC (+5€),,,,,ZIP-XS-DKRP,790.0,shopify,1,deny,manual,94.99,,true,true,,,,,ZIP-XS-DKRP,https://cdn.shopify.com/s/files/1/0654/3828/6065/files/Darker_Zip_Face.jpg?v=1771509730,1,"",false,,,,,,,,,,,,,,,,,,,'5,,,,,,,,,,,,,,,kg,,,active
darker-zip,,,,,,,,,XS,,,No NFC,,,,,ZIP-XS-DKR,790.0,shopify,1,deny,manual,89.99,,true,true,,,,,ZIP-XS-DKR,https://cdn.shopify.com/s/files/1/0654/3828/6065/files/3985.jpg?v=1771509730,2,"",,,,,,,,,,,,,,,,,,,,,,,,,,,,,,,,,,,kg,,,
darker-zip,,,,,,,,,S,,,NFC (+5€),,,,,ZIP-S-DKRP,830.0,shopify,3,deny,manual,94.99,,true,true,,,,,ZIP-S-DKRP,https://cdn.shopify.com/s/files/1/0654/3828/6065/files/4003.jpg?v=1771509730,3,"",,,,,,,,,,,,,,,,,,,,,,,,,,,,,,,,,,,kg,,,
darker-zip,,,,,,,,,S,,,No NFC,,,,,ZIP-S-DKR,830.0,shopify,6,deny,manual,89.99,,true,true,,,,,ZIP-S-DKR,https://cdn.shopify.com/s/files/1/0654/3828/6065/files/3997.jpg?v=1771509730,4,"",,,,,,,,,,,,,,,,,,,,,,,,,,,,,,,,,,,kg,,,
darker-zip,,,,,,,,,M,,,NFC (+5€),,,,,ZIP-M-DKRP,880.0,shopify,6,deny,manual,94.99,,true,true,,,,,ZIP-M-DKRP,https://cdn.shopify.com/s/files/1/0654/3828/6065/files/IMG_9127_cec80f6a-2a28-478b-940e-17c23f3e90ff.jpg?v=1771509730,5,"",,,,,,,,,,,,,,,,,,,,,,,,,,,,,,,,,,,kg,,,
darker-zip,,,,,,,,,M,,,No NFC,,,,,ZIP-M-DKR,880.0,shopify,8,deny,manual,89.99,,true,true,,,,,ZIP-M-DKR,https://cdn.shopify.com/s/files/1/0654/3828/6065/files/IMG_9128_23ae2240-1efa-4f26-9a1d-fb91db17ea88.jpg?v=1771509730,6,"",,,,,,,,,,,,,,,,,,,,,,,,,,,,,,,,,,,kg,,,
darker-zip,,,,,,,,,L,,,NFC (+5€),,,,,ZIP-L-DKRP,930.0,shopify,4,deny,manual,94.99,,true,true,,,,,ZIP-L-DKRP,https://cdn.shopify.com/s/files/1/0654/3828/6065/files/IMG_9129_c181ed6b-2046-4590-90e0-db26b84c860d.jpg?v=1771509730,7,"",,,,,,,,,,,,,,,,,,,,,,,,,,,,,,,,,,,kg,,,
darker-zip,,,,,,,,,L,,,No NFC,,,,,ZIP-L-DKR,930.0,shopify,0,deny,manual,89.99,,true,true,,,,,ZIP-L-DKR,,,,,,,,,,,,,,,,,,,,,,,,,,,,,,,,,,,,,,kg,,,
darker-zip,,,,,,,,,XL,,,NFC (+5€),,,,,ZIP-XL-DKRP,970.0,shopify,1,deny,manual,94.99,,true,true,,,,,ZIP-XL-DKRP,,,,,,,,,,,,,,,,,,,,,,,,,,,,,,,,,,,,,,kg,,,
darker-zip,,,,,,,,,XL,,,No NFC,,,,,ZIP-XL-DKR,970.0,shopify,2,deny,manual,89.99,,true,true,,,,,ZIP-XL-DKR,,,,,,,,,,,,,,,,,,,,,,,,,,,,,,,,,,,,,,kg,,,
blue-zip,OG Zip,"<ul>
<li>
<p class=""p1"">Colors: white, blue</p>
</li>
<li>
<p class=""p1"">350 gsm</p>
</li>
<li>
<p class=""p1"">80% cotton, 20% polyester</p>
</li>
<li>
<p class=""p1"">2 logos (embroidered + printed)</p>
</li>
<li>
<p class=""p1"">Every order includes exclusive goodies &lt;3</p>
</li>
</ul>",Noclout,Apparel & Accessories,"",PRECO,true,Size,XS,,NFC Option,NFC (+5€),,,,,ZIP-XS-OGP,790.0,shopify,5,deny,manual,94.99,,true,true,,,,,ZIP-XS-OGP,https://cdn.shopify.com/s/files/1/0654/3828/6065/files/OG_Zip_Face.jpg?v=1771509669,1,"",false,,,,,,,,,,,,,,,,,,,'4,,,,,,,,,,,,,,,kg,,,active
blue-zip,,,,,,,,,XS,,,No NFC,,,,,ZIP-XS-OG,790.0,shopify,4,deny,manual,89.99,,true,true,,,,,ZIP-XS-OG,https://cdn.shopify.com/s/files/1/0654/3828/6065/files/OG_ZIP_4.jpg?v=1771509669,2,"",,,,,,,,,,,,,,,,,,,,,,,,,,,,,,,,,,,kg,,,
blue-zip,,,,,,,,,S,,,NFC (+5€),,,,,ZIP-S-OGP,830.0,shopify,1,deny,manual,94.99,,true,true,,,,,ZIP-S-OGP,https://cdn.shopify.com/s/files/1/0654/3828/6065/files/1651.jpg?v=1771509669,3,"",,,,,,,,,,,,,,,,,,,,,,,,,,,,,,,,,,,kg,,,
blue-zip,,,,,,,,,S,,,No NFC,,,,,ZIP-S-OG,830.0,shopify,3,deny,manual,89.99,,true,true,,,,,ZIP-S-OG,https://cdn.shopify.com/s/files/1/0654/3828/6065/files/1658.jpg?v=1771509669,4,"",,,,,,,,,,,,,,,,,,,,,,,,,,,,,,,,,,,kg,,,
blue-zip,,,,,,,,,M,,,NFC (+5€),,,,,ZIP-M-OGP,880.0,shopify,18,deny,manual,94.99,,true,true,,,,,ZIP-M-OGP,https://cdn.shopify.com/s/files/1/0654/3828/6065/files/OG_ZIP_1.jpg?v=1771509669,5,"",,,,,,,,,,,,,,,,,,,,,,,,,,,,,,,,,,,kg,,,
blue-zip,,,,,,,,,M,,,No NFC,,,,,ZIP-M-OG,880.0,shopify,14,deny,manual,89.99,,true,true,,,,,ZIP-M-OG,https://cdn.shopify.com/s/files/1/0654/3828/6065/files/OG_ZIP_2.jpg?v=1771509669,6,"",,,,,,,,,,,,,,,,,,,,,,,,,,,,,,,,,,,kg,,,
blue-zip,,,,,,,,,L,,,NFC (+5€),,,,,ZIP-L-OGP,930.0,shopify,10,deny,manual,94.99,,true,true,,,,,ZIP-L-OGP,https://cdn.shopify.com/s/files/1/0654/3828/6065/files/IMG_9142.jpg?v=1771509669,7,"",,,,,,,,,,,,,,,,,,,,,,,,,,,,,,,,,,,kg,,,
blue-zip,,,,,,,,,L,,,No NFC,,,,,ZIP-L-OG,930.0,shopify,1,deny,manual,89.99,,true,true,,,,,ZIP-L-OG,,,,,,,,,,,,,,,,,,,,,,,,,,,,,,,,,,,,,,kg,,,
blue-zip,,,,,,,,,XL,,,NFC (+5€),,,,,ZIP-XL-OGP,970.0,shopify,9,deny,manual,94.99,,true,true,,,,,ZIP-XL-OGP,,,,,,,,,,,,,,,,,,,,,,,,,,,,,,,,,,,,,,kg,,,
blue-zip,,,,,,,,,XL,,,No NFC,,,,,ZIP-XL-OG,970.0,shopify,7,deny,manual,89.99,,true,true,,,,,ZIP-XL-OG,,,,,,,,,,,,,,,,,,,,,,,,,,,,,,,,,,,,,,kg,,,
livraison-a-domicile,Livraison,<p>Produit créé pour gérer les corrections de livraison et les livraisons en avances.</p>,Noclout,Uncategorized,"","",false,Motif,Colissimo - Modification d'adresse,,,,,,,,"",500.0,,974,deny,manual,0.00,,true,false,,,,,"",https://cdn.shopify.com/s/files/1/0654/3828/6065/files/livraison_Icone.jpg?v=1732267340,1,"",false,,,,,,,,,,,,,,,,,,,,,,,,,,,,,,,,,,kg,,,draft
livraison-a-domicile,,,,,,,,,Colissimo - Livraison en avance,,,,,,,,"",500.0,,0,deny,manual,0.00,,true,false,,,,,"",,,,,,,,,,,,,,,,,,,,,,,,,,,,,,,,,,,,,,kg,,,
livraison-a-domicile,,,,,,,,,Colis non récupéré / Renvoi Chronopost,,,,,,,,"",500.0,,-1,deny,manual,4.00,,true,false,,,,,"",,,,,,,,,,,,,,,,,,,,,,,,,,,,,,,,,,,,,,kg,,,
pinky-zip-1,Pinky Zip,"<ul>
<li>
<p class=""p1"">Colors: white, pastel pink</p>
</li>
<li>
<p class=""p1"">350 gsm</p>
</li>
<li>
<p class=""p1"">80% cotton, 20% polyester</p>
</li>
<li>
<p class=""p1"">2 logos (embroidered + printed)</p>
</li>
<li>
<p class=""p1"">Every order includes exclusive goodies &lt;3</p>
</li>
</ul>",Noclout,Apparel & Accessories,"","",true,Size,XS,,NFC Option,NFC (+5€),,,,,ZIP-XS-PINKYP,790.0,shopify,17,deny,manual,94.99,,true,true,,,,,ZIP-XS-PINKYP,https://cdn.shopify.com/s/files/1/0654/3828/6065/files/Pinky_Zip_Face.jpg?v=1771509622,1,"",false,,,,,,,,,,,,,,,,,,,'6,,,,,,,,,,,,,,,kg,,,active
pinky-zip-1,,,,,,,,,XS,,,No NFC,,,,,ZIP-XS-PINKY,790.0,shopify,15,deny,manual,89.99,,true,true,,,,,ZIP-XS-PINKY,https://cdn.shopify.com/s/files/1/0654/3828/6065/files/PINKY_ZIP_4.jpg?v=1771509622,2,"",,,,,,,,,,,,,,,,,,,,,,,,,,,,,,,,,,,kg,,,
pinky-zip-1,,,,,,,,,S,,,NFC (+5€),,,,,ZIP-S-PINKYP,790.0,shopify,28,deny,manual,94.99,,true,true,,,,,ZIP-S-PINKYP,https://cdn.shopify.com/s/files/1/0654/3828/6065/files/1933.jpg?v=1771509622,3,"",,,,,,,,,,,,,,,,,,,,,,,,,,,,,,,,,,,kg,,,
pinky-zip-1,,,,,,,,,S,,,No NFC,,,,,ZIP-S-PINKY,790.0,shopify,27,deny,manual,89.99,,true,true,,,,,ZIP-S-PINKY,https://cdn.shopify.com/s/files/1/0654/3828/6065/files/1939.jpg?v=1771509622,4,"",,,,,,,,,,,,,,,,,,,,,,,,,,,,,,,,,,,kg,,,
pinky-zip-1,,,,,,,,,M,,,NFC (+5€),,,,,ZIP-M-PINKYP,880.0,shopify,26,deny,manual,94.99,,true,true,,,,,ZIP-M-PINKYP,https://cdn.shopify.com/s/files/1/0654/3828/6065/files/PINKY_ZIP_1.jpg?v=1771509622,5,"",,,,,,,,,,,,,,,,,,,,,,,,,,,,,,,,,,,kg,,,
pinky-zip-1,,,,,,,,,M,,,No NFC,,,,,ZIP-M-PINKY,790.0,shopify,26,deny,manual,89.99,,true,true,,,,,ZIP-M-PINKY,https://cdn.shopify.com/s/files/1/0654/3828/6065/files/PINKY_ZIP_2.jpg?v=1771509622,6,"",,,,,,,,,,,,,,,,,,,,,,,,,,,,,,,,,,,kg,,,
pinky-zip-1,,,,,,,,,L,,,NFC (+5€),,,,,ZIP-L-PINKYP,930.0,shopify,20,deny,manual,94.99,,true,true,,,,,ZIP-L-PINKYP,https://cdn.shopify.com/s/files/1/0654/3828/6065/files/PINKY_ZIP_3.jpg?v=1771509622,7,"",,,,,,,,,,,,,,,,,,,,,,,,,,,,,,,,,,,kg,,,
pinky-zip-1,,,,,,,,,L,,,No NFC,,,,,ZIP-L-PINKY,790.0,shopify,21,deny,manual,89.99,,true,true,,,,,ZIP-L-PINKY,,,,,,,,,,,,,,,,,,,,,,,,,,,,,,,,,,,,,,kg,,,
pinky-zip-1,,,,,,,,,XL,,,NFC (+5€),,,,,ZIP-XL-PINKYP,970.0,shopify,9,deny,manual,94.99,,true,true,,,,,ZIP-XL-PINKYP,,,,,,,,,,,,,,,,,,,,,,,,,,,,,,,,,,,,,,kg,,,
pinky-zip-1,,,,,,,,,XL,,,No NFC,,,,,ZIP-XL-PINKY,790.0,shopify,8,deny,manual,89.99,,true,true,,,,,ZIP-XL-PINKY,,,,,,,,,,,,,,,,,,,,,,,,,,,,,,,,,,,,,,kg,,,
hayai-brown-tee,Royal Tee,"<ul>
<li>
<p class=""p1"">Colors: blue, white</p>
</li>
<li>
<p class=""p1"">305 gsm</p>
</li>
<li>
<p class=""p1"">100% cotton</p>
</li>
<li>
<p class=""p1"">Back logo printed in classic screen print + puff print</p>
</li>
<li>
<p class=""p1"">Front logo embroidered</p>
</li>
<li>
<p class=""p1"">Every order includes exclusive goodies &lt;3</p>
</li>
</ul>",Noclout,Apparel & Accessories,"",test,true,Size,XS,,Price,Remaining stock - 22.99€,,,,,TEE-XS-ROYL,100.0,shopify,0,deny,manual,44.99,,true,true,,,,,"",https://cdn.shopify.com/s/files/1/0654/3828/6065/files/Royal_Tee_Dos_baa6b363-5a64-4627-b763-76fff437cdaf.jpg?v=1771415688,1,"",false,,,,,,,,,,,,,,,,,,,,,,,,,,,,,,,,,,kg,,,active
hayai-brown-tee,,,,,,,,,S,,,Remaining stock - 22.99€,,,,,TEE-S-ROYL,100.0,shopify,0,deny,manual,44.99,,true,true,,,,,"",https://cdn.shopify.com/s/files/1/0654/3828/6065/files/1943-ROYAL.jpg?v=1771415688,2,"",,,,,,,,,,,,,,,,,,,,,,,,,,,,,,,,,,,kg,,,
hayai-brown-tee,,,,,,,,,M,,,Remaining stock - 22.99€,,,,,TEE-M-ROYL,100.0,shopify,0,deny,manual,44.99,,true,true,,,,,"",https://cdn.shopify.com/s/files/1/0654/3828/6065/files/Royal_Tee_Face.jpg?v=1771415688,3,"",,,,,,,,,,,,,,,,,,,,,,,,,,,,,,,,,,,kg,,,
hayai-brown-tee,,,,,,,,,L,,,Remaining stock - 22.99€,,,,,TEE-L-ROYL,100.0,shopify,0,deny,manual,44.99,,true,true,,,,,"",https://cdn.shopify.com/s/files/1/0654/3828/6065/files/1946-ROYAL.jpg?v=1771415688,4,"",,,,,,,,,,,,,,,,,,,,,,,,,,,,,,,,,,,kg,,,
hayai-brown-tee,,,,,,,,,XL,,,Remaining stock - 22.99€,,,,,TEE-XL-ROYL,100.0,shopify,0,deny,manual,44.99,,true,true,,,,,"",https://cdn.shopify.com/s/files/1/0654/3828/6065/files/1951-ROYAL.jpg?v=1771415688,5,"",,,,,,,,,,,,,,,,,,,,,,,,,,,,,,,,,,,kg,,,
hayai-brown-tee,,,,,,,,,,,,,,,,,,,,,,,,,,,,,,,,https://cdn.shopify.com/s/files/1/0654/3828/6065/files/ROYAL_TEE_1.jpg?v=1771415688,6,"",,,,,,,,,,,,,,,,,,,,,,,,,,,,,,,,,,,,,,
hayai-brown-tee,,,,,,,,,,,,,,,,,,,,,,,,,,,,,,,,https://cdn.shopify.com/s/files/1/0654/3828/6065/files/ROYAL_TEE_2.jpg?v=1771415688,7,"",,,,,,,,,,,,,,,,,,,,,,,,,,,,,,,,,,,,,,
hayai-brown-tee,,,,,,,,,,,,,,,,,,,,,,,,,,,,,,,,https://cdn.shopify.com/s/files/1/0654/3828/6065/files/ROYAL_TEE_3.jpg?v=1771415688,8,"",,,,,,,,,,,,,,,,,,,,,,,,,,,,,,,,,,,,,,
